Joint,Per Task Avg,Model Name,Per Class,Stop Node,Params A,Params B
tensor(0.9653),tensor(0.9653),0_7_6,[tensor(0.9640), 0.0, 0.0, 0.0, 0.0, 0.0, tensor(0.9730), tensor(0.9590), 0.0, 0.0],21,0.0001,0.075
tensor(0.9567),tensor(0.9567),1_4_5,[0.0, tensor(0.9910), 0.0, 0.0, tensor(0.9360), tensor(0.9430), 0.0, 0.0, 0.0, 0.0],21,0.0001,0.075
tensor(0.9073),tensor(0.9073),2_5_6,[0.0, 0.0, tensor(0.8170), 0.0, 0.0, tensor(0.9420), tensor(0.9630), 0.0, 0.0, 0.0],21,0.0001,0.075
tensor(0.8983),tensor(0.8983),3_5_1,[0.0, tensor(0.9860), 0.0, tensor(0.7830), 0.0, tensor(0.9260), 0.0, 0.0, 0.0, 0.0],21,0.0001,0.075
tensor(0.8673),tensor(0.8673),3_5_4,[0.0, 0.0, 0.0, tensor(0.7480), tensor(0.9110), tensor(0.9430), 0.0, 0.0, 0.0, 0.0],21,0.0001,0.075
tensor(0.8707),tensor(0.8707),5_4_3,[0.0, 0.0, 0.0, tensor(0.7650), tensor(0.9150), tensor(0.9320), 0.0, 0.0, 0.0, 0.0],21,0.0001,0.075
tensor(0.9590),tensor(0.9590),5_8_7,[0.0, 0.0, 0.0, 0.0, 0.0, tensor(0.9600), 0.0, tensor(0.9380), tensor(0.9790), 0.0],21,0.0001,0.075
tensor(0.9563),tensor(0.9563),5_9_7,[0.0, 0.0, 0.0, 0.0, 0.0, tensor(0.9320), 0.0, tensor(0.9590), 0.0, tensor(0.9780)],21,0.0001,0.075
tensor(0.9113),tensor(0.9113),6_4_2,[0.0, 0.0, tensor(0.9160), 0.0, tensor(0.8960), 0.0, tensor(0.9220), 0.0, 0.0, 0.0],21,0.0001,0.075
tensor(0.9377),tensor(0.9377),6_5_7,[0.0, 0.0, 0.0, 0.0, 0.0, tensor(0.9440), tensor(0.9650), tensor(0.9040), 0.0, 0.0],21,0.0001,0.075
0.5878,0.8638333333333333,0.8316666666666667,0.896,3_5_1,5_8_7,0.0040552616119384766,match_tensors_permute,resnet20x4,21,0.0001,0.075
0.588,0.8636666666666666,0.832,0.8953333333333333,3_5_1,5_8_7,0.003305196762084961,match_tensors_permute,resnet20x4,21,0.0001,0.075
0.5612,0.8278333333333333,0.858,0.7976666666666666,0_7_6,5_9_7,0.003450632095336914,match_tensors_permute,resnet20x4,21,0.0001,0.075
0.5352,0.8138333333333334,0.8456666666666667,0.782,0_7_6,5_9_7,0.0036106109619140625,match_tensors_permute,resnet20x4,21,0.0001,0.075
0.6138,0.8171666666666666,0.871,0.7633333333333333,1_4_5,2_5_6,0.0039179325103759766,match_tensors_permute,resnet20x4,21,0.0001,0.075
0.6134,0.8168333333333333,0.8706666666666667,0.763,1_4_5,2_5_6,0.003535747528076172,match_tensors_permute,resnet20x4,21,0.0001,0.075
0.5018,0.73,0.7106666666666667,0.7493333333333333,5_4_3,6_5_7,0.0034437179565429688,match_tensors_permute,resnet20x4,21,0.0001,0.075
0.502,0.7355,0.7206666666666667,0.7503333333333333,5_4_3,6_5_7,0.003275632858276367,match_tensors_permute,resnet20x4,21,0.0001,0.075
0.867,0.867,0.867,3_5_4,0.0,None,resnet20x4,21,0.0001,0.075

