parent_a,parent_b,labels_a,labels_b,a_per_class,b_per_class,a_per_task,b_per_task,pre_joint,pre_per_task,pre_per_class,post_joint,post_per_task,post_task_a,post_task_b,post_per_class,regime,type_A,type_B,type_C,type_E,type_D_plus,type_D_minus,norm_ratio_min,norm_ratio_med,norm_ratio_max,typed_frac_mean,layers_analysed,time_s
09111d7d,1887bcd2,0_7_8,2_7_9,"[0.7740000486373901, 0.0, 0.0, 0.0, 0.0, 0.0, 0.0, 0.4820000231266022, 0.45100003480911255, 0.0]","[0.0, 0.0, 0.8840000629425049, 0.0, 0.0, 0.0, 0.0, 0.3330000042915344, 0.0, 0.5390000343322754]",0.5690000057220459,0.5853333473205566,0.3692,0.43733333333333335,"[0.612, null, 0.9, null, null, null, null, 0.054, 0.429, 0.575]",0.2006,0.7963333333333333,0.742,0.8506666666666667,"[0.671, null, 0.851, null, null, null, null, 0.81, 0.745, 0.891]",average@0.80@label+mut2,0.02472094857131245,0.09176184542505336,0.16878925277972026,0.2566994158143108,0.4145177500319542,0.043510787377648755,0.6179449605208897,0.694364573760993,0.8062347598383578,0.715300261694725,21,102.2
09111d7d,366f9057,0_7_8,3_5_9,"[0.7740000486373901, 0.0, 0.0, 0.0, 0.0, 0.0, 0.0, 0.4820000231266022, 0.45100003480911255, 0.0]","[0.0, 0.0, 0.0, 0.6830000281333923, 0.0, 0.4230000078678131, 0.0, 0.0, 0.0, 0.6110000014305115]",0.5690000057220459,0.5723333358764648,0.244,0.5291666666666667,"[0.609, null, null, 0.812, null, 0.221, null, 0.532, 0.435, 0.566]",0.09766666666666667,0.7803333333333333,0.813,0.7476666666666667,"[0.671, null, null, 0.54, null, 0.763, null, 0.931, 0.837, 0.94]",average@0.80@label+mut2,0.024315381173015314,0.029567070446433627,0.10470166769112761,0.3438348659489635,0.4593244946776393,0.03825652006282058,0.5549956523048196,0.6841754971788251,0.7307853727590087,0.7164535828469145,21,106.3
09111d7d,5ffed8da,0_7_8,6_8_9,"[0.7740000486373901, 0.0, 0.0, 0.0, 0.0, 0.0, 0.0, 0.4820000231266022, 0.45100003480911255, 0.0]","[0.0, 0.0, 0.0, 0.0, 0.0, 0.0, 0.9120000600814819, 0.0, 0.7490000128746033, 0.6790000200271606]",0.5690000057220459,0.7800000309944153,0.3402,0.6138333333333333,"[0.463, null, null, null, null, null, 0.769, 0.24, 0.74, 0.731]",0.1912,0.8906666666666667,0.8623333333333333,0.919,"[0.73, null, null, null, null, null, 0.97, 0.945, 0.912, 0.875]",average@0.80@label+mut2,0.04235597094798581,0.007398115088928562,0.0804609111499296,0.1374205782186174,0.6584280707447283,0.07393635384981023,0.636296303840547,0.6868735922484945,0.7475033363371172,0.7168729204836326,21,104.4
09111d7d,88ed44d1,0_7_8,3_6_7,"[0.7740000486373901, 0.0, 0.0, 0.0, 0.0, 0.0, 0.0, 0.4820000231266022, 0.45100003480911255, 0.0]","[0.0, 0.0, 0.0, 0.1810000091791153, 0.0, 0.0, 0.9600000381469727, 0.1340000033378601, 0.0, 0.0]",0.5690000057220459,0.42500004172325134,0.2856,0.42466666666666664,"[0.681, null, null, 0.21, null, null, 0.949, 0.123, 0.462, null]",0.1432,0.7838333333333334,0.7863333333333333,0.7813333333333333,"[0.717, null, null, 0.706, null, null, 0.817, 0.821, 0.821, null]",average@0.80@label+mut2,0.05735127047357886,0.024871071433346003,0.1255078659771317,0.17342946044226284,0.5852636500300217,0.033576681643658866,0.6404279788479492,0.7197498669415224,0.7557757801842491,0.7175611155291285,21,83.9
09111d7d,905afff7,0_7_8,3_5_6,"[0.7740000486373901, 0.0, 0.0, 0.0, 0.0, 0.0, 0.0, 0.4820000231266022, 0.45100003480911255, 0.0]","[0.0, 0.0, 0.0, 0.08700000494718552, 0.0, 0.026000000536441803, 0.9790000319480896, 0.0, 0.0, 0.0]",0.5690000057220459,0.36399999260902405,0.32166666666666666,0.43266666666666664,"[0.634, null, null, 0.139, null, 0.006, 0.977, 0.372, 0.468, null]",0.1305,0.7521666666666667,0.8256666666666667,0.6786666666666666,"[0.669, null, null, 0.584, null, 0.612, 0.84, 0.942, 0.866, null]",average@0.80@label+mut2,0.06320144269976885,0.012221788643394942,0.07959673441042495,0.12528059505440664,0.701418080741032,0.018281358450972788,0.6790309965678095,0.7461686264273233,0.7694691122401659,0.7135184273649782,21,76.2
09111d7d,be2e50e9,0_7_8,3_6_7,"[0.7740000486373901, 0.0, 0.0, 0.0, 0.0, 0.0, 0.0, 0.4820000231266022, 0.45100003480911255, 0.0]","[0.0, 0.0, 0.0, 0.26100000739097595, 0.0, 0.0, 0.9020000696182251, 0.34200000762939453, 0.0, 0.0]",0.5690000057220459,0.5016667246818542,0.2744,0.4226666666666667,"[0.645, null, null, 0.363, null, null, 0.857, 0.116, 0.439, null]",0.155,0.7635000000000001,0.7456666666666667,0.7813333333333333,"[0.604, null, null, 0.787, null, null, 0.785, 0.772, 0.861, null]",average@0.80@label+mut2,0.02033933018436182,0.02043148509727421,0.0642219651907188,0.2628525326147972,0.5924705563888607,0.03968413052398732,0.6334467849515591,0.7383780478401686,0.7684817460579342,0.7131901920896672,21,75.7
09111d7d,cb3a86af,0_7_8,1_6_7,"[0.7740000486373901, 0.0, 0.0, 0.0, 0.0, 0.0, 0.0, 0.4820000231266022, 0.45100003480911255, 0.0]","[0.0, 0.5400000214576721, 0.0, 0.0, 0.0, 0.0, 0.9630000591278076, 0.28700000047683716, 0.0, 0.0]",0.5690000057220459,0.5966666340827942,0.3674,0.5976666666666667,"[0.648, 0.504, null, null, null, null, 0.881, 0.518, 0.517, null]",0.2604,0.8791666666666667,0.8273333333333334,0.931,"[0.737, 0.952, null, null, null, null, 0.963, 0.878, 0.867, null]",average@0.80@label+mut2,0.01844160965270994,0.09394072785143301,0.21922277340393478,0.3681175790172121,0.28758259246881507,0.012694717605895122,0.7035367288913126,0.753957950894081,0.8267477261981966,0.7123675794683975,21,75.7
09111d7d,d8bd0bc0,0_7_8,4_5_7,"[0.7740000486373901, 0.0, 0.0, 0.0, 0.0, 0.0, 0.0, 0.4820000231266022, 0.45100003480911255, 0.0]","[0.0, 0.0, 0.0, 0.0, 0.6810000538825989, 0.64000004529953, 0.0, 0.12700000405311584, 0.0, 0.0]",0.5690000057220459,0.4826667010784149,0.3362,0.3958333333333333,"[0.496, null, null, null, 0.582, 0.68, null, 0.024, 0.569, null]",0.0984,0.7315,0.731,0.732,"[0.734, null, null, null, 0.742, 0.829, null, 0.625, 0.834, null]",average@0.80@label+mut2,0.005269417024581676,0.05240471160492071,0.18996408212246013,0.30362043834183505,0.42161319560472943,0.027128155301472896,0.6941293226099833,0.7234269468227069,0.798823658589799,0.7145775959363375,21,75.5
09111d7d,e1762771,0_7_8,1_2_4,"[0.7740000486373901, 0.0, 0.0, 0.0, 0.0, 0.0, 0.0, 0.4820000231266022, 0.45100003480911255, 0.0]","[0.0, 0.5320000052452087, 0.11600000411272049, 0.0, 0.9160000681877136, 0.0, 0.0, 0.0, 0.0, 0.0]",0.5690000057220459,0.5213333964347839,0.3045,0.48750000000000004,"[0.614, 0.37, 0.416, null, 0.619, null, null, 0.375, 0.531, null]",0.23583333333333334,0.8026666666666666,0.8093333333333333,0.796,"[0.638, 0.954, 0.64, null, 0.794, null, null, 0.929, 0.861, null]",average@0.80@label+mut2,0.017744939640365606,0.07133986198633109,0.0554983818458464,0.27808442926001353,0.5547349143767291,0.02259747289071429,0.7085869071584409,0.7428083022779194,0.7942654816632643,0.7180987565336269,21,76.0
1887bcd2,366f9057,2_7_9,3_5_9,"[0.0, 0.0, 0.8840000629425049, 0.0, 0.0, 0.0, 0.0, 0.3330000042915344, 0.0, 0.5390000343322754]","[0.0, 0.0, 0.0, 0.6830000281333923, 0.0, 0.4230000078678131, 0.0, 0.0, 0.0, 0.6110000014305115]",0.5853333473205566,0.5723333358764648,0.2364,0.43933333333333335,"[null, null, 0.808, 0.851, null, 0.191, null, 0.18, null, 0.303]",0.1356,0.8033333333333332,0.8653333333333333,0.7413333333333333,"[null, null, 0.868, 0.661, null, 0.617, null, 0.782, null, 0.946]",average@0.80@label+mut2,0.001803299272599338,0.015649669332109283,0.12617801282245,0.2898857534406906,0.5168361161244174,0.049647149007733614,0.6544421697370795,0.6924763405556816,0.8265196759054343,0.72448384131052,21,75.6
1887bcd2,5ffed8da,2_7_9,6_8_9,"[0.0, 0.0, 0.8840000629425049, 0.0, 0.0, 0.0, 0.0, 0.3330000042915344, 0.0, 0.5390000343322754]","[0.0, 0.0, 0.0, 0.0, 0.0, 0.0, 0.9120000600814819, 0.0, 0.7490000128746033, 0.6790000200271606]",0.5853333473205566,0.7800000309944153,0.4212,0.6548333333333334,"[null, null, 0.857, null, null, null, 0.915, 0.077, 0.734, 0.673]",0.1204,0.8906666666666667,0.8623333333333333,0.919,"[null, null, 0.883, null, null, null, 0.967, 0.813, 0.899, 0.891]",average@0.80@label+mut2,0.026115480068007457,0.011095071988985157,0.11039663217885247,0.20892571576210475,0.5712270079578357,0.07224009204421446,0.7108745090238577,0.7413791085755193,0.8499175614279638,0.7270053112928624,21,75.8
1887bcd2,88ed44d1,2_7_9,3_6_7,"[0.0, 0.0, 0.8840000629425049, 0.0, 0.0, 0.0, 0.0, 0.3330000042915344, 0.0, 0.5390000343322754]","[0.0, 0.0, 0.0, 0.1810000091791153, 0.0, 0.0, 0.9600000381469727, 0.1340000033378601, 0.0, 0.0]",0.5853333473205566,0.42500004172325134,0.2198,0.5343333333333333,"[null, null, 0.939, 0.132, null, null, 0.942, 0.327, null, 0.539]",0.1562,0.8133333333333334,0.8533333333333334,0.7733333333333333,"[null, null, 0.887, 0.697, null, null, 0.851, 0.772, null, 0.901]",average@0.80@label+mut2,0.019110196730914027,0.02111970827531603,0.1398849169846226,0.19768522553116316,0.5813375858097868,0.04086236666819757,0.6898460687209894,0.7361874046723927,0.8998855579476749,0.7230152864931961,21,75.7
1887bcd2,905afff7,2_7_9,3_5_6,"[0.0, 0.0, 0.8840000629425049, 0.0, 0.0, 0.0, 0.0, 0.3330000042915344, 0.0, 0.5390000343322754]","[0.0, 0.0, 0.0, 0.08700000494718552, 0.0, 0.026000000536441803, 0.9790000319480896, 0.0, 0.0, 0.0]",0.5853333473205566,0.36399999260902405,0.2986666666666667,0.4475,"[null, null, 0.907, 0.119, null, 0.02, 0.974, 0.187, null, 0.478]",0.16483333333333333,0.7616666666666667,0.8546666666666667,0.6686666666666666,"[null, null, 0.875, 0.477, null, 0.715, 0.814, 0.769, null, 0.92]",average@0.80@label+mut2,0.03230935744774598,0.04475042381369914,0.09579711556401632,0.13899919635361022,0.6565357230372586,0.031608183783669676,0.7101315382821466,0.7385371171401726,0.9297258053552048,0.7207454141472872,21,76.1
1887bcd2,be2e50e9,2_7_9,3_6_7,"[0.0, 0.0, 0.8840000629425049, 0.0, 0.0, 0.0, 0.0, 0.3330000042915344, 0.0, 0.5390000343322754]","[0.0, 0.0, 0.0, 0.26100000739097595, 0.0, 0.0, 0.9020000696182251, 0.34200000762939453, 0.0, 0.0]",0.5853333473205566,0.5016667246818542,0.249,0.5366666666666666,"[null, null, 0.908, 0.241, null, null, 0.884, 0.371, null, 0.445]",0.1556,0.8191666666666666,0.8553333333333333,0.783,"[null, null, 0.878, 0.762, null, null, 0.824, 0.763, null, 0.925]",average@0.80@label+mut2,0.010569112854647726,0.013501780535367646,0.07559013648931226,0.33996489357992365,0.5225091402291788,0.03786493631156996,0.7068521315493115,0.7472706857011961,0.8072011789394157,0.7178851173989199,21,75.6
1887bcd2,cb3a86af,2_7_9,1_6_7,"[0.0, 0.0, 0.8840000629425049, 0.0, 0.0, 0.0, 0.0, 0.3330000042915344, 0.0, 0.5390000343322754]","[0.0, 0.5400000214576721, 0.0, 0.0, 0.0, 0.0, 0.9630000591278076, 0.28700000047683716, 0.0, 0.0]",0.5853333473205566,0.5966666340827942,0.323,0.6776666666666666,"[null, 0.331, 0.94, null, null, null, 0.88, 0.663, null, 0.589]",0.3264,0.9205,0.9026666666666666,0.9383333333333334,"[null, 0.959, 0.886, null, null, null, 0.937, 0.919, null, 0.903]",average@0.80@label+mut2,0.055654986824222354,0.03359941170001017,0.1993681006001344,0.2558238875633321,0.4187775998231301,0.036776013489170985,0.6758259856186968,0.7132423637994839,0.816629080186059,0.7195062402735861,21,75.8
1887bcd2,d8bd0bc0,2_7_9,4_5_7,"[0.0, 0.0, 0.8840000629425049, 0.0, 0.0, 0.0, 0.0, 0.3330000042915344, 0.0, 0.5390000343322754]","[0.0, 0.0, 0.0, 0.0, 0.6810000538825989, 0.64000004529953, 0.0, 0.12700000405311584, 0.0, 0.0]",0.5853333473205566,0.4826667010784149,0.262,0.43916666666666665,"[null, null, 0.906, null, 0.356, 0.885, null, 0.016, null, 0.456]",0.1248,0.7813333333333333,0.8266666666666667,0.736,"[null, null, 0.861, null, 0.674, 0.817, null, 0.717, null, 0.902]",average@0.80@label+mut2,0.011800496033153375,0.03550329878653512,0.12256421117474724,0.20188076135747718,0.6096982326001786,0.01855300004790864,0.684421906951464,0.7548329046295902,0.9061427072475006,0.7201323831651395,21,75.2
1887bcd2,e1762771,2_7_9,1_2_4,"[0.0, 0.0, 0.8840000629425049, 0.0, 0.0, 0.0, 0.0, 0.3330000042915344, 0.0, 0.5390000343322754]","[0.0, 0.5320000052452087, 0.11600000411272049, 0.0, 0.9160000681877136, 0.0, 0.0, 0.0, 0.0, 0.0]",0.5853333473205566,0.5213333964347839,0.3064,0.5166666666666666,"[null, 0.361, 0.451, null, 0.495, null, null, 0.705, null, 0.637]",0.3242,0.798,0.7913333333333333,0.8046666666666666,"[null, 0.967, 0.64, null, 0.807, null, null, 0.809, null, 0.925]",average@0.80@label+mut2,0.008518315785502594,0.01241052756494681,0.05616559482894926,0.27328612833121213,0.6217350279685695,0.0278844055208196,0.685114996980885,0.726941913181658,0.8994624397784058,0.7243494392362195,21,75.7
366f9057,5ffed8da,3_5_9,6_8_9,"[0.0, 0.0, 0.0, 0.6830000281333923, 0.0, 0.4230000078678131, 0.0, 0.0, 0.0, 0.6110000014305115]","[0.0, 0.0, 0.0, 0.0, 0.0, 0.0, 0.9120000600814819, 0.0, 0.7490000128746033, 0.6790000200271606]",0.5723333358764648,0.7800000309944153,0.4196,0.6743333333333333,"[null, null, null, 0.811, null, 0.232, 0.839, null, 0.494, 0.835]",0.0702,0.8180000000000001,0.7166666666666667,0.9193333333333333,"[null, null, null, 0.664, null, 0.618, 0.976, null, 0.914, 0.868]",average@0.80@label+mut2,0.00717887192965118,0.025434637646157672,0.2578287144571671,0.4438606404069122,0.2224344375983232,0.04326269796178863,0.6777563775867645,0.7124431624170385,0.7978310215700649,0.7234835268998254,21,75.3
366f9057,88ed44d1,3_5_9,3_6_7,"[0.0, 0.0, 0.0, 0.6830000281333923, 0.0, 0.4230000078678131, 0.0, 0.0, 0.0, 0.6110000014305115]","[0.0, 0.0, 0.0, 0.1810000091791153, 0.0, 0.0, 0.9600000381469727, 0.1340000033378601, 0.0, 0.0]",0.5723333358764648,0.42500004172325134,0.4036,0.591,"[null, null, null, 0.601, null, 0.721, 0.78, 0.065, null, 0.778]",0.1468,0.792,0.7986666666666666,0.7853333333333333,"[null, null, null, 0.729, null, 0.715, 0.853, 0.774, null, 0.952]",average@0.80@label+mut2,0.001895130485867214,0.04327066887364879,0.12194636558271682,0.2622350704035927,0.5458069967260991,0.024845767928075427,0.7150073521244533,0.7489842502186456,0.8446543597686831,0.7249316292024941,21,80.6
366f9057,905afff7,3_5_9,3_5_6,"[0.0, 0.0, 0.0, 0.6830000281333923, 0.0, 0.4230000078678131, 0.0, 0.0, 0.0, 0.6110000014305115]","[0.0, 0.0, 0.0, 0.08700000494718552, 0.0, 0.026000000536441803, 0.9790000319480896, 0.0, 0.0, 0.0]",0.5723333358764648,0.36399999260902405,0.282,0.38166666666666665,"[null, null, null, 0.411, null, 0.031, 0.821, null, null, 0.585]",0.17325,0.6779999999999999,0.698,0.658,"[null, null, null, 0.509, null, 0.64, 0.825, null, null, 0.945]",average@0.80@label+mut2,0.0473324297925499,0.04261657029964097,0.10105462533735737,0.2186588130805325,0.5653700270389561,0.024967534450963343,0.678741879080019,0.741904468804838,0.8824758338925509,0.7252780122059157,21,74.8
366f9057,be2e50e9,3_5_9,3_6_7,"[0.0, 0.0, 0.0, 0.6830000281333923, 0.0, 0.4230000078678131, 0.0, 0.0, 0.0, 0.6110000014305115]","[0.0, 0.0, 0.0, 0.26100000739097595, 0.0, 0.0, 0.9020000696182251, 0.34200000762939453, 0.0, 0.0]",0.5723333358764648,0.5016667246818542,0.3722,0.5528333333333333,"[null, null, null, 0.452, null, 0.603, 0.787, 0.314, null, 0.709]",0.2306,0.7681666666666667,0.759,0.7773333333333333,"[null, null, null, 0.788, null, 0.548, 0.806, 0.738, null, 0.941]",average@0.80@label+mut2,0.005679359159907672,0.011536913053346198,0.0861959678478367,0.2917387957049314,0.5639301704336542,0.04091879380032388,0.7226445006006967,0.751925982568483,0.7881033204101231,0.7198400490723845,21,75.5
366f9057,cb3a86af,3_5_9,1_6_7,"[0.0, 0.0, 0.0, 0.6830000281333923, 0.0, 0.4230000078678131, 0.0, 0.0, 0.0, 0.6110000014305115]","[0.0, 0.5400000214576721, 0.0, 0.0, 0.0, 0.0, 0.9630000591278076, 0.28700000047683716, 0.0, 0.0]",0.5723333358764648,0.5966666340827942,0.31766666666666665,0.5700000000000001,"[null, 0.429, null, 0.577, null, 0.515, 0.937, 0.378, null, 0.584]",0.2545,0.8343333333333334,0.7456666666666667,0.923,"[null, 0.946, null, 0.586, null, 0.704, 0.952, 0.871, null, 0.947]",average@0.80@label+mut2,0.0359184707449591,0.013944106592368073,0.08733756756348217,0.14299503396047344,0.6947083074391576,0.025096513699559602,0.6693696299790648,0.7410181120879602,0.8483530451834309,0.7224375549049596,21,75.9
366f9057,d8bd0bc0,3_5_9,4_5_7,"[0.0, 0.0, 0.0, 0.6830000281333923, 0.0, 0.4230000078678131, 0.0, 0.0, 0.0, 0.6110000014305115]","[0.0, 0.0, 0.0, 0.0, 0.6810000538825989, 0.64000004529953, 0.0, 0.12700000405311584, 0.0, 0.0]",0.5723333358764648,0.4826667010784149,0.3034,0.5658333333333333,"[null, null, null, 0.783, 0.59, 0.658, null, 0.19, null, 0.516]",0.187,0.7455,0.7773333333333333,0.7136666666666667,"[null, null, null, 0.567, 0.684, 0.826, null, 0.631, null, 0.939]",average@0.80@label+mut2,0.0248874499434288,0.04734179645564692,0.09533397662067868,0.22777026678054516,0.588183599768772,0.01648291043092822,0.6782704980982375,0.7293645569128923,0.8912648952941591,0.7177175131414251,21,75.8
366f9057,e1762771,3_5_9,1_2_4,"[0.0, 0.0, 0.0, 0.6830000281333923, 0.0, 0.4230000078678131, 0.0, 0.0, 0.0, 0.6110000014305115]","[0.0, 0.5320000052452087, 0.11600000411272049, 0.0, 0.9160000681877136, 0.0, 0.0, 0.0, 0.0, 0.0]",0.5723333358764648,0.5213333964347839,0.2713333333333333,0.5051666666666667,"[null, 0.308, 0.335, 0.744, 0.699, 0.312, null, null, null, 0.633]",0.18533333333333332,0.768,0.7433333333333333,0.7926666666666666,"[null, 0.959, 0.67, 0.543, 0.749, 0.734, null, null, null, 0.953]",average@0.80@label+mut2,0.0024152732443281,0.010621239089879709,0.10030068022841268,0.17905055072382975,0.6919694690576472,0.015642787655902424,0.5655571979845654,0.7186003366089191,0.7477843900129661,0.7266403836194838,21,75.8
5ffed8da,88ed44d1,6_8_9,3_6_7,"[0.0, 0.0, 0.0, 0.0, 0.0, 0.0, 0.9120000600814819, 0.0, 0.7490000128746033, 0.6790000200271606]","[0.0, 0.0, 0.0, 0.1810000091791153, 0.0, 0.0, 0.9600000381469727, 0.1340000033378601, 0.0, 0.0]",0.7800000309944153,0.42500004172325134,0.4342,0.613,"[null, null, null, 0.212, null, null, 0.918, 0.177, 0.691, 0.762]",0.129,0.8380000000000001,0.8816666666666667,0.7943333333333333,"[null, null, null, 0.715, null, null, 0.848, 0.82, 0.905, 0.892]",average@0.80@label+mut2,0.005352715064666376,0.006729800132366542,0.06905393375039333,0.18832253794779316,0.6503281697141267,0.08021284339065414,0.6949715543345344,0.7508022040327934,0.8389456847044341,0.725064165104325,21,75.5
5ffed8da,905afff7,6_8_9,3_5_6,"[0.0, 0.0, 0.0, 0.0, 0.0, 0.0, 0.9120000600814819, 0.0, 0.7490000128746033, 0.6790000200271606]","[0.0, 0.0, 0.0, 0.08700000494718552, 0.0, 0.026000000536441803, 0.9790000319480896, 0.0, 0.0, 0.0]",0.7800000309944153,0.36399999260902405,0.3718,0.592,"[null, null, null, 0.415, null, 0.031, 0.861, null, 0.73, 0.654]",0.116,0.7618333333333334,0.8736666666666667,0.65,"[null, null, null, 0.4, null, 0.716, 0.834, null, 0.933, 0.854]",average@0.80@label+mut2,0.004192314926024138,0.004246574657477604,0.136876924077691,0.1672681708357481,0.6287242037860933,0.05869181171696597,0.7009943591743957,0.7472793195136518,0.8396260578085697,0.7227832857127628,21,80.5
5ffed8da,be2e50e9,6_8_9,3_6_7,"[0.0, 0.0, 0.0, 0.0, 0.0, 0.0, 0.9120000600814819, 0.0, 0.7490000128746033, 0.6790000200271606]","[0.0, 0.0, 0.0, 0.26100000739097595, 0.0, 0.0, 0.9020000696182251, 0.34200000762939453, 0.0, 0.0]",0.7800000309944153,0.5016667246818542,0.402,0.6586666666666667,"[null, null, null, 0.291, null, null, 0.828, 0.596, 0.661, 0.748]",0.1144,0.8203333333333334,0.8656666666666667,0.775,"[null, null, null, 0.74, null, null, 0.834, 0.751, 0.918, 0.845]",average@0.80@label+mut2,0.018130827117765196,0.014537621590721958,0.0807705984397294,0.20807600293031894,0.5386875365571859,0.13979741336427862,0.7326108257771219,0.7605978545344998,0.820446996911907,0.7226099621945931,21,75.4
5ffed8da,cb3a86af,6_8_9,1_6_7,"[0.0, 0.0, 0.0, 0.0, 0.0, 0.0, 0.9120000600814819, 0.0, 0.7490000128746033, 0.6790000200271606]","[0.0, 0.5400000214576721, 0.0, 0.0, 0.0, 0.0, 0.9630000591278076, 0.28700000047683716, 0.0, 0.0]",0.7800000309944153,0.5966666340827942,0.4396,0.6848333333333333,"[null, 0.433, null, null, null, null, 0.923, 0.381, 0.694, 0.755]",0.325,0.9253333333333333,0.9193333333333333,0.9313333333333333,"[null, 0.958, null, null, null, null, 0.968, 0.868, 0.925, 0.865]",average@0.80@label+mut2,0.0030959236689746066,0.011266981866533765,0.1660255743711014,0.12472125381833407,0.6531875733496272,0.041702692925429094,0.6945285181131594,0.7282102952211613,0.8059244250076059,0.7179217484334187,21,75.9
5ffed8da,d8bd0bc0,6_8_9,4_5_7,"[0.0, 0.0, 0.0, 0.0, 0.0, 0.0, 0.9120000600814819, 0.0, 0.7490000128746033, 0.6790000200271606]","[0.0, 0.0, 0.0, 0.0, 0.6810000538825989, 0.64000004529953, 0.0, 0.12700000405311584, 0.0, 0.0]",0.7800000309944153,0.4826667010784149,0.3885,0.5976666666666667,"[null, null, null, null, 0.261, 0.848, 0.864, 0.192, 0.633, 0.788]",0.15433333333333332,0.8098333333333334,0.9093333333333333,0.7103333333333334,"[null, null, null, null, 0.682, 0.788, 0.963, 0.661, 0.909, 0.856]",average@0.80@label+mut2,0.029343681318751588,0.005889580297722058,0.1613814225727345,0.16101236164489602,0.5527046903023037,0.08966826386359207,0.6880634548607099,0.730008410421641,0.7960214062800732,0.7231597907602884,21,77.2
5ffed8da,e1762771,6_8_9,1_2_4,"[0.0, 0.0, 0.0, 0.0, 0.0, 0.0, 0.9120000600814819, 0.0, 0.7490000128746033, 0.6790000200271606]","[0.0, 0.5320000052452087, 0.11600000411272049, 0.0, 0.9160000681877136, 0.0, 0.0, 0.0, 0.0, 0.0]",0.7800000309944153,0.5213333964347839,0.395,0.5986666666666667,"[null, 0.322, 0.466, null, 0.537, null, 0.813, null, 0.671, 0.783]",0.1735,0.8536666666666666,0.9076666666666666,0.7996666666666666,"[null, 0.959, 0.7, null, 0.74, null, 0.973, null, 0.901, 0.849]",average@0.80@label+mut2,0.04452298775548434,0.01285153359686346,0.18149006264471448,0.23902947760746254,0.4583727284621426,0.06373320993333254,0.6881295509154236,0.718691700941836,0.8829508802626144,0.7231187413659224,21,76.3
88ed44d1,905afff7,3_6_7,3_5_6,"[0.0, 0.0, 0.0, 0.1810000091791153, 0.0, 0.0, 0.9600000381469727, 0.1340000033378601, 0.0, 0.0]","[0.0, 0.0, 0.0, 0.08700000494718552, 0.0, 0.026000000536441803, 0.9790000319480896, 0.0, 0.0, 0.0]",0.42500004172325134,0.36399999260902405,0.281,0.3923333333333333,"[null, null, null, 0.179, null, 0.107, 0.938, 0.013, null, null]",0.28725,0.6776666666666666,0.6913333333333334,0.664,"[null, null, null, 0.491, null, 0.69, 0.811, 0.772, null, null]",average@0.80@label+mut2,0.002953193523216756,0.006376619486305943,0.24410298233743324,0.20207445744366012,0.5356922181768979,0.008800529032486102,0.6991560273291858,0.7924869242634799,0.9350416385544842,0.7215459186011999,21,75.2
88ed44d1,be2e50e9,3_6_7,3_6_7,"[0.0, 0.0, 0.0, 0.1810000091791153, 0.0, 0.0, 0.9600000381469727, 0.1340000033378601, 0.0, 0.0]","[0.0, 0.0, 0.0, 0.26100000739097595, 0.0, 0.0, 0.9020000696182251, 0.34200000762939453, 0.0, 0.0]",0.42500004172325134,0.5016667246818542,0.473,0.47633333333333333,"[null, null, null, 0.296, null, null, 0.905, 0.228, null, null]",0.18366666666666667,0.773,0.773,0.773,"[null, null, null, 0.759, null, null, 0.819, 0.741, null, null]",average@0.80@label+mut2,0.04623989248674284,0.006970732181648965,0.1373956462086199,0.18078030937157477,0.5873429583446462,0.04127046140676738,0.6973796016247656,0.7424343903528731,0.7942955960738881,0.7185518171797545,21,74.5
88ed44d1,cb3a86af,3_6_7,1_6_7,"[0.0, 0.0, 0.0, 0.1810000091791153, 0.0, 0.0, 0.9600000381469727, 0.1340000033378601, 0.0, 0.0]","[0.0, 0.5400000214576721, 0.0, 0.0, 0.0, 0.0, 0.9630000591278076, 0.28700000047683716, 0.0, 0.0]",0.42500004172325134,0.5966666340827942,0.3605,0.5453333333333333,"[null, 0.193, null, 0.309, null, null, 0.943, 0.442, null, null]",0.3215,0.8888333333333334,0.8523333333333334,0.9253333333333333,"[null, 0.94, null, 0.721, null, null, 0.947, 0.889, null, null]",average@0.80@label+mut2,0.002305218950269853,0.01708670828529283,0.126919775535145,0.1883340449122477,0.6287098572995007,0.036644395017543956,0.6777434605851016,0.7091838430561803,0.7361547032954017,0.7172615608147836,21,75.7
88ed44d1,d8bd0bc0,3_6_7,4_5_7,"[0.0, 0.0, 0.0, 0.1810000091791153, 0.0, 0.0, 0.9600000381469727, 0.1340000033378601, 0.0, 0.0]","[0.0, 0.0, 0.0, 0.0, 0.6810000538825989, 0.64000004529953, 0.0, 0.12700000405311584, 0.0, 0.0]",0.42500004172325134,0.4826667010784149,0.2978,0.39749999999999996,"[null, null, null, 0.12, 0.441, 0.812, 0.942, 0.035, null, null]",0.2032,0.7478333333333333,0.7563333333333333,0.7393333333333333,"[null, null, null, 0.782, 0.692, 0.864, 0.825, 0.662, null, null]",average@0.80@label+mut2,0.023069772965189386,0.020045119460908756,0.050349762980767175,0.20882512696057295,0.6765817756900909,0.021128441942470804,0.6894266192023958,0.7364315645322494,0.876367416227641,0.7212412283835229,21,75.7
88ed44d1,e1762771,3_6_7,1_2_4,"[0.0, 0.0, 0.0, 0.1810000091791153, 0.0, 0.0, 0.9600000381469727, 0.1340000033378601, 0.0, 0.0]","[0.0, 0.5320000052452087, 0.11600000411272049, 0.0, 0.9160000681877136, 0.0, 0.0, 0.0, 0.0, 0.0]",0.42500004172325134,0.5213333964347839,0.256,0.46199999999999997,"[null, 0.405, 0.285, 0.242, 0.748, null, 0.924, 0.168, null, null]",0.29633333333333334,0.8058333333333333,0.7896666666666666,0.822,"[null, 0.964, 0.772, 0.761, 0.73, null, 0.828, 0.78, null, null]",average@0.80@label+mut2,0.028120444906759162,0.03167680528200305,0.11462290914796333,0.2244765194352807,0.5649249003922008,0.03617842083579306,0.6949907673828826,0.7344802497748675,0.8486725875254508,0.7216111862929887,21,76.1
905afff7,be2e50e9,3_5_6,3_6_7,"[0.0, 0.0, 0.0, 0.08700000494718552, 0.0, 0.026000000536441803, 0.9790000319480896, 0.0, 0.0, 0.0]","[0.0, 0.0, 0.0, 0.26100000739097595, 0.0, 0.0, 0.9020000696182251, 0.34200000762939453, 0.0, 0.0]",0.36399999260902405,0.5016667246818542,0.3785,0.43566666666666665,"[null, null, null, 0.241, null, 0.05, 0.934, 0.214, null, null]",0.24125,0.7413333333333334,0.719,0.7636666666666667,"[null, null, null, 0.711, null, 0.624, 0.822, 0.758, null, null]",average@0.80@label+mut2,0.01887874688041037,0.058068567117658614,0.18685138209722257,0.3050943968962986,0.3979089234092348,0.03319798359917504,0.7163193328169573,0.7432320639942108,0.7781063332134184,0.721618151400615,21,75.1
905afff7,cb3a86af,3_5_6,1_6_7,"[0.0, 0.0, 0.0, 0.08700000494718552, 0.0, 0.026000000536441803, 0.9790000319480896, 0.0, 0.0, 0.0]","[0.0, 0.5400000214576721, 0.0, 0.0, 0.0, 0.0, 0.9630000591278076, 0.28700000047683716, 0.0, 0.0]",0.36399999260902405,0.5966666340827942,0.2606,0.4721666666666667,"[null, 0.319, null, 0.44, null, 0.021, 0.99, 0.073, null, null]",0.2034,0.8238333333333333,0.721,0.9266666666666666,"[null, 0.95, null, 0.561, null, 0.654, 0.948, 0.882, null, null]",average@0.80@label+mut2,0.007090914827315579,0.022339728330495252,0.06235569987026888,0.116530942437894,0.7579960746568353,0.03368663987719117,0.6811682297552776,0.7139270371143845,0.8656028864628584,0.7117708761248562,21,75.5
905afff7,d8bd0bc0,3_5_6,4_5_7,"[0.0, 0.0, 0.0, 0.08700000494718552, 0.0, 0.026000000536441803, 0.9790000319480896, 0.0, 0.0, 0.0]","[0.0, 0.0, 0.0, 0.0, 0.6810000538825989, 0.64000004529953, 0.0, 0.12700000405311584, 0.0, 0.0]",0.36399999260902405,0.4826667010784149,0.2748,0.4615,"[null, null, null, 0.163, 0.775, 0.328, 0.965, 0.21, null, null]",0.1618,0.7133333333333334,0.6956666666666667,0.731,"[null, null, null, 0.406, 0.687, 0.84, 0.841, 0.666, null, null]",average@0.80@label+mut2,0.018177845976288166,0.01267852140286439,0.13619683453665776,0.14524365043692655,0.6669582252936437,0.02074492235361938,0.704963587608081,0.743469958404737,0.9320228991639357,0.7191512255748432,21,75.8
905afff7,e1762771,3_5_6,1_2_4,"[0.0, 0.0, 0.0, 0.08700000494718552, 0.0, 0.026000000536441803, 0.9790000319480896, 0.0, 0.0, 0.0]","[0.0, 0.5320000052452087, 0.11600000411272049, 0.0, 0.9160000681877136, 0.0, 0.0, 0.0, 0.0, 0.0]",0.36399999260902405,0.5213333964347839,0.27516666666666667,0.42233333333333334,"[null, 0.38, 0.628, 0.279, 0.313, 0.007, 0.927, null, null, null]",0.24466666666666667,0.7506666666666667,0.687,0.8143333333333334,"[null, 0.968, 0.714, 0.475, 0.761, 0.724, 0.862, null, null, null]",average@0.80@label+mut2,0.003837889247897674,0.07650406892286868,0.13362998202983947,0.2231537169585163,0.5258966154082417,0.036977727432636,0.6752590715118452,0.7350361820469634,0.8496740072952522,0.7240453978875854,21,76.4
be2e50e9,cb3a86af,3_6_7,1_6_7,"[0.0, 0.0, 0.0, 0.26100000739097595, 0.0, 0.0, 0.9020000696182251, 0.34200000762939453, 0.0, 0.0]","[0.0, 0.5400000214576721, 0.0, 0.0, 0.0, 0.0, 0.9630000591278076, 0.28700000047683716, 0.0, 0.0]",0.5016667246818542,0.5966666340827942,0.38425,0.5783333333333334,"[null, 0.167, null, 0.411, null, null, 0.916, 0.53, null, null]",0.32825,0.892,0.856,0.928,"[null, 0.947, null, 0.731, null, null, 0.957, 0.88, null, null]",average@0.80@label+mut2,0.036871273447281215,0.004998040861542572,0.20768960361227612,0.24278654490550688,0.4655636950806319,0.04209084209276144,0.6923395742210451,0.7237287350541765,0.7510561079871434,0.7170613589482843,21,75.6
be2e50e9,d8bd0bc0,3_6_7,4_5_7,"[0.0, 0.0, 0.0, 0.26100000739097595, 0.0, 0.0, 0.9020000696182251, 0.34200000762939453, 0.0, 0.0]","[0.0, 0.0, 0.0, 0.0, 0.6810000538825989, 0.64000004529953, 0.0, 0.12700000405311584, 0.0, 0.0]",0.5016667246818542,0.4826667010784149,0.3216,0.4275,"[null, null, null, 0.231, 0.434, 0.74, 0.882, 0.139, null, null]",0.2404,0.7138333333333333,0.7233333333333334,0.7043333333333334,"[null, null, null, 0.732, 0.701, 0.758, 0.784, 0.654, null, null]",average@0.80@label+mut2,0.018550834357855175,0.06494467763435047,0.11260308493229826,0.31869232459802377,0.42907769087068587,0.05613138760678643,0.6755042939732536,0.6960842430600394,0.7552447978443285,0.7179043502030824,21,76.0
be2e50e9,e1762771,3_6_7,1_2_4,"[0.0, 0.0, 0.0, 0.26100000739097595, 0.0, 0.0, 0.9020000696182251, 0.34200000762939453, 0.0, 0.0]","[0.0, 0.5320000052452087, 0.11600000411272049, 0.0, 0.9160000681877136, 0.0, 0.0, 0.0, 0.0, 0.0]",0.5016667246818542,0.5213333964347839,0.27666666666666667,0.486,"[null, 0.356, 0.174, 0.327, 0.86, null, 0.853, 0.346, null, null]",0.24516666666666667,0.8031666666666666,0.7883333333333333,0.818,"[null, 0.957, 0.757, 0.801, 0.74, null, 0.799, 0.765, null, null]",average@0.80@label+mut2,0.011427833332419965,0.02493449389435122,0.10994292649606437,0.2228964374306631,0.5911862892654155,0.03961201958108604,0.7149651982104037,0.753884543035738,0.8396245284024769,0.7181926505852738,21,77.6
cb3a86af,d8bd0bc0,1_6_7,4_5_7,"[0.0, 0.5400000214576721, 0.0, 0.0, 0.0, 0.0, 0.9630000591278076, 0.28700000047683716, 0.0, 0.0]","[0.0, 0.0, 0.0, 0.0, 0.6810000538825989, 0.64000004529953, 0.0, 0.12700000405311584, 0.0, 0.0]",0.5966666340827942,0.4826667010784149,0.2778,0.379,"[null, 0.115, null, null, 0.395, 0.854, 0.872, 0.019, null, null]",0.2086,0.7826666666666666,0.843,0.7223333333333334,"[null, 0.946, null, null, 0.724, 0.82, 0.96, 0.623, null, null]",average@0.80@label+mut2,0.07735052436767474,0.025169684283434482,0.16055186698418253,0.26600519354169455,0.4146655311144172,0.05625719970859633,0.6761149548867211,0.714682777821377,0.8901077331782588,0.713538289953299,21,76.2
cb3a86af,e1762771,1_6_7,1_2_4,"[0.0, 0.5400000214576721, 0.0, 0.0, 0.0, 0.0, 0.9630000591278076, 0.28700000047683716, 0.0, 0.0]","[0.0, 0.5320000052452087, 0.11600000411272049, 0.0, 0.9160000681877136, 0.0, 0.0, 0.0, 0.0, 0.0]",0.5966666340827942,0.5213333964347839,0.2832,0.48183333333333334,"[null, 0.319, 0.695, null, 0.258, null, 0.937, 0.363, null, null]",0.3152,0.8826666666666667,0.9383333333333334,0.827,"[null, 0.971, 0.763, null, 0.747, null, 0.947, 0.897, null, null]",average@0.80@label+mut2,0.0011616514513353132,0.08961160892636218,0.14886942597651043,0.3157089802056923,0.40916308523835904,0.0354852482017408,0.6558252043877768,0.7361414316715147,0.8228792828538654,0.7210430528362127,21,76.2
d8bd0bc0,e1762771,4_5_7,1_2_4,"[0.0, 0.0, 0.0, 0.0, 0.6810000538825989, 0.64000004529953, 0.0, 0.12700000405311584, 0.0, 0.0]","[0.0, 0.5320000052452087, 0.11600000411272049, 0.0, 0.9160000681877136, 0.0, 0.0, 0.0, 0.0, 0.0]",0.4826667010784149,0.5213333964347839,0.2924,0.5393333333333333,"[null, 0.273, 0.145, null, 0.915, 0.865, null, 0.123, null, null]",0.1648,0.7726666666666666,0.7363333333333333,0.809,"[null, 0.973, 0.682, null, 0.772, 0.793, null, 0.644, null, null]",average@0.80@label+mut2,0.0030191727576806956,0.012163947192632295,0.10096722689649043,0.3197684077942202,0.5344223211415217,0.029658924217454658,0.6807979898062211,0.7150645610726132,0.8250906375447901,0.7229035908006034,21,76.0
