parent_a,parent_b,labels_a,labels_b,a_per_class,b_per_class,a_per_task,b_per_task,child_joint,child_per_task,child_task_a,child_task_b,child_per_class,regime,preset,eta,type_A,type_B,type_C,type_E,type_D_plus,type_D_minus,norm_ratio_min,norm_ratio_med,norm_ratio_max,nnz_p,nnz_q,layers_analysed,merging_fn,population,core,time_s
09111d7d,1887bcd2,0_7_8,2_7_9,"[0.7740000486373901, 0.0, 0.0, 0.0, 0.0, 0.0, 0.0, 0.4820000231266022, 0.45100003480911255, 0.0]","[0.0, 0.0, 0.8840000629425049, 0.0, 0.0, 0.0, 0.0, 0.3330000042915344, 0.0, 0.5390000343322754]",0.5690000057220459,0.5853333473205566,0.248,0.39749999999999996,0.44266666666666665,0.35233333333333333,"[0.34, null, 0.037, null, null, null, null, 0.988, 0.0, 0.032]",average@1.00,average,1.0,0.0,0.0,0.0,0.0,0.7877344698084379,0.21226553019156208,0.6179449605208897,0.694364573761056,0.8062347598383579,1197490,1197490,21,globa,runs_exp2d/seed0/population,runs_ssl/simsiam_e50_seed0/backbone_e9.pth.tar,16.4
09111d7d,1887bcd2,0_7_8,2_7_9,"[0.7740000486373901, 0.0, 0.0, 0.0, 0.0, 0.0, 0.0, 0.4820000231266022, 0.45100003480911255, 0.0]","[0.0, 0.0, 0.8840000629425049, 0.0, 0.0, 0.0, 0.0, 0.3330000042915344, 0.0, 0.5390000343322754]",0.5690000057220459,0.5853333473205566,0.2456,0.38616666666666666,0.4246666666666667,0.3476666666666667,"[0.286, null, 0.028, null, null, null, null, 0.988, 0.0, 0.027]",average@0.80,average,0.8,0.002102165156808522,0.016086673551948292,0.040176202478245764,0.35701687658423553,0.5046246915584772,0.07999339067028464,0.5291615206285469,0.6166569410015876,0.7220738958434135,14874,11829,21,globa,runs_exp2d/seed0/population,runs_ssl/simsiam_e50_seed0/backbone_e9.pth.tar,17.0
09111d7d,1887bcd2,0_7_8,2_7_9,"[0.7740000486373901, 0.0, 0.0, 0.0, 0.0, 0.0, 0.0, 0.4820000231266022, 0.45100003480911255, 0.0]","[0.0, 0.0, 0.8840000629425049, 0.0, 0.0, 0.0, 0.0, 0.3330000042915344, 0.0, 0.5390000343322754]",0.5690000057220459,0.5853333473205566,0.2456,0.386,0.42433333333333334,0.3476666666666667,"[0.285, null, 0.028, null, null, null, null, 0.988, 0.0, 0.027]",orthogonal-full@0.80,orthogonal-full,0.8,0.002102165156808522,0.016086673551948292,0.040176202478245764,0.35701687658423553,0.5046246915584772,0.07999339067028464,0.5291615206285469,0.6186661451908245,0.7220738958434135,14874,11829,21,globa,runs_exp2d/seed0/population,runs_ssl/simsiam_e50_seed0/backbone_e9.pth.tar,16.7
09111d7d,366f9057,0_7_8,3_5_9,"[0.7740000486373901, 0.0, 0.0, 0.0, 0.0, 0.0, 0.0, 0.4820000231266022, 0.45100003480911255, 0.0]","[0.0, 0.0, 0.0, 0.6830000281333923, 0.0, 0.4230000078678131, 0.0, 0.0, 0.0, 0.6110000014305115]",0.5690000057220459,0.5723333358764648,0.2648333333333333,0.46399999999999997,0.39866666666666667,0.5293333333333333,"[0.98, null, null, 0.869, null, 0.001, null, 0.213, 0.003, 0.718]",average@1.00,average,1.0,0.0,0.0,0.0,0.0,0.796593842013107,0.20340615798689282,0.55499565230482,0.6841754971788679,0.7307853727590088,1197490,1197490,21,globa,runs_exp2d/seed0/population,runs_ssl/simsiam_e50_seed0/backbone_e9.pth.tar,16.8
09111d7d,366f9057,0_7_8,3_5_9,"[0.7740000486373901, 0.0, 0.0, 0.0, 0.0, 0.0, 0.0, 0.4820000231266022, 0.45100003480911255, 0.0]","[0.0, 0.0, 0.0, 0.6830000281333923, 0.0, 0.4230000078678131, 0.0, 0.0, 0.0, 0.6110000014305115]",0.5690000057220459,0.5723333358764648,0.25383333333333336,0.4395,0.38333333333333336,0.49566666666666664,"[0.978, null, null, 0.843, null, 0.001, null, 0.169, 0.003, 0.643]",average@0.80,average,0.8,0.002286140722013131,0.018263421484382307,0.042887643868397635,0.3486626864088796,0.5095378862422052,0.07836222127412215,0.45464123288512903,0.6070361033392571,0.6559322673299233,13402,12186,21,globa,runs_exp2d/seed0/population,runs_ssl/simsiam_e50_seed0/backbone_e9.pth.tar,17.0
09111d7d,366f9057,0_7_8,3_5_9,"[0.7740000486373901, 0.0, 0.0, 0.0, 0.0, 0.0, 0.0, 0.4820000231266022, 0.45100003480911255, 0.0]","[0.0, 0.0, 0.0, 0.6830000281333923, 0.0, 0.4230000078678131, 0.0, 0.0, 0.0, 0.6110000014305115]",0.5690000057220459,0.5723333358764648,0.25566666666666665,0.4405,0.38333333333333336,0.49766666666666665,"[0.978, null, null, 0.841, null, 0.001, null, 0.169, 0.003, 0.651]",orthogonal-full@0.80,orthogonal-full,0.8,0.002286140722013131,0.018263421484382307,0.042887643868397635,0.3486626864088796,0.5095378862422052,0.07836222127412215,0.4574542191805661,0.6070361033392571,0.6559322673299233,13402,12186,21,globa,runs_exp2d/seed0/population,runs_ssl/simsiam_e50_seed0/backbone_e9.pth.tar,16.8
09111d7d,5ffed8da,0_7_8,6_8_9,"[0.7740000486373901, 0.0, 0.0, 0.0, 0.0, 0.0, 0.0, 0.4820000231266022, 0.45100003480911255, 0.0]","[0.0, 0.0, 0.0, 0.0, 0.0, 0.0, 0.9120000600814819, 0.0, 0.7490000128746033, 0.6790000200271606]",0.5690000057220459,0.7800000309944153,0.1906,0.33366666666666667,0.33266666666666667,0.33466666666666667,"[0.0, null, null, null, null, null, 0.003, 0.0, 0.998, 0.003]",average@1.00,average,1.0,0.0,0.0,0.0,0.0,0.7595085311741581,0.24049146882584163,0.6362963038405468,0.6868735922485122,0.7475033363371172,1197490,1197490,21,globa,runs_exp2d/seed0/population,runs_ssl/simsiam_e50_seed0/backbone_e9.pth.tar,16.3
09111d7d,5ffed8da,0_7_8,6_8_9,"[0.7740000486373901, 0.0, 0.0, 0.0, 0.0, 0.0, 0.0, 0.4820000231266022, 0.45100003480911255, 0.0]","[0.0, 0.0, 0.0, 0.0, 0.0, 0.0, 0.9120000600814819, 0.0, 0.7490000128746033, 0.6790000200271606]",0.5690000057220459,0.7800000309944153,0.1886,0.3335,0.3333333333333333,0.33366666666666667,"[0.0, null, null, null, null, null, 0.0, 0.0, 1.0, 0.001]",average@0.80,average,0.8,0.0002010881142149737,0.0037280648073686365,0.09914160359624728,0.32475016084439423,0.4633849502453213,0.10879413239245353,0.5508322925635861,0.6056037735284643,0.669465182775506,9759,10409,21,globa,runs_exp2d/seed0/population,runs_ssl/simsiam_e50_seed0/backbone_e9.pth.tar,16.9
09111d7d,5ffed8da,0_7_8,6_8_9,"[0.7740000486373901, 0.0, 0.0, 0.0, 0.0, 0.0, 0.0, 0.4820000231266022, 0.45100003480911255, 0.0]","[0.0, 0.0, 0.0, 0.0, 0.0, 0.0, 0.9120000600814819, 0.0, 0.7490000128746033, 0.6790000200271606]",0.5690000057220459,0.7800000309944153,0.1886,0.3335,0.3333333333333333,0.33366666666666667,"[0.0, null, null, null, null, null, 0.0, 0.0, 1.0, 0.001]",orthogonal-full@0.80,orthogonal-full,0.8,0.0002010881142149737,0.0037280648073686365,0.09914160359624728,0.32475016084439423,0.4633849502453213,0.10879413239245353,0.5508322925635861,0.6059052793592129,0.6700821370431961,9759,10409,21,globa,runs_exp2d/seed0/population,runs_ssl/simsiam_e50_seed0/backbone_e9.pth.tar,16.3
09111d7d,88ed44d1,0_7_8,3_6_7,"[0.7740000486373901, 0.0, 0.0, 0.0, 0.0, 0.0, 0.0, 0.4820000231266022, 0.45100003480911255, 0.0]","[0.0, 0.0, 0.0, 0.1810000091791153, 0.0, 0.0, 0.9600000381469727, 0.1340000033378601, 0.0, 0.0]",0.5690000057220459,0.42500004172325134,0.2144,0.36383333333333334,0.3943333333333333,0.3333333333333333,"[0.166, null, null, 0.0, null, null, 0.0, 1.0, 0.017, null]",average@1.00,average,1.0,0.0,0.0,0.0,0.0,0.8144161133589257,0.18558388664107422,0.6404279788479493,0.719749866941522,0.7557757801842493,1197490,1197490,21,globa,runs_exp2d/seed0/population,runs_ssl/simsiam_e50_seed0/backbone_e9.pth.tar,16.1
09111d7d,88ed44d1,0_7_8,3_6_7,"[0.7740000486373901, 0.0, 0.0, 0.0, 0.0, 0.0, 0.0, 0.4820000231266022, 0.45100003480911255, 0.0]","[0.0, 0.0, 0.0, 0.1810000091791153, 0.0, 0.0, 0.9600000381469727, 0.1340000033378601, 0.0, 0.0]",0.5690000057220459,0.42500004172325134,0.2146,0.361,0.38866666666666666,0.3333333333333333,"[0.164, null, null, 0.0, null, null, 0.0, 1.0, 0.002, null]",average@0.80,average,0.8,0.0013747805860351299,0.007808171763527707,0.06149021091312725,0.31098274806904963,0.558923195516071,0.05942089315218945,0.5658247563417812,0.6424440072197096,0.6751524155323781,14669,13218,21,globa,runs_exp2d/seed0/population,runs_ssl/simsiam_e50_seed0/backbone_e9.pth.tar,16.7
09111d7d,88ed44d1,0_7_8,3_6_7,"[0.7740000486373901, 0.0, 0.0, 0.0, 0.0, 0.0, 0.0, 0.4820000231266022, 0.45100003480911255, 0.0]","[0.0, 0.0, 0.0, 0.1810000091791153, 0.0, 0.0, 0.9600000381469727, 0.1340000033378601, 0.0, 0.0]",0.5690000057220459,0.42500004172325134,0.2146,0.361,0.38866666666666666,0.3333333333333333,"[0.164, null, null, 0.0, null, null, 0.0, 1.0, 0.002, null]",orthogonal-full@0.80,orthogonal-full,0.8,0.0013747805860351299,0.007808171763527707,0.06149021091312725,0.31098274806904963,0.558923195516071,0.05942089315218945,0.5658247563417812,0.6424440072197096,0.6794800084548253,14669,13218,21,globa,runs_exp2d/seed0/population,runs_ssl/simsiam_e50_seed0/backbone_e9.pth.tar,17.0
09111d7d,905afff7,0_7_8,3_5_6,"[0.7740000486373901, 0.0, 0.0, 0.0, 0.0, 0.0, 0.0, 0.4820000231266022, 0.45100003480911255, 0.0]","[0.0, 0.0, 0.0, 0.08700000494718552, 0.0, 0.026000000536441803, 0.9790000319480896, 0.0, 0.0, 0.0]",0.5690000057220459,0.36399999260902405,0.19666666666666666,0.5145,0.6003333333333334,0.42866666666666664,"[0.349, null, null, 0.515, null, 0.0, 0.771, 0.838, 0.614, null]",average@1.00,average,1.0,0.0,0.0,0.0,0.0,0.834081220706542,0.1659187792934581,0.679030996567809,0.7461686264273362,0.7694691122401643,1197490,1197490,21,globa,runs_exp2d/seed0/population,runs_ssl/simsiam_e50_seed0/backbone_e9.pth.tar,17.2
09111d7d,905afff7,0_7_8,3_5_6,"[0.7740000486373901, 0.0, 0.0, 0.0, 0.0, 0.0, 0.0, 0.4820000231266022, 0.45100003480911255, 0.0]","[0.0, 0.0, 0.0, 0.08700000494718552, 0.0, 0.026000000536441803, 0.9790000319480896, 0.0, 0.0, 0.0]",0.5690000057220459,0.36399999260902405,0.17633333333333334,0.4993333333333333,0.5766666666666667,0.422,"[0.316, null, null, 0.514, null, 0.0, 0.752, 0.861, 0.553, null]",average@0.80,average,0.8,0.0011267927926778486,0.005013554224367681,0.06614995819887054,0.2985417018765889,0.5859593529009596,0.043208640006535556,0.5975668996321711,0.6704876442596054,0.697177786902212,13111,12314,21,globa,runs_exp2d/seed0/population,runs_ssl/simsiam_e50_seed0/backbone_e9.pth.tar,17.4
09111d7d,905afff7,0_7_8,3_5_6,"[0.7740000486373901, 0.0, 0.0, 0.0, 0.0, 0.0, 0.0, 0.4820000231266022, 0.45100003480911255, 0.0]","[0.0, 0.0, 0.0, 0.08700000494718552, 0.0, 0.026000000536441803, 0.9790000319480896, 0.0, 0.0, 0.0]",0.5690000057220459,0.36399999260902405,0.17616666666666667,0.5,0.5776666666666667,0.42233333333333334,"[0.317, null, null, 0.514, null, 0.0, 0.753, 0.861, 0.555, null]",orthogonal-full@0.80,orthogonal-full,0.8,0.0011267927926778486,0.005013554224367681,0.06614995819887054,0.2985417018765889,0.5859593529009596,0.043208640006535556,0.5975668996321711,0.6711864857163653,0.697177786902212,13111,12314,21,globa,runs_exp2d/seed0/population,runs_ssl/simsiam_e50_seed0/backbone_e9.pth.tar,16.9
09111d7d,be2e50e9,0_7_8,3_6_7,"[0.7740000486373901, 0.0, 0.0, 0.0, 0.0, 0.0, 0.0, 0.4820000231266022, 0.45100003480911255, 0.0]","[0.0, 0.0, 0.0, 0.26100000739097595, 0.0, 0.0, 0.9020000696182251, 0.34200000762939453, 0.0, 0.0]",0.5690000057220459,0.5016667246818542,0.2016,0.35950000000000004,0.38533333333333336,0.33366666666666667,"[0.138, null, null, 0.001, null, null, 0.0, 1.0, 0.018, null]",average@1.00,average,1.0,0.0,0.0,0.0,0.0,0.8100075440757513,0.1899924559242489,0.6334467849515591,0.738378047840244,0.7684817460579341,1197490,1197490,21,globa,runs_exp2d/seed0/population,runs_ssl/simsiam_e50_seed0/backbone_e9.pth.tar,16.3
09111d7d,be2e50e9,0_7_8,3_6_7,"[0.7740000486373901, 0.0, 0.0, 0.0, 0.0, 0.0, 0.0, 0.4820000231266022, 0.45100003480911255, 0.0]","[0.0, 0.0, 0.0, 0.26100000739097595, 0.0, 0.0, 0.9020000696182251, 0.34200000762939453, 0.0, 0.0]",0.5690000057220459,0.5016667246818542,0.2008,0.353,0.372,0.334,"[0.115, null, null, 0.002, null, null, 0.0, 1.0, 0.001, null]",average@0.80,average,0.8,0.00017798275426974343,0.005808416316843968,0.03287478450818556,0.33161182011077783,0.5599398224143983,0.06958717389552474,0.5759195881857492,0.6639427250695075,0.692442895829059,21407,13819,21,globa,runs_exp2d/seed0/population,runs_ssl/simsiam_e50_seed0/backbone_e9.pth.tar,16.5
09111d7d,be2e50e9,0_7_8,3_6_7,"[0.7740000486373901, 0.0, 0.0, 0.0, 0.0, 0.0, 0.0, 0.4820000231266022, 0.45100003480911255, 0.0]","[0.0, 0.0, 0.0, 0.26100000739097595, 0.0, 0.0, 0.9020000696182251, 0.34200000762939453, 0.0, 0.0]",0.5690000057220459,0.5016667246818542,0.2006,0.35283333333333333,0.37166666666666665,0.334,"[0.114, null, null, 0.002, null, null, 0.0, 1.0, 0.001, null]",orthogonal-full@0.80,orthogonal-full,0.8,0.00017798275426974343,0.005808416316843968,0.03287478450818556,0.33161182011077783,0.5599398224143983,0.06958717389552474,0.5764146871590985,0.664220245685743,0.692442895829059,21407,13819,21,globa,runs_exp2d/seed0/population,runs_ssl/simsiam_e50_seed0/backbone_e9.pth.tar,16.4
09111d7d,cb3a86af,0_7_8,1_6_7,"[0.7740000486373901, 0.0, 0.0, 0.0, 0.0, 0.0, 0.0, 0.4820000231266022, 0.45100003480911255, 0.0]","[0.0, 0.5400000214576721, 0.0, 0.0, 0.0, 0.0, 0.9630000591278076, 0.28700000047683716, 0.0, 0.0]",0.5690000057220459,0.5966666340827942,0.2088,0.37266666666666665,0.412,0.3333333333333333,"[0.219, 0.0, null, null, null, null, 0.0, 1.0, 0.017, null]",average@1.00,average,1.0,0.0,0.0,0.0,0.0,0.8171116708593444,0.1828883291406556,0.7035367288913554,0.753957950894082,0.8267477261981969,1197490,1197490,21,globa,runs_exp2d/seed0/population,runs_ssl/simsiam_e50_seed0/backbone_e9.pth.tar,16.4
09111d7d,cb3a86af,0_7_8,1_6_7,"[0.7740000486373901, 0.0, 0.0, 0.0, 0.0, 0.0, 0.0, 0.4820000231266022, 0.45100003480911255, 0.0]","[0.0, 0.5400000214576721, 0.0, 0.0, 0.0, 0.0, 0.9630000591278076, 0.28700000047683716, 0.0, 0.0]",0.5690000057220459,0.5966666340827942,0.2072,0.36283333333333334,0.3923333333333333,0.3333333333333333,"[0.174, 0.0, null, null, null, null, 0.0, 1.0, 0.003, null]",average@0.80,average,0.8,0.0014717358183086986,0.0089026104850739,0.053789838535610666,0.3425244020628662,0.5348205794868208,0.05849083361131954,0.6257246197768066,0.6748398101076781,0.7535472103525132,16003,11994,21,globa,runs_exp2d/seed0/population,runs_ssl/simsiam_e50_seed0/backbone_e9.pth.tar,16.7
09111d7d,cb3a86af,0_7_8,1_6_7,"[0.7740000486373901, 0.0, 0.0, 0.0, 0.0, 0.0, 0.0, 0.4820000231266022, 0.45100003480911255, 0.0]","[0.0, 0.5400000214576721, 0.0, 0.0, 0.0, 0.0, 0.9630000591278076, 0.28700000047683716, 0.0, 0.0]",0.5690000057220459,0.5966666340827942,0.2072,0.3626666666666667,0.392,0.3333333333333333,"[0.173, 0.0, null, null, null, null, 0.0, 1.0, 0.003, null]",orthogonal-full@0.80,orthogonal-full,0.8,0.0014717358183086986,0.0089026104850739,0.053789838535610666,0.3425244020628662,0.5348205794868208,0.05849083361131954,0.6314978190819469,0.6748398101076781,0.7535472103525132,16003,11994,21,globa,runs_exp2d/seed0/population,runs_ssl/simsiam_e50_seed0/backbone_e9.pth.tar,16.8
09111d7d,d8bd0bc0,0_7_8,4_5_7,"[0.7740000486373901, 0.0, 0.0, 0.0, 0.0, 0.0, 0.0, 0.4820000231266022, 0.45100003480911255, 0.0]","[0.0, 0.0, 0.0, 0.0, 0.6810000538825989, 0.64000004529953, 0.0, 0.12700000405311584, 0.0, 0.0]",0.5690000057220459,0.4826667010784149,0.202,0.36383333333333334,0.3903333333333333,0.3373333333333333,"[0.129, null, null, null, 0.012, 0.0, null, 1.0, 0.042, null]",average@1.00,average,1.0,0.0,0.0,0.0,0.0,0.7987966992724512,0.2012033007275487,0.6941293226100309,0.723426946822706,0.7988236585897989,1197490,1197490,21,globa,runs_exp2d/seed0/population,runs_ssl/simsiam_e50_seed0/backbone_e9.pth.tar,16.4
09111d7d,d8bd0bc0,0_7_8,4_5_7,"[0.7740000486373901, 0.0, 0.0, 0.0, 0.0, 0.0, 0.0, 0.4820000231266022, 0.45100003480911255, 0.0]","[0.0, 0.0, 0.0, 0.0, 0.6810000538825989, 0.64000004529953, 0.0, 0.12700000405311584, 0.0, 0.0]",0.5690000057220459,0.4826667010784149,0.202,0.3526666666666667,0.37166666666666665,0.33366666666666667,"[0.108, null, null, null, 0.001, 0.0, null, 1.0, 0.007, null]",average@0.80,average,0.8,0.0005565492766892117,0.005759905300447848,0.04722626788826456,0.3504205171021997,0.5276465461205067,0.06839021431189198,0.6123048225611808,0.6475103432206482,0.7087577650071163,15179,12204,21,globa,runs_exp2d/seed0/population,runs_ssl/simsiam_e50_seed0/backbone_e9.pth.tar,16.8
09111d7d,d8bd0bc0,0_7_8,4_5_7,"[0.7740000486373901, 0.0, 0.0, 0.0, 0.0, 0.0, 0.0, 0.4820000231266022, 0.45100003480911255, 0.0]","[0.0, 0.0, 0.0, 0.0, 0.6810000538825989, 0.64000004529953, 0.0, 0.12700000405311584, 0.0, 0.0]",0.5690000057220459,0.4826667010784149,0.202,0.3526666666666667,0.37166666666666665,0.33366666666666667,"[0.108, null, null, null, 0.001, 0.0, null, 1.0, 0.007, null]",orthogonal-full@0.80,orthogonal-full,0.8,0.0005565492766892117,0.005759905300447848,0.04722626788826456,0.3504205171021997,0.5276465461205067,0.06839021431189198,0.6123048225611808,0.6485343976512308,0.7094240751398632,15179,12204,21,globa,runs_exp2d/seed0/population,runs_ssl/simsiam_e50_seed0/backbone_e9.pth.tar,16.7
09111d7d,e1762771,0_7_8,1_2_4,"[0.7740000486373901, 0.0, 0.0, 0.0, 0.0, 0.0, 0.0, 0.4820000231266022, 0.45100003480911255, 0.0]","[0.0, 0.5320000052452087, 0.11600000411272049, 0.0, 0.9160000681877136, 0.0, 0.0, 0.0, 0.0, 0.0]",0.5690000057220459,0.5213333964347839,0.2725,0.41483333333333333,0.4786666666666667,0.351,"[0.721, 0.083, 0.258, null, 0.712, null, null, 0.218, 0.497, null]",average@1.00,average,1.0,0.0,0.0,0.0,0.0,0.8206337575149517,0.1793662424850482,0.708586907158441,0.7428083022779199,0.7942654816632645,1197490,1197490,21,globa,runs_exp2d/seed0/population,runs_ssl/simsiam_e50_seed0/backbone_e9.pth.tar,16.6
09111d7d,e1762771,0_7_8,1_2_4,"[0.7740000486373901, 0.0, 0.0, 0.0, 0.0, 0.0, 0.0, 0.4820000231266022, 0.45100003480911255, 0.0]","[0.0, 0.5320000052452087, 0.11600000411272049, 0.0, 0.9160000681877136, 0.0, 0.0, 0.0, 0.0, 0.0]",0.5690000057220459,0.5213333964347839,0.2435,0.39249999999999996,0.4563333333333333,0.32866666666666666,"[0.739, 0.049, 0.271, null, 0.666, null, null, 0.168, 0.462, null]",average@0.80,average,0.8,0.0008853094558964716,0.00911309766825354,0.04007907945852497,0.34044230341716325,0.5561930529914219,0.05328715700873988,0.6248907485821362,0.6626680466324106,0.7170354980017487,12980,11788,21,globa,runs_exp2d/seed0/population,runs_ssl/simsiam_e50_seed0/backbone_e9.pth.tar,17.3
09111d7d,e1762771,0_7_8,1_2_4,"[0.7740000486373901, 0.0, 0.0, 0.0, 0.0, 0.0, 0.0, 0.4820000231266022, 0.45100003480911255, 0.0]","[0.0, 0.5320000052452087, 0.11600000411272049, 0.0, 0.9160000681877136, 0.0, 0.0, 0.0, 0.0, 0.0]",0.5690000057220459,0.5213333964347839,0.244,0.3923333333333333,0.4563333333333333,0.3283333333333333,"[0.739, 0.05, 0.272, null, 0.663, null, null, 0.167, 0.463, null]",orthogonal-full@0.80,orthogonal-full,0.8,0.0008853094558964716,0.00911309766825354,0.04007907945852497,0.34044230341716325,0.5561930529914219,0.05328715700873988,0.6248907485821362,0.6629584583522733,0.7170354980017487,12980,11788,21,globa,runs_exp2d/seed0/population,runs_ssl/simsiam_e50_seed0/backbone_e9.pth.tar,17.1
1887bcd2,366f9057,2_7_9,3_5_9,"[0.0, 0.0, 0.8840000629425049, 0.0, 0.0, 0.0, 0.0, 0.3330000042915344, 0.0, 0.5390000343322754]","[0.0, 0.0, 0.0, 0.6830000281333923, 0.0, 0.4230000078678131, 0.0, 0.0, 0.0, 0.6110000014305115]",0.5853333473205566,0.5723333358764648,0.1976,0.3378333333333333,0.3403333333333333,0.3353333333333333,"[null, null, 0.021, 0.006, null, 0.0, null, 0.0, null, 1.0]",average@1.00,average,1.0,0.0,0.0,0.0,0.0,0.7965288357219524,0.20347116427804765,0.6544421697370816,0.692476340555687,0.8265196759054345,1197490,1197490,21,globa,runs_exp2d/seed0/population,runs_ssl/simsiam_e50_seed0/backbone_e9.pth.tar,16.2
1887bcd2,366f9057,2_7_9,3_5_9,"[0.0, 0.0, 0.8840000629425049, 0.0, 0.0, 0.0, 0.0, 0.3330000042915344, 0.0, 0.5390000343322754]","[0.0, 0.0, 0.0, 0.6830000281333923, 0.0, 0.4230000078678131, 0.0, 0.0, 0.0, 0.6110000014305115]",0.5853333473205566,0.5723333358764648,0.1976,0.3338333333333333,0.334,0.33366666666666667,"[null, null, 0.002, 0.001, null, 0.0, null, 0.0, null, 1.0]",average@0.80,average,0.8,4.3527236447071034e-05,0.0018101162453912152,0.05931402258509198,0.3233020726899026,0.5401128070587606,0.07541745418440657,0.5756376062639845,0.6242812234244886,0.7569700572725035,10123,11368,21,globa,runs_exp2d/seed0/population,runs_ssl/simsiam_e50_seed0/backbone_e9.pth.tar,16.6
1887bcd2,366f9057,2_7_9,3_5_9,"[0.0, 0.0, 0.8840000629425049, 0.0, 0.0, 0.0, 0.0, 0.3330000042915344, 0.0, 0.5390000343322754]","[0.0, 0.0, 0.0, 0.6830000281333923, 0.0, 0.4230000078678131, 0.0, 0.0, 0.0, 0.6110000014305115]",0.5853333473205566,0.5723333358764648,0.1976,0.3338333333333333,0.334,0.33366666666666667,"[null, null, 0.002, 0.001, null, 0.0, null, 0.0, null, 1.0]",orthogonal-full@0.80,orthogonal-full,0.8,4.3527236447071034e-05,0.0018101162453912152,0.05931402258509198,0.3233020726899026,0.5401128070587606,0.07541745418440657,0.5756376062639845,0.6242812234244886,0.7569700572725035,10123,11368,21,globa,runs_exp2d/seed0/population,runs_ssl/simsiam_e50_seed0/backbone_e9.pth.tar,16.9
1887bcd2,5ffed8da,2_7_9,6_8_9,"[0.0, 0.0, 0.8840000629425049, 0.0, 0.0, 0.0, 0.0, 0.3330000042915344, 0.0, 0.5390000343322754]","[0.0, 0.0, 0.0, 0.0, 0.0, 0.0, 0.9120000600814819, 0.0, 0.7490000128746033, 0.6790000200271606]",0.5853333473205566,0.7800000309944153,0.2106,0.3501666666666667,0.3506666666666667,0.3496666666666667,"[null, null, 0.052, null, null, null, 0.049, 0.0, 0.0, 1.0]",average@1.00,average,1.0,0.0,0.0,0.0,0.0,0.807973096658408,0.192026903341592,0.7108745090238646,0.7413791085755205,0.849917561427964,1197490,1197490,21,globa,runs_exp2d/seed0/population,runs_ssl/simsiam_e50_seed0/backbone_e9.pth.tar,16.5
1887bcd2,5ffed8da,2_7_9,6_8_9,"[0.0, 0.0, 0.8840000629425049, 0.0, 0.0, 0.0, 0.0, 0.3330000042915344, 0.0, 0.5390000343322754]","[0.0, 0.0, 0.0, 0.0, 0.0, 0.0, 0.9120000600814819, 0.0, 0.7490000128746033, 0.6790000200271606]",0.5853333473205566,0.7800000309944153,0.2088,0.3333333333333333,0.3333333333333333,0.3333333333333333,"[null, null, 0.0, null, null, null, 0.0, 0.0, 0.0, 1.0]",average@0.80,average,0.8,0.0029825525492812054,0.009611947527338457,0.05658105233140156,0.25973050285240346,0.5776057052361929,0.09348823950338236,0.6289593269230359,0.6587861669376611,0.7580539415979595,9347,12498,21,globa,runs_exp2d/seed0/population,runs_ssl/simsiam_e50_seed0/backbone_e9.pth.tar,16.7
1887bcd2,5ffed8da,2_7_9,6_8_9,"[0.0, 0.0, 0.8840000629425049, 0.0, 0.0, 0.0, 0.0, 0.3330000042915344, 0.0, 0.5390000343322754]","[0.0, 0.0, 0.0, 0.0, 0.0, 0.0, 0.9120000600814819, 0.0, 0.7490000128746033, 0.6790000200271606]",0.5853333473205566,0.7800000309944153,0.2088,0.3333333333333333,0.3333333333333333,0.3333333333333333,"[null, null, 0.0, null, null, null, 0.0, 0.0, 0.0, 1.0]",orthogonal-full@0.80,orthogonal-full,0.8,0.0029825525492812054,0.009611947527338457,0.05658105233140156,0.25973050285240346,0.5776057052361929,0.09348823950338236,0.6300428995151514,0.6589417322552295,0.7580539415979595,9347,12498,21,globa,runs_exp2d/seed0/population,runs_ssl/simsiam_e50_seed0/backbone_e9.pth.tar,16.4
1887bcd2,88ed44d1,2_7_9,3_6_7,"[0.0, 0.0, 0.8840000629425049, 0.0, 0.0, 0.0, 0.0, 0.3330000042915344, 0.0, 0.5390000343322754]","[0.0, 0.0, 0.0, 0.1810000091791153, 0.0, 0.0, 0.9600000381469727, 0.1340000033378601, 0.0, 0.0]",0.5853333473205566,0.42500004172325134,0.1992,0.3333333333333333,0.3333333333333333,0.3333333333333333,"[null, null, 0.0, 0.0, null, null, 0.0, 1.0, null, 0.0]",average@1.00,average,1.0,0.0,0.0,0.0,0.0,0.8334419320474659,0.16655806795253425,0.6898460687209906,0.736187404672438,0.8998855579476751,1197490,1197490,21,globa,runs_exp2d/seed0/population,runs_ssl/simsiam_e50_seed0/backbone_e9.pth.tar,16.4
1887bcd2,88ed44d1,2_7_9,3_6_7,"[0.0, 0.0, 0.8840000629425049, 0.0, 0.0, 0.0, 0.0, 0.3330000042915344, 0.0, 0.5390000343322754]","[0.0, 0.0, 0.0, 0.1810000091791153, 0.0, 0.0, 0.9600000381469727, 0.1340000033378601, 0.0, 0.0]",0.5853333473205566,0.42500004172325134,0.1992,0.3333333333333333,0.3333333333333333,0.3333333333333333,"[null, null, 0.0, 0.0, null, null, 0.0, 1.0, null, 0.0]",average@0.80,average,0.8,0.0006352813357662724,0.004855989671668987,0.05232140834973547,0.28821503008218236,0.5979532209545558,0.05601906960609113,0.6111761139263999,0.6577211357926771,0.8149055917313467,13573,13723,21,globa,runs_exp2d/seed0/population,runs_ssl/simsiam_e50_seed0/backbone_e9.pth.tar,16.4
1887bcd2,88ed44d1,2_7_9,3_6_7,"[0.0, 0.0, 0.8840000629425049, 0.0, 0.0, 0.0, 0.0, 0.3330000042915344, 0.0, 0.5390000343322754]","[0.0, 0.0, 0.0, 0.1810000091791153, 0.0, 0.0, 0.9600000381469727, 0.1340000033378601, 0.0, 0.0]",0.5853333473205566,0.42500004172325134,0.1992,0.3333333333333333,0.3333333333333333,0.3333333333333333,"[null, null, 0.0, 0.0, null, null, 0.0, 1.0, null, 0.0]",orthogonal-full@0.80,orthogonal-full,0.8,0.0006352813357662724,0.004855989671668987,0.05232140834973547,0.28821503008218236,0.5979532209545558,0.05601906960609113,0.6111761139263999,0.6577211357926771,0.8149055917313467,13573,13723,21,globa,runs_exp2d/seed0/population,runs_ssl/simsiam_e50_seed0/backbone_e9.pth.tar,16.4
1887bcd2,905afff7,2_7_9,3_5_6,"[0.0, 0.0, 0.8840000629425049, 0.0, 0.0, 0.0, 0.0, 0.3330000042915344, 0.0, 0.5390000343322754]","[0.0, 0.0, 0.0, 0.08700000494718552, 0.0, 0.026000000536441803, 0.9790000319480896, 0.0, 0.0, 0.0]",0.5853333473205566,0.36399999260902405,0.266,0.42700000000000005,0.4886666666666667,0.36533333333333334,"[null, null, 0.687, 0.118, null, 0.003, 0.975, 0.452, null, 0.327]",average@1.00,average,1.0,0.0,0.0,0.0,0.0,0.837865977261916,0.16213402273808378,0.710131538282148,0.7385371171401675,0.9297258053552039,1197490,1197490,21,globa,runs_exp2d/seed0/population,runs_ssl/simsiam_e50_seed0/backbone_e9.pth.tar,16.8
1887bcd2,905afff7,2_7_9,3_5_6,"[0.0, 0.0, 0.8840000629425049, 0.0, 0.0, 0.0, 0.0, 0.3330000042915344, 0.0, 0.5390000343322754]","[0.0, 0.0, 0.0, 0.08700000494718552, 0.0, 0.026000000536441803, 0.9790000319480896, 0.0, 0.0, 0.0]",0.5853333473205566,0.36399999260902405,0.23316666666666666,0.406,0.4503333333333333,0.3616666666666667,"[null, null, 0.672, 0.12, null, 0.002, 0.963, 0.437, null, 0.242]",average@0.80,average,0.8,0.007633724947402547,0.02277023159148941,0.06499967022257787,0.2345346809199789,0.6153191923731091,0.0547424999454421,0.6303508768093328,0.665663426291081,0.8325300842094245,12404,14037,21,globa,runs_exp2d/seed0/population,runs_ssl/simsiam_e50_seed0/backbone_e9.pth.tar,16.9
1887bcd2,905afff7,2_7_9,3_5_6,"[0.0, 0.0, 0.8840000629425049, 0.0, 0.0, 0.0, 0.0, 0.3330000042915344, 0.0, 0.5390000343322754]","[0.0, 0.0, 0.0, 0.08700000494718552, 0.0, 0.026000000536441803, 0.9790000319480896, 0.0, 0.0, 0.0]",0.5853333473205566,0.36399999260902405,0.23366666666666666,0.4081666666666667,0.455,0.36133333333333334,"[null, null, 0.673, 0.118, null, 0.002, 0.964, 0.437, null, 0.255]",orthogonal-full@0.80,orthogonal-full,0.8,0.007633724947402547,0.02277023159148941,0.06499967022257787,0.2345346809199789,0.6153191923731091,0.0547424999454421,0.6303508768093328,0.6701883546024012,0.8325300842094245,12404,14037,21,globa,runs_exp2d/seed0/population,runs_ssl/simsiam_e50_seed0/backbone_e9.pth.tar,16.8
1887bcd2,be2e50e9,2_7_9,3_6_7,"[0.0, 0.0, 0.8840000629425049, 0.0, 0.0, 0.0, 0.0, 0.3330000042915344, 0.0, 0.5390000343322754]","[0.0, 0.0, 0.0, 0.26100000739097595, 0.0, 0.0, 0.9020000696182251, 0.34200000762939453, 0.0, 0.0]",0.5853333473205566,0.5016667246818542,0.2012,0.3333333333333333,0.3333333333333333,0.3333333333333333,"[null, null, 0.0, 0.0, null, null, 0.0, 1.0, null, 0.0]",average@1.00,average,1.0,0.0,0.0,0.0,0.0,0.8121616553840142,0.18783834461598603,0.7068521315493151,0.7472706857012053,0.8072011789394156,1197490,1197490,21,globa,runs_exp2d/seed0/population,runs_ssl/simsiam_e50_seed0/backbone_e9.pth.tar,16.4
1887bcd2,be2e50e9,2_7_9,3_6_7,"[0.0, 0.0, 0.8840000629425049, 0.0, 0.0, 0.0, 0.0, 0.3330000042915344, 0.0, 0.5390000343322754]","[0.0, 0.0, 0.0, 0.26100000739097595, 0.0, 0.0, 0.9020000696182251, 0.34200000762939453, 0.0, 0.0]",0.5853333473205566,0.5016667246818542,0.2012,0.3333333333333333,0.3333333333333333,0.3333333333333333,"[null, null, 0.0, 0.0, null, null, 0.0, 1.0, null, 0.0]",average@0.80,average,0.8,0.000491370100799193,0.005984654140434618,0.03020916856409541,0.31508011721143825,0.5737217635572841,0.07451292642594849,0.6308614919451255,0.6710346104168811,0.7194824672245692,14496,19533,21,globa,runs_exp2d/seed0/population,runs_ssl/simsiam_e50_seed0/backbone_e9.pth.tar,16.5
1887bcd2,be2e50e9,2_7_9,3_6_7,"[0.0, 0.0, 0.8840000629425049, 0.0, 0.0, 0.0, 0.0, 0.3330000042915344, 0.0, 0.5390000343322754]","[0.0, 0.0, 0.0, 0.26100000739097595, 0.0, 0.0, 0.9020000696182251, 0.34200000762939453, 0.0, 0.0]",0.5853333473205566,0.5016667246818542,0.2012,0.3333333333333333,0.3333333333333333,0.3333333333333333,"[null, null, 0.0, 0.0, null, null, 0.0, 1.0, null, 0.0]",orthogonal-full@0.80,orthogonal-full,0.8,0.000491370100799193,0.005984654140434618,0.03020916856409541,0.31508011721143825,0.5737217635572841,0.07451292642594849,0.6319168215022348,0.6710346104168811,0.7194824672245692,14496,19533,21,globa,runs_exp2d/seed0/population,runs_ssl/simsiam_e50_seed0/backbone_e9.pth.tar,16.2
1887bcd2,cb3a86af,2_7_9,1_6_7,"[0.0, 0.0, 0.8840000629425049, 0.0, 0.0, 0.0, 0.0, 0.3330000042915344, 0.0, 0.5390000343322754]","[0.0, 0.5400000214576721, 0.0, 0.0, 0.0, 0.0, 0.9630000591278076, 0.28700000047683716, 0.0, 0.0]",0.5853333473205566,0.5966666340827942,0.2036,0.3333333333333333,0.3333333333333333,0.3333333333333333,"[null, 0.0, 0.0, null, null, null, 0.0, 1.0, null, 0.0]",average@1.00,average,1.0,0.0,0.0,0.0,0.0,0.8101160078046311,0.18988399219536892,0.6758259856186974,0.7132423637994839,0.816629080186059,1197490,1197490,21,globa,runs_exp2d/seed0/population,runs_ssl/simsiam_e50_seed0/backbone_e9.pth.tar,16.0
1887bcd2,cb3a86af,2_7_9,1_6_7,"[0.0, 0.0, 0.8840000629425049, 0.0, 0.0, 0.0, 0.0, 0.3330000042915344, 0.0, 0.5390000343322754]","[0.0, 0.5400000214576721, 0.0, 0.0, 0.0, 0.0, 0.9630000591278076, 0.28700000047683716, 0.0, 0.0]",0.5853333473205566,0.5966666340827942,0.2034,0.3333333333333333,0.3333333333333333,0.3333333333333333,"[null, 0.0, 0.0, null, null, null, 0.0, 1.0, null, 0.0]",average@0.80,average,0.8,0.0011373985215731343,0.010897688098747922,0.06577043834998651,0.34115154573302175,0.5200362543886908,0.06100667490797974,0.5922721680642099,0.6364024759080198,0.7402704033753136,14208,12639,21,globa,runs_exp2d/seed0/population,runs_ssl/simsiam_e50_seed0/backbone_e9.pth.tar,16.3
1887bcd2,cb3a86af,2_7_9,1_6_7,"[0.0, 0.0, 0.8840000629425049, 0.0, 0.0, 0.0, 0.0, 0.3330000042915344, 0.0, 0.5390000343322754]","[0.0, 0.5400000214576721, 0.0, 0.0, 0.0, 0.0, 0.9630000591278076, 0.28700000047683716, 0.0, 0.0]",0.5853333473205566,0.5966666340827942,0.2034,0.3333333333333333,0.3333333333333333,0.3333333333333333,"[null, 0.0, 0.0, null, null, null, 0.0, 1.0, null, 0.0]",orthogonal-full@0.80,orthogonal-full,0.8,0.0011373985215731343,0.010897688098747922,0.06577043834998651,0.34115154573302175,0.5200362543886908,0.06100667490797974,0.5922721680642099,0.6388063009695986,0.7426028754235541,14208,12639,21,globa,runs_exp2d/seed0/population,runs_ssl/simsiam_e50_seed0/backbone_e9.pth.tar,16.4
1887bcd2,d8bd0bc0,2_7_9,4_5_7,"[0.0, 0.0, 0.8840000629425049, 0.0, 0.0, 0.0, 0.0, 0.3330000042915344, 0.0, 0.5390000343322754]","[0.0, 0.0, 0.0, 0.0, 0.6810000538825989, 0.64000004529953, 0.0, 0.12700000405311584, 0.0, 0.0]",0.5853333473205566,0.4826667010784149,0.2016,0.3333333333333333,0.3333333333333333,0.3333333333333333,"[null, null, 0.0, null, 0.0, 0.0, null, 1.0, null, 0.0]",average@1.00,average,1.0,0.0,0.0,0.0,0.0,0.8472378926416821,0.15276210735831788,0.6844219069514642,0.7548329046295912,0.9061427072475006,1197490,1197490,21,globa,runs_exp2d/seed0/population,runs_ssl/simsiam_e50_seed0/backbone_e9.pth.tar,16.0
1887bcd2,d8bd0bc0,2_7_9,4_5_7,"[0.0, 0.0, 0.8840000629425049, 0.0, 0.0, 0.0, 0.0, 0.3330000042915344, 0.0, 0.5390000343322754]","[0.0, 0.0, 0.0, 0.0, 0.6810000538825989, 0.64000004529953, 0.0, 0.12700000405311584, 0.0, 0.0]",0.5853333473205566,0.4826667010784149,0.2016,0.3333333333333333,0.3333333333333333,0.3333333333333333,"[null, null, 0.0, null, 0.0, 0.0, null, 1.0, null, 0.0]",average@0.80,average,0.8,0.0003878010813485431,0.004221072119793385,0.03548006433900679,0.27885646979935363,0.630963203566444,0.050091389094053876,0.6090431386974501,0.6714666672850864,0.8228608318565601,13755,13415,21,globa,runs_exp2d/seed0/population,runs_ssl/simsiam_e50_seed0/backbone_e9.pth.tar,16.4
1887bcd2,d8bd0bc0,2_7_9,4_5_7,"[0.0, 0.0, 0.8840000629425049, 0.0, 0.0, 0.0, 0.0, 0.3330000042915344, 0.0, 0.5390000343322754]","[0.0, 0.0, 0.0, 0.0, 0.6810000538825989, 0.64000004529953, 0.0, 0.12700000405311584, 0.0, 0.0]",0.5853333473205566,0.4826667010784149,0.2016,0.3333333333333333,0.3333333333333333,0.3333333333333333,"[null, null, 0.0, null, 0.0, 0.0, null, 1.0, null, 0.0]",orthogonal-full@0.80,orthogonal-full,0.8,0.0003878010813485431,0.004221072119793385,0.03548006433900679,0.27885646979935363,0.630963203566444,0.050091389094053876,0.6090431386974501,0.6714666672850864,0.8228608318565601,13755,13415,21,globa,runs_exp2d/seed0/population,runs_ssl/simsiam_e50_seed0/backbone_e9.pth.tar,16.6
1887bcd2,e1762771,2_7_9,1_2_4,"[0.0, 0.0, 0.8840000629425049, 0.0, 0.0, 0.0, 0.0, 0.3330000042915344, 0.0, 0.5390000343322754]","[0.0, 0.5320000052452087, 0.11600000411272049, 0.0, 0.9160000681877136, 0.0, 0.0, 0.0, 0.0, 0.0]",0.5853333473205566,0.5213333964347839,0.1992,0.3333333333333333,0.3333333333333333,0.3333333333333333,"[null, 0.0, 1.0, null, 0.0, null, null, 0.0, null, 0.0]",average@1.00,average,1.0,0.0,0.0,0.0,0.0,0.8236292841993013,0.1763707158006987,0.6851149969808771,0.7269419131816623,0.8994624397784072,1197490,1197490,21,globa,runs_exp2d/seed0/population,runs_ssl/simsiam_e50_seed0/backbone_e9.pth.tar,16.7
1887bcd2,e1762771,2_7_9,1_2_4,"[0.0, 0.0, 0.8840000629425049, 0.0, 0.0, 0.0, 0.0, 0.3330000042915344, 0.0, 0.5390000343322754]","[0.0, 0.5320000052452087, 0.11600000411272049, 0.0, 0.9160000681877136, 0.0, 0.0, 0.0, 0.0, 0.0]",0.5853333473205566,0.5213333964347839,0.1988,0.3333333333333333,0.3333333333333333,0.3333333333333333,"[null, 0.0, 1.0, null, 0.0, null, null, 0.0, null, 0.0]",average@0.80,average,0.8,0.00019783031906768443,0.001738019603261751,0.04639313669441583,0.310741060120353,0.5763063851740672,0.06462356808883471,0.606646956116746,0.6462229961194638,0.7957036256775809,10139,11102,21,globa,runs_exp2d/seed0/population,runs_ssl/simsiam_e50_seed0/backbone_e9.pth.tar,17.1
1887bcd2,e1762771,2_7_9,1_2_4,"[0.0, 0.0, 0.8840000629425049, 0.0, 0.0, 0.0, 0.0, 0.3330000042915344, 0.0, 0.5390000343322754]","[0.0, 0.5320000052452087, 0.11600000411272049, 0.0, 0.9160000681877136, 0.0, 0.0, 0.0, 0.0, 0.0]",0.5853333473205566,0.5213333964347839,0.1988,0.3333333333333333,0.3333333333333333,0.3333333333333333,"[null, 0.0, 1.0, null, 0.0, null, null, 0.0, null, 0.0]",orthogonal-full@0.80,orthogonal-full,0.8,0.00019783031906768443,0.001738019603261751,0.04639313669441583,0.310741060120353,0.5763063851740672,0.06462356808883471,0.606646956116746,0.6462229961194638,0.7981816688705285,10139,11102,21,globa,runs_exp2d/seed0/population,runs_ssl/simsiam_e50_seed0/backbone_e9.pth.tar,16.9
366f9057,5ffed8da,3_5_9,6_8_9,"[0.0, 0.0, 0.0, 0.6830000281333923, 0.0, 0.4230000078678131, 0.0, 0.0, 0.0, 0.6110000014305115]","[0.0, 0.0, 0.0, 0.0, 0.0, 0.0, 0.9120000600814819, 0.0, 0.7490000128746033, 0.6790000200271606]",0.5723333358764648,0.7800000309944153,0.2048,0.3338333333333333,0.3333333333333333,0.3343333333333333,"[null, null, null, 0.0, null, 0.0, 0.003, null, 0.0, 1.0]",average@1.00,average,1.0,0.0,0.0,0.0,0.0,0.8004146770746184,0.19958532292538153,0.6777563775867653,0.7124431624170655,0.7978310215700651,1197490,1197490,21,globa,runs_exp2d/seed0/population,runs_ssl/simsiam_e50_seed0/backbone_e9.pth.tar,16.1
366f9057,5ffed8da,3_5_9,6_8_9,"[0.0, 0.0, 0.0, 0.6830000281333923, 0.0, 0.4230000078678131, 0.0, 0.0, 0.0, 0.6110000014305115]","[0.0, 0.0, 0.0, 0.0, 0.0, 0.0, 0.9120000600814819, 0.0, 0.7490000128746033, 0.6790000200271606]",0.5723333358764648,0.7800000309944153,0.2048,0.3333333333333333,0.3333333333333333,0.3333333333333333,"[null, null, null, 0.0, null, 0.0, 0.0, null, 0.0, 1.0]",average@0.80,average,0.8,0.001936285423341077,0.0080325244562439,0.08252870676002422,0.2841513701441743,0.541857217961925,0.08149389525429145,0.5992430283850597,0.6373956578583565,0.722172455041553,9948,11440,21,globa,runs_exp2d/seed0/population,runs_ssl/simsiam_e50_seed0/backbone_e9.pth.tar,16.3
366f9057,5ffed8da,3_5_9,6_8_9,"[0.0, 0.0, 0.0, 0.6830000281333923, 0.0, 0.4230000078678131, 0.0, 0.0, 0.0, 0.6110000014305115]","[0.0, 0.0, 0.0, 0.0, 0.0, 0.0, 0.9120000600814819, 0.0, 0.7490000128746033, 0.6790000200271606]",0.5723333358764648,0.7800000309944153,0.2048,0.3333333333333333,0.3333333333333333,0.3333333333333333,"[null, null, null, 0.0, null, 0.0, 0.0, null, 0.0, 1.0]",orthogonal-full@0.80,orthogonal-full,0.8,0.001936285423341077,0.0080325244562439,0.08252870676002422,0.2841513701441743,0.541857217961925,0.08149389525429145,0.5992430283850597,0.639064121806529,0.722172455041553,9948,11440,21,globa,runs_exp2d/seed0/population,runs_ssl/simsiam_e50_seed0/backbone_e9.pth.tar,16.3
366f9057,88ed44d1,3_5_9,3_6_7,"[0.0, 0.0, 0.0, 0.6830000281333923, 0.0, 0.4230000078678131, 0.0, 0.0, 0.0, 0.6110000014305115]","[0.0, 0.0, 0.0, 0.1810000091791153, 0.0, 0.0, 0.9600000381469727, 0.1340000033378601, 0.0, 0.0]",0.5723333358764648,0.42500004172325134,0.1998,0.33499999999999996,0.33666666666666667,0.3333333333333333,"[null, null, null, 1.0, null, 0.0, 0.0, 0.0, null, 0.01]",average@1.00,average,1.0,0.0,0.0,0.0,0.0,0.8245303711991202,0.1754696288008798,0.7150073521244875,0.7489842502186465,0.844654359768683,1197490,1197490,21,globa,runs_exp2d/seed0/population,runs_ssl/simsiam_e50_seed0/backbone_e9.pth.tar,16.0
366f9057,88ed44d1,3_5_9,3_6_7,"[0.0, 0.0, 0.0, 0.6830000281333923, 0.0, 0.4230000078678131, 0.0, 0.0, 0.0, 0.6110000014305115]","[0.0, 0.0, 0.0, 0.1810000091791153, 0.0, 0.0, 0.9600000381469727, 0.1340000033378601, 0.0, 0.0]",0.5723333358764648,0.42500004172325134,0.1992,0.33416666666666667,0.335,0.3333333333333333,"[null, null, null, 1.0, null, 0.0, 0.0, 0.0, null, 0.005]",average@0.80,average,0.8,0.0037236154593019207,0.014814119483410881,0.05759867376865449,0.26880826880622316,0.5920533147403355,0.06300200774207403,0.6393180928890668,0.6780278967451521,0.7728635243548035,14209,12315,21,globa,runs_exp2d/seed0/population,runs_ssl/simsiam_e50_seed0/backbone_e9.pth.tar,16.0
366f9057,88ed44d1,3_5_9,3_6_7,"[0.0, 0.0, 0.0, 0.6830000281333923, 0.0, 0.4230000078678131, 0.0, 0.0, 0.0, 0.6110000014305115]","[0.0, 0.0, 0.0, 0.1810000091791153, 0.0, 0.0, 0.9600000381469727, 0.1340000033378601, 0.0, 0.0]",0.5723333358764648,0.42500004172325134,0.1992,0.33416666666666667,0.335,0.3333333333333333,"[null, null, null, 1.0, null, 0.0, 0.0, 0.0, null, 0.005]",orthogonal-full@0.80,orthogonal-full,0.8,0.0037236154593019207,0.014814119483410881,0.05759867376865449,0.26880826880622316,0.5920533147403355,0.06300200774207403,0.6393180928890668,0.6780278967451521,0.7728635243548035,14209,12315,21,globa,runs_exp2d/seed0/population,runs_ssl/simsiam_e50_seed0/backbone_e9.pth.tar,16.2
366f9057,905afff7,3_5_9,3_5_6,"[0.0, 0.0, 0.0, 0.6830000281333923, 0.0, 0.4230000078678131, 0.0, 0.0, 0.0, 0.6110000014305115]","[0.0, 0.0, 0.0, 0.08700000494718552, 0.0, 0.026000000536441803, 0.9790000319480896, 0.0, 0.0, 0.0]",0.5723333358764648,0.36399999260902405,0.25475,0.3421666666666667,0.3436666666666667,0.3406666666666667,"[null, null, null, 0.965, null, 0.057, 0.0, null, null, 0.009]",average@1.00,average,1.0,0.0,0.0,0.0,0.0,0.8084839852827227,0.19151601471727744,0.6787418790800247,0.7419044688048378,0.8824758338925511,1197490,1197490,21,globa,runs_exp2d/seed0/population,runs_ssl/simsiam_e50_seed0/backbone_e9.pth.tar,15.7
366f9057,905afff7,3_5_9,3_5_6,"[0.0, 0.0, 0.0, 0.6830000281333923, 0.0, 0.4230000078678131, 0.0, 0.0, 0.0, 0.6110000014305115]","[0.0, 0.0, 0.0, 0.08700000494718552, 0.0, 0.026000000536441803, 0.9790000319480896, 0.0, 0.0, 0.0]",0.5723333358764648,0.36399999260902405,0.25325,0.3408333333333333,0.3423333333333333,0.3393333333333333,"[null, null, null, 0.97, null, 0.048, 0.0, null, null, 0.009]",average@0.80,average,0.8,0.0070261617746772125,0.026795731029863674,0.06061603683934307,0.29300018287419666,0.5441238253524369,0.06843806212948253,0.6044629582467561,0.662879605823524,0.8002061860746785,12905,13008,21,globa,runs_exp2d/seed0/population,runs_ssl/simsiam_e50_seed0/backbone_e9.pth.tar,15.9
366f9057,905afff7,3_5_9,3_5_6,"[0.0, 0.0, 0.0, 0.6830000281333923, 0.0, 0.4230000078678131, 0.0, 0.0, 0.0, 0.6110000014305115]","[0.0, 0.0, 0.0, 0.08700000494718552, 0.0, 0.026000000536441803, 0.9790000319480896, 0.0, 0.0, 0.0]",0.5723333358764648,0.36399999260902405,0.2535,0.3405,0.342,0.339,"[null, null, null, 0.97, null, 0.047, 0.0, null, null, 0.009]",orthogonal-full@0.80,orthogonal-full,0.8,0.0070261617746772125,0.026795731029863674,0.06061603683934307,0.29300018287419666,0.5441238253524369,0.06843806212948253,0.6053964551912606,0.662879605823524,0.8002061860746785,12905,13008,21,globa,runs_exp2d/seed0/population,runs_ssl/simsiam_e50_seed0/backbone_e9.pth.tar,15.9
366f9057,be2e50e9,3_5_9,3_6_7,"[0.0, 0.0, 0.0, 0.6830000281333923, 0.0, 0.4230000078678131, 0.0, 0.0, 0.0, 0.6110000014305115]","[0.0, 0.0, 0.0, 0.26100000739097595, 0.0, 0.0, 0.9020000696182251, 0.34200000762939453, 0.0, 0.0]",0.5723333358764648,0.5016667246818542,0.1992,0.3333333333333333,0.3333333333333333,0.3333333333333333,"[null, null, null, 1.0, null, 0.0, 0.0, 0.0, null, 0.0]",average@1.00,average,1.0,0.0,0.0,0.0,0.0,0.808607702669406,0.19139229733059407,0.7226445006006681,0.751925982568483,0.7881033204101235,1197490,1197490,21,globa,runs_exp2d/seed0/population,runs_ssl/simsiam_e50_seed0/backbone_e9.pth.tar,16.0
366f9057,be2e50e9,3_5_9,3_6_7,"[0.0, 0.0, 0.0, 0.6830000281333923, 0.0, 0.4230000078678131, 0.0, 0.0, 0.0, 0.6110000014305115]","[0.0, 0.0, 0.0, 0.26100000739097595, 0.0, 0.0, 0.9020000696182251, 0.34200000762939453, 0.0, 0.0]",0.5723333358764648,0.5016667246818542,0.1992,0.3333333333333333,0.3333333333333333,0.3333333333333333,"[null, null, null, 1.0, null, 0.0, 0.0, 0.0, null, 0.0]",average@0.80,average,0.8,0.00018887396071023453,0.006875034658210226,0.027861687807325255,0.33153021354088247,0.5599038146405602,0.07364037539231162,0.644655315802447,0.6737398505006124,0.7053274206924459,13033,21218,21,globa,runs_exp2d/seed0/population,runs_ssl/simsiam_e50_seed0/backbone_e9.pth.tar,16.2
366f9057,be2e50e9,3_5_9,3_6_7,"[0.0, 0.0, 0.0, 0.6830000281333923, 0.0, 0.4230000078678131, 0.0, 0.0, 0.0, 0.6110000014305115]","[0.0, 0.0, 0.0, 0.26100000739097595, 0.0, 0.0, 0.9020000696182251, 0.34200000762939453, 0.0, 0.0]",0.5723333358764648,0.5016667246818542,0.1992,0.3333333333333333,0.3333333333333333,0.3333333333333333,"[null, null, null, 1.0, null, 0.0, 0.0, 0.0, null, 0.0]",orthogonal-full@0.80,orthogonal-full,0.8,0.00018887396071023453,0.006875034658210226,0.027861687807325255,0.33153021354088247,0.5599038146405602,0.07364037539231162,0.644655315802447,0.6737398505006124,0.7069027733471912,13033,21218,21,globa,runs_exp2d/seed0/population,runs_ssl/simsiam_e50_seed0/backbone_e9.pth.tar,16.2
366f9057,cb3a86af,3_5_9,1_6_7,"[0.0, 0.0, 0.0, 0.6830000281333923, 0.0, 0.4230000078678131, 0.0, 0.0, 0.0, 0.6110000014305115]","[0.0, 0.5400000214576721, 0.0, 0.0, 0.0, 0.0, 0.9630000591278076, 0.28700000047683716, 0.0, 0.0]",0.5723333358764648,0.5966666340827942,0.2866666666666667,0.5263333333333333,0.527,0.5256666666666666,"[null, 0.515, null, 0.64, null, 0.428, 0.981, 0.081, null, 0.513]",average@1.00,average,1.0,0.0,0.0,0.0,0.0,0.834877216683229,0.16512278331677085,0.6693696299790651,0.7410181120879604,0.8483530451834302,1197490,1197490,21,globa,runs_exp2d/seed0/population,runs_ssl/simsiam_e50_seed0/backbone_e9.pth.tar,16.5
366f9057,cb3a86af,3_5_9,1_6_7,"[0.0, 0.0, 0.0, 0.6830000281333923, 0.0, 0.4230000078678131, 0.0, 0.0, 0.0, 0.6110000014305115]","[0.0, 0.5400000214576721, 0.0, 0.0, 0.0, 0.0, 0.9630000591278076, 0.28700000047683716, 0.0, 0.0]",0.5723333358764648,0.5966666340827942,0.263,0.486,0.486,0.486,"[null, 0.435, null, 0.653, null, 0.39, 0.976, 0.047, null, 0.415]",average@0.80,average,0.8,0.0005505882424048105,0.0068801754335003264,0.05305917618449946,0.30930548598138424,0.5724777757689478,0.0577267983892634,0.5916203374401023,0.6613628749991377,0.7608321782310872,13894,10831,21,globa,runs_exp2d/seed0/population,runs_ssl/simsiam_e50_seed0/backbone_e9.pth.tar,17.1
366f9057,cb3a86af,3_5_9,1_6_7,"[0.0, 0.0, 0.0, 0.6830000281333923, 0.0, 0.4230000078678131, 0.0, 0.0, 0.0, 0.6110000014305115]","[0.0, 0.5400000214576721, 0.0, 0.0, 0.0, 0.0, 0.9630000591278076, 0.28700000047683716, 0.0, 0.0]",0.5723333358764648,0.5966666340827942,0.263,0.48583333333333334,0.4856666666666667,0.486,"[null, 0.435, null, 0.649, null, 0.393, 0.976, 0.047, null, 0.415]",orthogonal-full@0.80,orthogonal-full,0.8,0.0005505882424048105,0.0068801754335003264,0.05305917618449946,0.30930548598138424,0.5724777757689478,0.0577267983892634,0.5916203374401023,0.6613628749991377,0.7615692541053372,13894,10831,21,globa,runs_exp2d/seed0/population,runs_ssl/simsiam_e50_seed0/backbone_e9.pth.tar,16.8
366f9057,d8bd0bc0,3_5_9,4_5_7,"[0.0, 0.0, 0.0, 0.6830000281333923, 0.0, 0.4230000078678131, 0.0, 0.0, 0.0, 0.6110000014305115]","[0.0, 0.0, 0.0, 0.0, 0.6810000538825989, 0.64000004529953, 0.0, 0.12700000405311584, 0.0, 0.0]",0.5723333358764648,0.4826667010784149,0.202,0.3333333333333333,0.3333333333333333,0.3333333333333333,"[null, null, null, 0.0, 0.0, 1.0, null, 0.0, null, 0.0]",average@1.00,average,1.0,0.0,0.0,0.0,0.0,0.8235793032663881,0.17642069673361194,0.6782704980982369,0.7293645569129089,0.8912648952941599,1197490,1197490,21,globa,runs_exp2d/seed0/population,runs_ssl/simsiam_e50_seed0/backbone_e9.pth.tar,16.0
366f9057,d8bd0bc0,3_5_9,4_5_7,"[0.0, 0.0, 0.0, 0.6830000281333923, 0.0, 0.4230000078678131, 0.0, 0.0, 0.0, 0.6110000014305115]","[0.0, 0.0, 0.0, 0.0, 0.6810000538825989, 0.64000004529953, 0.0, 0.12700000405311584, 0.0, 0.0]",0.5723333358764648,0.4826667010784149,0.202,0.3333333333333333,0.3333333333333333,0.3333333333333333,"[null, null, null, 0.0, 0.0, 1.0, null, 0.0, null, 0.0]",average@0.80,average,0.8,0.00028034288769326877,0.005921646824283786,0.04464866717823381,0.33612263342840726,0.5535360094748504,0.05949070020653132,0.6001827078207612,0.6526707285113151,0.8137576688968611,14411,12178,21,globa,runs_exp2d/seed0/population,runs_ssl/simsiam_e50_seed0/backbone_e9.pth.tar,16.6
366f9057,d8bd0bc0,3_5_9,4_5_7,"[0.0, 0.0, 0.0, 0.6830000281333923, 0.0, 0.4230000078678131, 0.0, 0.0, 0.0, 0.6110000014305115]","[0.0, 0.0, 0.0, 0.0, 0.6810000538825989, 0.64000004529953, 0.0, 0.12700000405311584, 0.0, 0.0]",0.5723333358764648,0.4826667010784149,0.202,0.3333333333333333,0.3333333333333333,0.3333333333333333,"[null, null, null, 0.0, 0.0, 1.0, null, 0.0, null, 0.0]",orthogonal-full@0.80,orthogonal-full,0.8,0.00028034288769326877,0.005921646824283786,0.04464866717823381,0.33612263342840726,0.5535360094748504,0.05949070020653132,0.6001827078207612,0.6526707285113151,0.8137576688968611,14411,12178,21,globa,runs_exp2d/seed0/population,runs_ssl/simsiam_e50_seed0/backbone_e9.pth.tar,16.3
366f9057,e1762771,3_5_9,1_2_4,"[0.0, 0.0, 0.0, 0.6830000281333923, 0.0, 0.4230000078678131, 0.0, 0.0, 0.0, 0.6110000014305115]","[0.0, 0.5320000052452087, 0.11600000411272049, 0.0, 0.9160000681877136, 0.0, 0.0, 0.0, 0.0, 0.0]",0.5723333358764648,0.5213333964347839,0.21483333333333332,0.401,0.38533333333333336,0.4166666666666667,"[null, 0.23, 0.065, 0.693, 0.955, 0.359, null, null, null, 0.104]",average@1.00,average,1.0,0.0,0.0,0.0,0.0,0.8247341479397486,0.17526585206025128,0.5655571979845654,0.7186003366089193,0.7477843900129677,1197490,1197490,21,globa,runs_exp2d/seed0/population,runs_ssl/simsiam_e50_seed0/backbone_e9.pth.tar,16.9
366f9057,e1762771,3_5_9,1_2_4,"[0.0, 0.0, 0.0, 0.6830000281333923, 0.0, 0.4230000078678131, 0.0, 0.0, 0.0, 0.6110000014305115]","[0.0, 0.5320000052452087, 0.11600000411272049, 0.0, 0.9160000681877136, 0.0, 0.0, 0.0, 0.0, 0.0]",0.5723333358764648,0.5213333964347839,0.18766666666666668,0.37316666666666665,0.35333333333333333,0.393,"[null, 0.186, 0.041, 0.702, 0.952, 0.327, null, null, null, 0.031]",average@0.80,average,0.8,0.00011404271149552718,0.002628204672920501,0.05016427609588039,0.34117111400532174,0.5513919687919099,0.054530393722471836,0.47737920379734944,0.6398774235724375,0.673935188628042,11631,10572,21,globa,runs_exp2d/seed0/population,runs_ssl/simsiam_e50_seed0/backbone_e9.pth.tar,17.0
366f9057,e1762771,3_5_9,1_2_4,"[0.0, 0.0, 0.0, 0.6830000281333923, 0.0, 0.4230000078678131, 0.0, 0.0, 0.0, 0.6110000014305115]","[0.0, 0.5320000052452087, 0.11600000411272049, 0.0, 0.9160000681877136, 0.0, 0.0, 0.0, 0.0, 0.0]",0.5723333358764648,0.5213333964347839,0.18783333333333332,0.37283333333333335,0.3526666666666667,0.393,"[null, 0.186, 0.041, 0.699, 0.952, 0.328, null, null, null, 0.031]",orthogonal-full@0.80,orthogonal-full,0.8,0.00011404271149552718,0.002628204672920501,0.05016427609588039,0.34117111400532174,0.5513919687919099,0.054530393722471836,0.47737920379734944,0.6399564975799015,0.673935188628042,11631,10572,21,globa,runs_exp2d/seed0/population,runs_ssl/simsiam_e50_seed0/backbone_e9.pth.tar,16.9
5ffed8da,88ed44d1,6_8_9,3_6_7,"[0.0, 0.0, 0.0, 0.0, 0.0, 0.0, 0.9120000600814819, 0.0, 0.7490000128746033, 0.6790000200271606]","[0.0, 0.0, 0.0, 0.1810000091791153, 0.0, 0.0, 0.9600000381469727, 0.1340000033378601, 0.0, 0.0]",0.7800000309944153,0.42500004172325134,0.2614,0.44333333333333336,0.547,0.3396666666666667,"[null, null, null, 0.004, null, null, 0.998, 0.017, 0.55, 0.093]",average@1.00,average,1.0,0.0,0.0,0.0,0.0,0.7949133176536521,0.205086682346348,0.6949715543345821,0.7508022040327932,0.8389456847044342,1197490,1197490,21,globa,runs_exp2d/seed0/population,runs_ssl/simsiam_e50_seed0/backbone_e9.pth.tar,16.2
5ffed8da,88ed44d1,6_8_9,3_6_7,"[0.0, 0.0, 0.0, 0.0, 0.0, 0.0, 0.9120000600814819, 0.0, 0.7490000128746033, 0.6790000200271606]","[0.0, 0.0, 0.0, 0.1810000091791153, 0.0, 0.0, 0.9600000381469727, 0.1340000033378601, 0.0, 0.0]",0.7800000309944153,0.42500004172325134,0.2472,0.4225,0.508,0.337,"[null, null, null, 0.0, null, null, 0.998, 0.013, 0.463, 0.063]",average@0.80,average,0.8,6.0337646514952415e-05,0.0025090354597752935,0.08964173971316747,0.2404704882862876,0.569614277032515,0.09770412186173993,0.6144537721319813,0.6722122130779582,0.7607472272961933,10105,13576,21,globa,runs_exp2d/seed0/population,runs_ssl/simsiam_e50_seed0/backbone_e9.pth.tar,16.5
5ffed8da,88ed44d1,6_8_9,3_6_7,"[0.0, 0.0, 0.0, 0.0, 0.0, 0.0, 0.9120000600814819, 0.0, 0.7490000128746033, 0.6790000200271606]","[0.0, 0.0, 0.0, 0.1810000091791153, 0.0, 0.0, 0.9600000381469727, 0.1340000033378601, 0.0, 0.0]",0.7800000309944153,0.42500004172325134,0.2472,0.4218333333333334,0.5066666666666667,0.337,"[null, null, null, 0.0, null, null, 0.998, 0.013, 0.461, 0.061]",orthogonal-full@0.80,orthogonal-full,0.8,6.0337646514952415e-05,0.0025090354597752935,0.08964173971316747,0.2404704882862876,0.569614277032515,0.09770412186173993,0.6144537721319813,0.6722122130779582,0.7607472272961933,10105,13576,21,globa,runs_exp2d/seed0/population,runs_ssl/simsiam_e50_seed0/backbone_e9.pth.tar,16.9
5ffed8da,905afff7,6_8_9,3_5_6,"[0.0, 0.0, 0.0, 0.0, 0.0, 0.0, 0.9120000600814819, 0.0, 0.7490000128746033, 0.6790000200271606]","[0.0, 0.0, 0.0, 0.08700000494718552, 0.0, 0.026000000536441803, 0.9790000319480896, 0.0, 0.0, 0.0]",0.7800000309944153,0.36399999260902405,0.2358,0.3935,0.453,0.334,"[null, null, null, 0.002, null, 0.001, 0.999, null, 0.288, 0.072]",average@1.00,average,1.0,0.0,0.0,0.0,0.0,0.7817068265555926,0.2182931734444074,0.700994359174433,0.747279319513654,0.8396260578085695,1197490,1197490,21,globa,runs_exp2d/seed0/population,runs_ssl/simsiam_e50_seed0/backbone_e9.pth.tar,16.5
5ffed8da,905afff7,6_8_9,3_5_6,"[0.0, 0.0, 0.0, 0.0, 0.0, 0.0, 0.9120000600814819, 0.0, 0.7490000128746033, 0.6790000200271606]","[0.0, 0.0, 0.0, 0.08700000494718552, 0.0, 0.026000000536441803, 0.9790000319480896, 0.0, 0.0, 0.0]",0.7800000309944153,0.36399999260902405,0.2244,0.3715,0.4096666666666667,0.3333333333333333,"[null, null, null, 0.0, null, 0.001, 0.999, null, 0.17, 0.06]",average@0.80,average,0.8,0.00037984597471918565,0.0022608680030979968,0.11696388949167413,0.23408247663064063,0.5469058713192266,0.09940704858064159,0.6232518899319379,0.6702996249630758,0.760115598145064,10075,12241,21,globa,runs_exp2d/seed0/population,runs_ssl/simsiam_e50_seed0/backbone_e9.pth.tar,16.8
5ffed8da,905afff7,6_8_9,3_5_6,"[0.0, 0.0, 0.0, 0.0, 0.0, 0.0, 0.9120000600814819, 0.0, 0.7490000128746033, 0.6790000200271606]","[0.0, 0.0, 0.0, 0.08700000494718552, 0.0, 0.026000000536441803, 0.9790000319480896, 0.0, 0.0, 0.0]",0.7800000309944153,0.36399999260902405,0.2246,0.37183333333333335,0.4103333333333333,0.3333333333333333,"[null, null, null, 0.0, null, 0.001, 0.999, null, 0.171, 0.061]",orthogonal-full@0.80,orthogonal-full,0.8,0.00037984597471918565,0.0022608680030979968,0.11696388949167413,0.23408247663064063,0.5469058713192266,0.09940704858064159,0.6238052768074914,0.6708960791201077,0.7653292962069902,10075,12241,21,globa,runs_exp2d/seed0/population,runs_ssl/simsiam_e50_seed0/backbone_e9.pth.tar,16.7
5ffed8da,be2e50e9,6_8_9,3_6_7,"[0.0, 0.0, 0.0, 0.0, 0.0, 0.0, 0.9120000600814819, 0.0, 0.7490000128746033, 0.6790000200271606]","[0.0, 0.0, 0.0, 0.26100000739097595, 0.0, 0.0, 0.9020000696182251, 0.34200000762939453, 0.0, 0.0]",0.7800000309944153,0.5016667246818542,0.263,0.45733333333333337,0.5736666666666667,0.341,"[null, null, null, 0.014, null, null, 0.995, 0.014, 0.505, 0.221]",average@1.00,average,1.0,0.0,0.0,0.0,0.0,0.7470604265501642,0.2529395734498358,0.732610825777122,0.7605978545345007,0.820446996911907,1197490,1197490,21,globa,runs_exp2d/seed0/population,runs_ssl/simsiam_e50_seed0/backbone_e9.pth.tar,16.4
5ffed8da,be2e50e9,6_8_9,3_6_7,"[0.0, 0.0, 0.0, 0.0, 0.0, 0.0, 0.9120000600814819, 0.0, 0.7490000128746033, 0.6790000200271606]","[0.0, 0.0, 0.0, 0.26100000739097595, 0.0, 0.0, 0.9020000696182251, 0.34200000762939453, 0.0, 0.0]",0.7800000309944153,0.5016667246818542,0.247,0.42633333333333334,0.5133333333333333,0.3393333333333333,"[null, null, null, 0.013, null, null, 0.995, 0.01, 0.358, 0.187]",average@0.80,average,0.8,0.0004933096375862811,0.004391118908326,0.0544279483514202,0.2835008988580287,0.5218799999189024,0.1353067243257364,0.6561311106701989,0.6791651851117153,0.7438650291457977,10694,20144,21,globa,runs_exp2d/seed0/population,runs_ssl/simsiam_e50_seed0/backbone_e9.pth.tar,16.7
5ffed8da,be2e50e9,6_8_9,3_6_7,"[0.0, 0.0, 0.0, 0.0, 0.0, 0.0, 0.9120000600814819, 0.0, 0.7490000128746033, 0.6790000200271606]","[0.0, 0.0, 0.0, 0.26100000739097595, 0.0, 0.0, 0.9020000696182251, 0.34200000762939453, 0.0, 0.0]",0.7800000309944153,0.5016667246818542,0.247,0.4268333333333333,0.5143333333333333,0.3393333333333333,"[null, null, null, 0.013, null, null, 0.995, 0.01, 0.361, 0.187]",orthogonal-full@0.80,orthogonal-full,0.8,0.0004933096375862811,0.004391118908326,0.0544279483514202,0.2835008988580287,0.5218799999189024,0.1353067243257364,0.6564341739232874,0.6794996191587106,0.7438650291457977,10694,20144,21,globa,runs_exp2d/seed0/population,runs_ssl/simsiam_e50_seed0/backbone_e9.pth.tar,16.5
5ffed8da,cb3a86af,6_8_9,1_6_7,"[0.0, 0.0, 0.0, 0.0, 0.0, 0.0, 0.9120000600814819, 0.0, 0.7490000128746033, 0.6790000200271606]","[0.0, 0.5400000214576721, 0.0, 0.0, 0.0, 0.0, 0.9630000591278076, 0.28700000047683716, 0.0, 0.0]",0.7800000309944153,0.5966666340827942,0.2296,0.4615,0.555,0.368,"[null, 0.091, null, null, null, null, 0.995, 0.018, 0.493, 0.177]",average@1.00,average,1.0,0.0,0.0,0.0,0.0,0.7962855196329094,0.2037144803670906,0.6945285181131595,0.728210295221162,0.8059244250076063,1197490,1197490,21,globa,runs_exp2d/seed0/population,runs_ssl/simsiam_e50_seed0/backbone_e9.pth.tar,16.1
5ffed8da,cb3a86af,6_8_9,1_6_7,"[0.0, 0.0, 0.0, 0.0, 0.0, 0.0, 0.9120000600814819, 0.0, 0.7490000128746033, 0.6790000200271606]","[0.0, 0.5400000214576721, 0.0, 0.0, 0.0, 0.0, 0.9630000591278076, 0.28700000047683716, 0.0, 0.0]",0.7800000309944153,0.5966666340827942,0.2198,0.42583333333333334,0.4876666666666667,0.364,"[null, 0.083, null, null, null, null, 0.995, 0.014, 0.32, 0.148]",average@0.80,average,0.8,0.0011292405975260736,0.0043236961115336505,0.11209347124424981,0.27103152678385767,0.5363034403792233,0.07511862488360953,0.6127348292730589,0.6494728435895911,0.7317855167390273,13206,9565,21,globa,runs_exp2d/seed0/population,runs_ssl/simsiam_e50_seed0/backbone_e9.pth.tar,16.6
5ffed8da,cb3a86af,6_8_9,1_6_7,"[0.0, 0.0, 0.0, 0.0, 0.0, 0.0, 0.9120000600814819, 0.0, 0.7490000128746033, 0.6790000200271606]","[0.0, 0.5400000214576721, 0.0, 0.0, 0.0, 0.0, 0.9630000591278076, 0.28700000047683716, 0.0, 0.0]",0.7800000309944153,0.5966666340827942,0.2198,0.42583333333333334,0.4876666666666667,0.364,"[null, 0.083, null, null, null, null, 0.995, 0.014, 0.319, 0.149]",orthogonal-full@0.80,orthogonal-full,0.8,0.0011292405975260736,0.0043236961115336505,0.11209347124424981,0.27103152678385767,0.5363034403792233,0.07511862488360953,0.6129407048635549,0.6511207387763498,0.7317855167390273,13206,9565,21,globa,runs_exp2d/seed0/population,runs_ssl/simsiam_e50_seed0/backbone_e9.pth.tar,16.7
5ffed8da,d8bd0bc0,6_8_9,4_5_7,"[0.0, 0.0, 0.0, 0.0, 0.0, 0.0, 0.9120000600814819, 0.0, 0.7490000128746033, 0.6790000200271606]","[0.0, 0.0, 0.0, 0.0, 0.6810000538825989, 0.64000004529953, 0.0, 0.12700000405311584, 0.0, 0.0]",0.7800000309944153,0.4826667010784149,0.323,0.5521666666666667,0.7376666666666667,0.36666666666666664,"[null, null, null, null, 0.018, 0.901, 0.786, 0.181, 0.747, 0.68]",average@1.00,average,1.0,0.0,0.0,0.0,0.0,0.7972619689514964,0.2027380310485037,0.6880634548607096,0.7300084104216639,0.7960214062800735,1197490,1197490,21,globa,runs_exp2d/seed0/population,runs_ssl/simsiam_e50_seed0/backbone_e9.pth.tar,17.3
5ffed8da,d8bd0bc0,6_8_9,4_5_7,"[0.0, 0.0, 0.0, 0.0, 0.0, 0.0, 0.9120000600814819, 0.0, 0.7490000128746033, 0.6790000200271606]","[0.0, 0.0, 0.0, 0.0, 0.6810000538825989, 0.64000004529953, 0.0, 0.12700000405311584, 0.0, 0.0]",0.7800000309944153,0.4826667010784149,0.28733333333333333,0.5243333333333333,0.693,0.3556666666666667,"[null, null, null, null, 0.018, 0.886, 0.69, 0.163, 0.723, 0.666]",average@0.80,average,0.8,0.00025667065097234533,0.002796975789549141,0.049133007836064876,0.280389383828909,0.5708225137159693,0.09660144817853551,0.6041699158781447,0.6520645002869048,0.7227811217599442,10380,14869,21,globa,runs_exp2d/seed0/population,runs_ssl/simsiam_e50_seed0/backbone_e9.pth.tar,16.9
5ffed8da,d8bd0bc0,6_8_9,4_5_7,"[0.0, 0.0, 0.0, 0.0, 0.0, 0.0, 0.9120000600814819, 0.0, 0.7490000128746033, 0.6790000200271606]","[0.0, 0.0, 0.0, 0.0, 0.6810000538825989, 0.64000004529953, 0.0, 0.12700000405311584, 0.0, 0.0]",0.7800000309944153,0.4826667010784149,0.2871666666666667,0.5246666666666666,0.6926666666666667,0.3566666666666667,"[null, null, null, null, 0.018, 0.886, 0.689, 0.166, 0.722, 0.667]",orthogonal-full@0.80,orthogonal-full,0.8,0.00025667065097234533,0.002796975789549141,0.049133007836064876,0.280389383828909,0.5708225137159693,0.09660144817853551,0.6041699158781447,0.6523083828827795,0.7227811217599442,10380,14869,21,globa,runs_exp2d/seed0/population,runs_ssl/simsiam_e50_seed0/backbone_e9.pth.tar,16.8
5ffed8da,e1762771,6_8_9,1_2_4,"[0.0, 0.0, 0.0, 0.0, 0.0, 0.0, 0.9120000600814819, 0.0, 0.7490000128746033, 0.6790000200271606]","[0.0, 0.5320000052452087, 0.11600000411272049, 0.0, 0.9160000681877136, 0.0, 0.0, 0.0, 0.0, 0.0]",0.7800000309944153,0.5213333964347839,0.3576666666666667,0.5121666666666667,0.634,0.3903333333333333,"[null, 0.173, 0.864, null, 0.134, null, 0.903, null, 0.957, 0.042]",average@1.00,average,1.0,0.0,0.0,0.0,0.0,0.7951742956585748,0.2048257043414253,0.6881295509154253,0.718691700941834,0.8829508802626143,1197490,1197490,21,globa,runs_exp2d/seed0/population,runs_ssl/simsiam_e50_seed0/backbone_e9.pth.tar,16.6
5ffed8da,e1762771,6_8_9,1_2_4,"[0.0, 0.0, 0.0, 0.0, 0.0, 0.0, 0.9120000600814819, 0.0, 0.7490000128746033, 0.6790000200271606]","[0.0, 0.5320000052452087, 0.11600000411272049, 0.0, 0.9160000681877136, 0.0, 0.0, 0.0, 0.0, 0.0]",0.7800000309944153,0.5213333964347839,0.3491666666666667,0.48933333333333334,0.6216666666666667,0.357,"[null, 0.104, 0.852, null, 0.115, null, 0.89, null, 0.955, 0.02]",average@0.80,average,0.8,0.0006669421848470858,0.004376166639959476,0.06602860483525894,0.2907996549507073,0.5523860135142812,0.08574261787494601,0.6072109370781785,0.643171278028138,0.795207163575176,11624,9693,21,globa,runs_exp2d/seed0/population,runs_ssl/simsiam_e50_seed0/backbone_e9.pth.tar,17.0
5ffed8da,e1762771,6_8_9,1_2_4,"[0.0, 0.0, 0.0, 0.0, 0.0, 0.0, 0.9120000600814819, 0.0, 0.7490000128746033, 0.6790000200271606]","[0.0, 0.5320000052452087, 0.11600000411272049, 0.0, 0.9160000681877136, 0.0, 0.0, 0.0, 0.0, 0.0]",0.7800000309944153,0.5213333964347839,0.34883333333333333,0.48950000000000005,0.6216666666666667,0.35733333333333334,"[null, 0.104, 0.852, null, 0.116, null, 0.89, null, 0.955, 0.02]",orthogonal-full@0.80,orthogonal-full,0.8,0.0006669421848470858,0.004376166639959476,0.06602860483525894,0.2907996549507073,0.5523860135142812,0.08574261787494601,0.6072109370781785,0.644188709975978,0.795207163575176,11624,9693,21,globa,runs_exp2d/seed0/population,runs_ssl/simsiam_e50_seed0/backbone_e9.pth.tar,16.8
88ed44d1,905afff7,3_6_7,3_5_6,"[0.0, 0.0, 0.0, 0.1810000091791153, 0.0, 0.0, 0.9600000381469727, 0.1340000033378601, 0.0, 0.0]","[0.0, 0.0, 0.0, 0.08700000494718552, 0.0, 0.026000000536441803, 0.9790000319480896, 0.0, 0.0, 0.0]",0.42500004172325134,0.36399999260902405,0.304,0.403,0.403,0.403,"[null, null, null, 0.26, null, 0.0, 0.949, 0.0, null, null]",average@1.00,average,1.0,0.0,0.0,0.0,0.0,0.8464906491215505,0.1535093508784495,0.6991560273291946,0.7924869242634796,0.9350416385544837,1197490,1197490,21,globa,runs_exp2d/seed0/population,runs_ssl/simsiam_e50_seed0/backbone_e9.pth.tar,16.3
88ed44d1,905afff7,3_6_7,3_5_6,"[0.0, 0.0, 0.0, 0.1810000091791153, 0.0, 0.0, 0.9600000381469727, 0.1340000033378601, 0.0, 0.0]","[0.0, 0.0, 0.0, 0.08700000494718552, 0.0, 0.026000000536441803, 0.9790000319480896, 0.0, 0.0, 0.0]",0.42500004172325134,0.36399999260902405,0.29975,0.399,0.399,0.399,"[null, null, null, 0.244, null, 0.0, 0.953, 0.0, null, null]",average@0.80,average,0.8,0.00019002711067615889,0.001823049001769575,0.1094354510759387,0.23330821484314657,0.599106608963097,0.05613664900537208,0.6171961080596272,0.7181824904638627,0.8430204976461922,10739,12209,21,globa,runs_exp2d/seed0/population,runs_ssl/simsiam_e50_seed0/backbone_e9.pth.tar,16.5
88ed44d1,905afff7,3_6_7,3_5_6,"[0.0, 0.0, 0.0, 0.1810000091791153, 0.0, 0.0, 0.9600000381469727, 0.1340000033378601, 0.0, 0.0]","[0.0, 0.0, 0.0, 0.08700000494718552, 0.0, 0.026000000536441803, 0.9790000319480896, 0.0, 0.0, 0.0]",0.42500004172325134,0.36399999260902405,0.2995,0.3993333333333333,0.3993333333333333,0.3993333333333333,"[null, null, null, 0.244, null, 0.0, 0.954, 0.0, null, null]",orthogonal-full@0.80,orthogonal-full,0.8,0.00019002711067615889,0.001823049001769575,0.1094354510759387,0.23330821484314657,0.599106608963097,0.05613664900537208,0.6171961080596272,0.7181824904638627,0.8433180234334748,10739,12209,21,globa,runs_exp2d/seed0/population,runs_ssl/simsiam_e50_seed0/backbone_e9.pth.tar,16.3
88ed44d1,be2e50e9,3_6_7,3_6_7,"[0.0, 0.0, 0.0, 0.1810000091791153, 0.0, 0.0, 0.9600000381469727, 0.1340000033378601, 0.0, 0.0]","[0.0, 0.0, 0.0, 0.26100000739097595, 0.0, 0.0, 0.9020000696182251, 0.34200000762939453, 0.0, 0.0]",0.42500004172325134,0.5016667246818542,0.473,0.47633333333333333,0.47633333333333333,0.47633333333333333,"[null, null, null, 0.296, null, null, 0.905, 0.228, null, null]",average@1.00,average,1.0,0.0,0.0,0.0,0.0,0.8009714059570048,0.19902859404299533,0.6973796016247983,0.7424343903528731,0.7942955960738887,1197490,1197490,21,globa,runs_exp2d/seed0/population,runs_ssl/simsiam_e50_seed0/backbone_e9.pth.tar,16.4
88ed44d1,be2e50e9,3_6_7,3_6_7,"[0.0, 0.0, 0.0, 0.1810000091791153, 0.0, 0.0, 0.9600000381469727, 0.1340000033378601, 0.0, 0.0]","[0.0, 0.0, 0.0, 0.26100000739097595, 0.0, 0.0, 0.9020000696182251, 0.34200000762939453, 0.0, 0.0]",0.42500004172325134,0.5016667246818542,0.445,0.44733333333333336,0.44733333333333336,0.44733333333333336,"[null, null, null, 0.26, null, null, 0.915, 0.167, null, null]",average@0.80,average,0.8,0.0009992943119883307,0.005000179969437452,0.08747504398250143,0.2995950538982363,0.5349897921376422,0.0719406357001944,0.622389849644494,0.6681400281760181,0.7151115399648985,13662,18256,21,globa,runs_exp2d/seed0/population,runs_ssl/simsiam_e50_seed0/backbone_e9.pth.tar,16.2
88ed44d1,be2e50e9,3_6_7,3_6_7,"[0.0, 0.0, 0.0, 0.1810000091791153, 0.0, 0.0, 0.9600000381469727, 0.1340000033378601, 0.0, 0.0]","[0.0, 0.0, 0.0, 0.26100000739097595, 0.0, 0.0, 0.9020000696182251, 0.34200000762939453, 0.0, 0.0]",0.42500004172325134,0.5016667246818542,0.446,0.44866666666666666,0.44866666666666666,0.44866666666666666,"[null, null, null, 0.26, null, null, 0.915, 0.171, null, null]",orthogonal-full@0.80,orthogonal-full,0.8,0.0009992943119883307,0.005000179969437452,0.08747504398250143,0.2995950538982363,0.5349897921376422,0.0719406357001944,0.622389849644494,0.6681400281760181,0.7151115399648985,13662,18256,21,globa,runs_exp2d/seed0/population,runs_ssl/simsiam_e50_seed0/backbone_e9.pth.tar,16.2
88ed44d1,cb3a86af,3_6_7,1_6_7,"[0.0, 0.0, 0.0, 0.1810000091791153, 0.0, 0.0, 0.9600000381469727, 0.1340000033378601, 0.0, 0.0]","[0.0, 0.5400000214576721, 0.0, 0.0, 0.0, 0.0, 0.9630000591278076, 0.28700000047683716, 0.0, 0.0]",0.42500004172325134,0.5966666340827942,0.355,0.47,0.47,0.47,"[null, 0.0, null, 0.0, null, null, 0.943, 0.467, null, null]",average@1.00,average,1.0,0.0,0.0,0.0,0.0,0.7993026146974885,0.20069738530251158,0.677743460585111,0.7091838430561803,0.736154703295402,1197490,1197490,21,globa,runs_exp2d/seed0/population,runs_ssl/simsiam_e50_seed0/backbone_e9.pth.tar,16.4
88ed44d1,cb3a86af,3_6_7,1_6_7,"[0.0, 0.0, 0.0, 0.1810000091791153, 0.0, 0.0, 0.9600000381469727, 0.1340000033378601, 0.0, 0.0]","[0.0, 0.5400000214576721, 0.0, 0.0, 0.0, 0.0, 0.9630000591278076, 0.28700000047683716, 0.0, 0.0]",0.42500004172325134,0.5966666340827942,0.346,0.458,0.458,0.458,"[null, 0.0, null, 0.0, null, null, 0.949, 0.425, null, null]",average@0.80,average,0.8,0.0009394235377597176,0.008326720847718997,0.08261025504828452,0.3178609625140189,0.526207484817783,0.06405515323443489,0.601813667926459,0.6332805590988405,0.6599049561769311,14995,13318,21,globa,runs_exp2d/seed0/population,runs_ssl/simsiam_e50_seed0/backbone_e9.pth.tar,16.4
88ed44d1,cb3a86af,3_6_7,1_6_7,"[0.0, 0.0, 0.0, 0.1810000091791153, 0.0, 0.0, 0.9600000381469727, 0.1340000033378601, 0.0, 0.0]","[0.0, 0.5400000214576721, 0.0, 0.0, 0.0, 0.0, 0.9630000591278076, 0.28700000047683716, 0.0, 0.0]",0.42500004172325134,0.5966666340827942,0.3455,0.45766666666666667,0.45766666666666667,0.45766666666666667,"[null, 0.0, null, 0.0, null, null, 0.949, 0.424, null, null]",orthogonal-full@0.80,orthogonal-full,0.8,0.0009394235377597176,0.008326720847718997,0.08261025504828452,0.3178609625140189,0.526207484817783,0.06405515323443489,0.601813667926459,0.6332805590988405,0.6599049561769311,14995,13318,21,globa,runs_exp2d/seed0/population,runs_ssl/simsiam_e50_seed0/backbone_e9.pth.tar,16.6
88ed44d1,d8bd0bc0,3_6_7,4_5_7,"[0.0, 0.0, 0.0, 0.1810000091791153, 0.0, 0.0, 0.9600000381469727, 0.1340000033378601, 0.0, 0.0]","[0.0, 0.0, 0.0, 0.0, 0.6810000538825989, 0.64000004529953, 0.0, 0.12700000405311584, 0.0, 0.0]",0.42500004172325134,0.4826667010784149,0.2008,0.33399999999999996,0.3333333333333333,0.33466666666666667,"[null, null, null, 0.0, 0.0, 0.005, 0.001, 0.999, null, null]",average@1.00,average,1.0,0.0,0.0,0.0,0.0,0.8365693180649827,0.16343068193501747,0.6894266192024516,0.736431564532244,0.8763674162276417,1197490,1197490,21,globa,runs_exp2d/seed0/population,runs_ssl/simsiam_e50_seed0/backbone_e9.pth.tar,16.4
88ed44d1,d8bd0bc0,3_6_7,4_5_7,"[0.0, 0.0, 0.0, 0.1810000091791153, 0.0, 0.0, 0.9600000381469727, 0.1340000033378601, 0.0, 0.0]","[0.0, 0.0, 0.0, 0.0, 0.6810000538825989, 0.64000004529953, 0.0, 0.12700000405311584, 0.0, 0.0]",0.42500004172325134,0.4826667010784149,0.2006,0.3333333333333333,0.3333333333333333,0.3333333333333333,"[null, null, null, 0.0, 0.0, 0.0, 0.0, 1.0, null, null]",average@0.80,average,0.8,0.00024985018749944807,0.0022728029757568594,0.05799547671747693,0.2931059121993131,0.5960610145154105,0.05031494340454332,0.6126464345234738,0.6659441014385057,0.797584784778078,13428,13686,21,globa,runs_exp2d/seed0/population,runs_ssl/simsiam_e50_seed0/backbone_e9.pth.tar,16.7
88ed44d1,d8bd0bc0,3_6_7,4_5_7,"[0.0, 0.0, 0.0, 0.1810000091791153, 0.0, 0.0, 0.9600000381469727, 0.1340000033378601, 0.0, 0.0]","[0.0, 0.0, 0.0, 0.0, 0.6810000538825989, 0.64000004529953, 0.0, 0.12700000405311584, 0.0, 0.0]",0.42500004172325134,0.4826667010784149,0.2006,0.3333333333333333,0.3333333333333333,0.3333333333333333,"[null, null, null, 0.0, 0.0, 0.0, 0.0, 1.0, null, null]",orthogonal-full@0.80,orthogonal-full,0.8,0.00024985018749944807,0.0022728029757568594,0.05799547671747693,0.2931059121993131,0.5960610145154105,0.05031494340454332,0.6128165348718048,0.6659441014385057,0.797584784778078,13428,13686,21,globa,runs_exp2d/seed0/population,runs_ssl/simsiam_e50_seed0/backbone_e9.pth.tar,16.4
88ed44d1,e1762771,3_6_7,1_2_4,"[0.0, 0.0, 0.0, 0.1810000091791153, 0.0, 0.0, 0.9600000381469727, 0.1340000033378601, 0.0, 0.0]","[0.0, 0.5320000052452087, 0.11600000411272049, 0.0, 0.9160000681877136, 0.0, 0.0, 0.0, 0.0, 0.0]",0.42500004172325134,0.5213333964347839,0.24266666666666667,0.4191666666666667,0.387,0.4513333333333333,"[null, 0.336, 0.532, 0.115, 0.486, null, 0.958, 0.088, null, null]",average@1.00,average,1.0,0.0,0.0,0.0,0.0,0.8237867633894486,0.17621323661055147,0.6949907673828883,0.7344802497748671,0.848672587525451,1197490,1197490,21,globa,runs_exp2d/seed0/population,runs_ssl/simsiam_e50_seed0/backbone_e9.pth.tar,16.6
88ed44d1,e1762771,3_6_7,1_2_4,"[0.0, 0.0, 0.0, 0.1810000091791153, 0.0, 0.0, 0.9600000381469727, 0.1340000033378601, 0.0, 0.0]","[0.0, 0.5320000052452087, 0.11600000411272049, 0.0, 0.9160000681877136, 0.0, 0.0, 0.0, 0.0, 0.0]",0.42500004172325134,0.5213333964347839,0.22216666666666668,0.38383333333333336,0.37166666666666665,0.396,"[null, 0.246, 0.561, 0.094, 0.381, null, 0.962, 0.059, null, null]",average@0.80,average,0.8,0.0003797783237588735,0.0057518520249998,0.057964859780558986,0.29526228982628017,0.578995053196853,0.061646166847549186,0.6140770352166081,0.6563203392825043,0.7649412158492485,12451,13883,21,globa,runs_exp2d/seed0/population,runs_ssl/simsiam_e50_seed0/backbone_e9.pth.tar,16.8
88ed44d1,e1762771,3_6_7,1_2_4,"[0.0, 0.0, 0.0, 0.1810000091791153, 0.0, 0.0, 0.9600000381469727, 0.1340000033378601, 0.0, 0.0]","[0.0, 0.5320000052452087, 0.11600000411272049, 0.0, 0.9160000681877136, 0.0, 0.0, 0.0, 0.0, 0.0]",0.42500004172325134,0.5213333964347839,0.22216666666666668,0.3835,0.37133333333333335,0.39566666666666667,"[null, 0.247, 0.559, 0.094, 0.381, null, 0.962, 0.058, null, null]",orthogonal-full@0.80,orthogonal-full,0.8,0.0003797783237588735,0.0057518520249998,0.057964859780558986,0.29526228982628017,0.578995053196853,0.061646166847549186,0.6145543812974623,0.6564110337444604,0.7649412158492485,12451,13883,21,globa,runs_exp2d/seed0/population,runs_ssl/simsiam_e50_seed0/backbone_e9.pth.tar,17.1
905afff7,be2e50e9,3_5_6,3_6_7,"[0.0, 0.0, 0.0, 0.08700000494718552, 0.0, 0.026000000536441803, 0.9790000319480896, 0.0, 0.0, 0.0]","[0.0, 0.0, 0.0, 0.26100000739097595, 0.0, 0.0, 0.9020000696182251, 0.34200000762939453, 0.0, 0.0]",0.36399999260902405,0.5016667246818542,0.30075,0.402,0.402,0.402,"[null, null, null, 0.27, null, 0.0, 0.936, 0.0, null, null]",average@1.00,average,1.0,0.0,0.0,0.0,0.0,0.8204768048954496,0.1795231951045503,0.7163193328170567,0.7432320639942112,0.778106333213419,1197490,1197490,21,globa,runs_exp2d/seed0/population,runs_ssl/simsiam_e50_seed0/backbone_e9.pth.tar,15.9
905afff7,be2e50e9,3_5_6,3_6_7,"[0.0, 0.0, 0.0, 0.08700000494718552, 0.0, 0.026000000536441803, 0.9790000319480896, 0.0, 0.0, 0.0]","[0.0, 0.0, 0.0, 0.26100000739097595, 0.0, 0.0, 0.9020000696182251, 0.34200000762939453, 0.0, 0.0]",0.36399999260902405,0.5016667246818542,0.30075,0.4003333333333333,0.4003333333333333,0.4003333333333333,"[null, null, null, 0.268, null, 0.0, 0.933, 0.0, null, null]",average@0.80,average,0.8,0.0013501558521647602,0.010655297422571064,0.0692107231284836,0.30272180001913007,0.5464579056387403,0.06960411793891028,0.6396100841912628,0.6632959977680604,0.6895129420340774,13277,19832,21,globa,runs_exp2d/seed0/population,runs_ssl/simsiam_e50_seed0/backbone_e9.pth.tar,16.2
905afff7,be2e50e9,3_5_6,3_6_7,"[0.0, 0.0, 0.0, 0.08700000494718552, 0.0, 0.026000000536441803, 0.9790000319480896, 0.0, 0.0, 0.0]","[0.0, 0.0, 0.0, 0.26100000739097595, 0.0, 0.0, 0.9020000696182251, 0.34200000762939453, 0.0, 0.0]",0.36399999260902405,0.5016667246818542,0.30075,0.40066666666666667,0.40066666666666667,0.40066666666666667,"[null, null, null, 0.269, null, 0.0, 0.933, 0.0, null, null]",orthogonal-full@0.80,orthogonal-full,0.8,0.0013501558521647602,0.010655297422571064,0.0692107231284836,0.30272180001913007,0.5464579056387403,0.06960411793891028,0.6440556574393359,0.6646181405473204,0.690760835193644,13277,19832,21,globa,runs_exp2d/seed0/population,runs_ssl/simsiam_e50_seed0/backbone_e9.pth.tar,16.0
905afff7,cb3a86af,3_5_6,1_6_7,"[0.0, 0.0, 0.0, 0.08700000494718552, 0.0, 0.026000000536441803, 0.9790000319480896, 0.0, 0.0, 0.0]","[0.0, 0.5400000214576721, 0.0, 0.0, 0.0, 0.0, 0.9630000591278076, 0.28700000047683716, 0.0, 0.0]",0.36399999260902405,0.5966666340827942,0.2008,0.3338333333333333,0.33266666666666667,0.335,"[null, 0.001, null, 0.0, null, 0.0, 0.998, 0.006, null, null]",average@1.00,average,1.0,0.0,0.0,0.0,0.0,0.812130292740199,0.18786970725980098,0.6811682297552769,0.7139270371143864,0.865602886462859,1197490,1197490,21,globa,runs_exp2d/seed0/population,runs_ssl/simsiam_e50_seed0/backbone_e9.pth.tar,16.2
905afff7,cb3a86af,3_5_6,1_6_7,"[0.0, 0.0, 0.0, 0.08700000494718552, 0.0, 0.026000000536441803, 0.9790000319480896, 0.0, 0.0, 0.0]","[0.0, 0.5400000214576721, 0.0, 0.0, 0.0, 0.0, 0.9630000591278076, 0.28700000047683716, 0.0, 0.0]",0.36399999260902405,0.5966666340827942,0.2006,0.33366666666666667,0.33266666666666667,0.33466666666666667,"[null, 0.0, null, 0.0, null, 0.0, 0.998, 0.006, null, null]",average@0.80,average,0.8,0.0030025387728555794,0.016975941700513857,0.08818513260296958,0.29218871202171054,0.544023476506285,0.05562419839566547,0.6049201056715806,0.6302169395130143,0.7980370402845743,16061,12342,21,globa,runs_exp2d/seed0/population,runs_ssl/simsiam_e50_seed0/backbone_e9.pth.tar,16.5
905afff7,cb3a86af,3_5_6,1_6_7,"[0.0, 0.0, 0.0, 0.08700000494718552, 0.0, 0.026000000536441803, 0.9790000319480896, 0.0, 0.0, 0.0]","[0.0, 0.5400000214576721, 0.0, 0.0, 0.0, 0.0, 0.9630000591278076, 0.28700000047683716, 0.0, 0.0]",0.36399999260902405,0.5966666340827942,0.2008,0.33366666666666667,0.33266666666666667,0.33466666666666667,"[null, 0.0, null, 0.0, null, 0.0, 0.998, 0.006, null, null]",orthogonal-full@0.80,orthogonal-full,0.8,0.0030025387728555794,0.016975941700513857,0.08818513260296958,0.29218871202171054,0.544023476506285,0.05562419839566547,0.6050237859635254,0.6302169395130143,0.8005901791246479,16061,12342,21,globa,runs_exp2d/seed0/population,runs_ssl/simsiam_e50_seed0/backbone_e9.pth.tar,16.5
905afff7,d8bd0bc0,3_5_6,4_5_7,"[0.0, 0.0, 0.0, 0.08700000494718552, 0.0, 0.026000000536441803, 0.9790000319480896, 0.0, 0.0, 0.0]","[0.0, 0.0, 0.0, 0.0, 0.6810000538825989, 0.64000004529953, 0.0, 0.12700000405311584, 0.0, 0.0]",0.36399999260902405,0.4826667010784149,0.2004,0.3333333333333333,0.3333333333333333,0.3333333333333333,"[null, null, null, 0.0, 0.0, 1.0, 0.0, 0.0, null, null]",average@1.00,average,1.0,0.0,0.0,0.0,0.0,0.8257976407906887,0.17420235920931107,0.7049635876080731,0.74346995840474,0.9320228991639348,1197490,1197490,21,globa,runs_exp2d/seed0/population,runs_ssl/simsiam_e50_seed0/backbone_e9.pth.tar,16.3
905afff7,d8bd0bc0,3_5_6,4_5_7,"[0.0, 0.0, 0.0, 0.08700000494718552, 0.0, 0.026000000536441803, 0.9790000319480896, 0.0, 0.0, 0.0]","[0.0, 0.0, 0.0, 0.0, 0.6810000538825989, 0.64000004529953, 0.0, 0.12700000405311584, 0.0, 0.0]",0.36399999260902405,0.4826667010784149,0.2004,0.3333333333333333,0.3333333333333333,0.3333333333333333,"[null, null, null, 0.0, 0.0, 1.0, 0.0, 0.0, null, null]",average@0.80,average,0.8,0.0006017763300696898,0.004308633126129891,0.0787929125764308,0.2877973302431506,0.57564668597624,0.05285266174797892,0.6264385252539815,0.6675852078297103,0.8480565453676946,14165,12374,21,globa,runs_exp2d/seed0/population,runs_ssl/simsiam_e50_seed0/backbone_e9.pth.tar,16.5
905afff7,d8bd0bc0,3_5_6,4_5_7,"[0.0, 0.0, 0.0, 0.08700000494718552, 0.0, 0.026000000536441803, 0.9790000319480896, 0.0, 0.0, 0.0]","[0.0, 0.0, 0.0, 0.0, 0.6810000538825989, 0.64000004529953, 0.0, 0.12700000405311584, 0.0, 0.0]",0.36399999260902405,0.4826667010784149,0.2004,0.3333333333333333,0.3333333333333333,0.3333333333333333,"[null, null, null, 0.0, 0.0, 1.0, 0.0, 0.0, null, null]",orthogonal-full@0.80,orthogonal-full,0.8,0.0006017763300696898,0.004308633126129891,0.0787929125764308,0.2877973302431506,0.57564668597624,0.05285266174797892,0.6273736589368323,0.6675852078297103,0.8480565453676946,14165,12374,21,globa,runs_exp2d/seed0/population,runs_ssl/simsiam_e50_seed0/backbone_e9.pth.tar,16.7
905afff7,e1762771,3_5_6,1_2_4,"[0.0, 0.0, 0.0, 0.08700000494718552, 0.0, 0.026000000536441803, 0.9790000319480896, 0.0, 0.0, 0.0]","[0.0, 0.5320000052452087, 0.11600000411272049, 0.0, 0.9160000681877136, 0.0, 0.0, 0.0, 0.0, 0.0]",0.36399999260902405,0.5213333964347839,0.2876666666666667,0.42133333333333334,0.37966666666666665,0.463,"[null, 0.412, 0.971, 0.187, 0.006, 0.0, 0.952, null, null, null]",average@1.00,average,1.0,0.0,0.0,0.0,0.0,0.800181154359269,0.19981884564073107,0.6752590715118483,0.7350361820469653,0.8496740072952519,1197490,1197490,21,globa,runs_exp2d/seed0/population,runs_ssl/simsiam_e50_seed0/backbone_e9.pth.tar,16.8
905afff7,e1762771,3_5_6,1_2_4,"[0.0, 0.0, 0.0, 0.08700000494718552, 0.0, 0.026000000536441803, 0.9790000319480896, 0.0, 0.0, 0.0]","[0.0, 0.5320000052452087, 0.11600000411272049, 0.0, 0.9160000681877136, 0.0, 0.0, 0.0, 0.0, 0.0]",0.36399999260902405,0.5213333964347839,0.23966666666666667,0.385,0.371,0.399,"[null, 0.229, 0.96, 0.159, 0.008, 0.0, 0.954, null, null, null]",average@0.80,average,0.8,0.0010512235348531524,0.012502184380149444,0.06765696960996605,0.3239893943745058,0.5213727180173403,0.07342751008318521,0.5957377077820183,0.6503174513465942,0.7689905222209518,13219,12123,21,globa,runs_exp2d/seed0/population,runs_ssl/simsiam_e50_seed0/backbone_e9.pth.tar,17.0
905afff7,e1762771,3_5_6,1_2_4,"[0.0, 0.0, 0.0, 0.08700000494718552, 0.0, 0.026000000536441803, 0.9790000319480896, 0.0, 0.0, 0.0]","[0.0, 0.5320000052452087, 0.11600000411272049, 0.0, 0.9160000681877136, 0.0, 0.0, 0.0, 0.0, 0.0]",0.36399999260902405,0.5213333964347839,0.23966666666666667,0.3853333333333333,0.37066666666666664,0.4,"[null, 0.232, 0.96, 0.159, 0.008, 0.0, 0.953, null, null, null]",orthogonal-full@0.80,orthogonal-full,0.8,0.0010512235348531524,0.012502184380149444,0.06765696960996605,0.3239893943745058,0.5213727180173403,0.07342751008318521,0.5957377077820183,0.6512467426172867,0.7689905222209518,13219,12123,21,globa,runs_exp2d/seed0/population,runs_ssl/simsiam_e50_seed0/backbone_e9.pth.tar,17.1
be2e50e9,cb3a86af,3_6_7,1_6_7,"[0.0, 0.0, 0.0, 0.26100000739097595, 0.0, 0.0, 0.9020000696182251, 0.34200000762939453, 0.0, 0.0]","[0.0, 0.5400000214576721, 0.0, 0.0, 0.0, 0.0, 0.9630000591278076, 0.28700000047683716, 0.0, 0.0]",0.5016667246818542,0.5966666340827942,0.366,0.48633333333333334,0.48633333333333334,0.48633333333333334,"[null, 0.0, null, 0.0, null, null, 0.916, 0.543, null, null]",average@1.00,average,1.0,0.0,0.0,0.0,0.0,0.7982447394895429,0.20175526051045709,0.6923395742210474,0.7237287350542007,0.7510561079871452,1197490,1197490,21,globa,runs_exp2d/seed0/population,runs_ssl/simsiam_e50_seed0/backbone_e9.pth.tar,16.1
be2e50e9,cb3a86af,3_6_7,1_6_7,"[0.0, 0.0, 0.0, 0.26100000739097595, 0.0, 0.0, 0.9020000696182251, 0.34200000762939453, 0.0, 0.0]","[0.0, 0.5400000214576721, 0.0, 0.0, 0.0, 0.0, 0.9630000591278076, 0.28700000047683716, 0.0, 0.0]",0.5016667246818542,0.5966666340827942,0.35775,0.4756666666666667,0.4756666666666667,0.4756666666666667,"[null, 0.0, null, 0.0, null, null, 0.923, 0.504, null, null]",average@0.80,average,0.8,0.00010165764005390897,0.0025493192342546577,0.0513766131299285,0.31698188861114995,0.5418672715723444,0.08712324981226854,0.6113640383039539,0.6454370828596255,0.6751358808095296,15282,19393,21,globa,runs_exp2d/seed0/population,runs_ssl/simsiam_e50_seed0/backbone_e9.pth.tar,16.3
be2e50e9,cb3a86af,3_6_7,1_6_7,"[0.0, 0.0, 0.0, 0.26100000739097595, 0.0, 0.0, 0.9020000696182251, 0.34200000762939453, 0.0, 0.0]","[0.0, 0.5400000214576721, 0.0, 0.0, 0.0, 0.0, 0.9630000591278076, 0.28700000047683716, 0.0, 0.0]",0.5016667246818542,0.5966666340827942,0.35775,0.476,0.476,0.476,"[null, 0.0, null, 0.0, null, null, 0.923, 0.505, null, null]",orthogonal-full@0.80,orthogonal-full,0.8,0.00010165764005390897,0.0025493192342546577,0.0513766131299285,0.31698188861114995,0.5418672715723444,0.08712324981226854,0.6113640383039539,0.6454370828596255,0.6751358808095296,15282,19393,21,globa,runs_exp2d/seed0/population,runs_ssl/simsiam_e50_seed0/backbone_e9.pth.tar,16.2
be2e50e9,d8bd0bc0,3_6_7,4_5_7,"[0.0, 0.0, 0.0, 0.26100000739097595, 0.0, 0.0, 0.9020000696182251, 0.34200000762939453, 0.0, 0.0]","[0.0, 0.0, 0.0, 0.0, 0.6810000538825989, 0.64000004529953, 0.0, 0.12700000405311584, 0.0, 0.0]",0.5016667246818542,0.4826667010784149,0.1998,0.3335,0.3333333333333333,0.33366666666666667,"[null, null, null, 0.0, 0.001, 0.0, 0.0, 1.0, null, null]",average@1.00,average,1.0,0.0,0.0,0.0,0.0,0.7725119322574714,0.22748806774252858,0.6755042939732542,0.6960842430600396,0.7552447978443285,1197490,1197490,21,globa,runs_exp2d/seed0/population,runs_ssl/simsiam_e50_seed0/backbone_e9.pth.tar,16.4
be2e50e9,d8bd0bc0,3_6_7,4_5_7,"[0.0, 0.0, 0.0, 0.26100000739097595, 0.0, 0.0, 0.9020000696182251, 0.34200000762939453, 0.0, 0.0]","[0.0, 0.0, 0.0, 0.0, 0.6810000538825989, 0.64000004529953, 0.0, 0.12700000405311584, 0.0, 0.0]",0.5016667246818542,0.4826667010784149,0.1996,0.3333333333333333,0.3333333333333333,0.3333333333333333,"[null, null, null, 0.0, 0.0, 0.0, 0.0, 1.0, null, null]",average@0.80,average,0.8,0.00021235729971511757,0.002928021700527879,0.036681540899759106,0.388342657578704,0.4840066505347201,0.0878287719865738,0.5997041942676186,0.6244935217858654,0.6735423324681041,14860,19474,21,globa,runs_exp2d/seed0/population,runs_ssl/simsiam_e50_seed0/backbone_e9.pth.tar,16.6
be2e50e9,d8bd0bc0,3_6_7,4_5_7,"[0.0, 0.0, 0.0, 0.26100000739097595, 0.0, 0.0, 0.9020000696182251, 0.34200000762939453, 0.0, 0.0]","[0.0, 0.0, 0.0, 0.0, 0.6810000538825989, 0.64000004529953, 0.0, 0.12700000405311584, 0.0, 0.0]",0.5016667246818542,0.4826667010784149,0.1996,0.3333333333333333,0.3333333333333333,0.3333333333333333,"[null, null, null, 0.0, 0.0, 0.0, 0.0, 1.0, null, null]",orthogonal-full@0.80,orthogonal-full,0.8,0.00021235729971511757,0.002928021700527879,0.036681540899759106,0.388342657578704,0.4840066505347201,0.0878287719865738,0.5997041942676186,0.6247726154767009,0.6735423324681041,14860,19474,21,globa,runs_exp2d/seed0/population,runs_ssl/simsiam_e50_seed0/backbone_e9.pth.tar,16.9
be2e50e9,e1762771,3_6_7,1_2_4,"[0.0, 0.0, 0.0, 0.26100000739097595, 0.0, 0.0, 0.9020000696182251, 0.34200000762939453, 0.0, 0.0]","[0.0, 0.5320000052452087, 0.11600000411272049, 0.0, 0.9160000681877136, 0.0, 0.0, 0.0, 0.0, 0.0]",0.5016667246818542,0.5213333964347839,0.20116666666666666,0.4186666666666667,0.44233333333333336,0.395,"[null, 0.159, 0.065, 0.24, 0.961, null, 0.899, 0.188, null, null]",average@1.00,average,1.0,0.0,0.0,0.0,0.0,0.8092753381548944,0.19072466184510556,0.7149651982104054,0.7538845430357526,0.8396245284024764,1197490,1197490,21,globa,runs_exp2d/seed0/population,runs_ssl/simsiam_e50_seed0/backbone_e9.pth.tar,16.6
be2e50e9,e1762771,3_6_7,1_2_4,"[0.0, 0.0, 0.0, 0.26100000739097595, 0.0, 0.0, 0.9020000696182251, 0.34200000762939453, 0.0, 0.0]","[0.0, 0.5320000052452087, 0.11600000411272049, 0.0, 0.9160000681877136, 0.0, 0.0, 0.0, 0.0, 0.0]",0.5016667246818542,0.5213333964347839,0.19233333333333333,0.3963333333333333,0.41733333333333333,0.37533333333333335,"[null, 0.097, 0.073, 0.233, 0.956, null, 0.906, 0.113, null, null]",average@0.80,average,0.8,0.0007860413372760632,0.009170866804718214,0.036905047850432235,0.31141890479128315,0.5710525742745094,0.07066656494178107,0.6398843336243102,0.6794875049756085,0.7500942144545254,13902,20741,21,globa,runs_exp2d/seed0/population,runs_ssl/simsiam_e50_seed0/backbone_e9.pth.tar,16.8
be2e50e9,e1762771,3_6_7,1_2_4,"[0.0, 0.0, 0.0, 0.26100000739097595, 0.0, 0.0, 0.9020000696182251, 0.34200000762939453, 0.0, 0.0]","[0.0, 0.5320000052452087, 0.11600000411272049, 0.0, 0.9160000681877136, 0.0, 0.0, 0.0, 0.0, 0.0]",0.5016667246818542,0.5213333964347839,0.193,0.396,0.41733333333333333,0.37466666666666665,"[null, 0.097, 0.073, 0.232, 0.954, null, 0.906, 0.114, null, null]",orthogonal-full@0.80,orthogonal-full,0.8,0.0007860413372760632,0.009170866804718214,0.036905047850432235,0.31141890479128315,0.5710525742745094,0.07066656494178107,0.6398843336243102,0.6794875049756085,0.7500942144545254,13902,20741,21,globa,runs_exp2d/seed0/population,runs_ssl/simsiam_e50_seed0/backbone_e9.pth.tar,16.8
cb3a86af,d8bd0bc0,1_6_7,4_5_7,"[0.0, 0.5400000214576721, 0.0, 0.0, 0.0, 0.0, 0.9630000591278076, 0.28700000047683716, 0.0, 0.0]","[0.0, 0.0, 0.0, 0.0, 0.6810000538825989, 0.64000004529953, 0.0, 0.12700000405311584, 0.0, 0.0]",0.5966666340827942,0.4826667010784149,0.2006,0.3335,0.3333333333333333,0.33366666666666667,"[null, 0.0, null, null, 0.001, 0.0, 0.0, 1.0, null, null]",average@1.00,average,1.0,0.0,0.0,0.0,0.0,0.7878947814600715,0.21210521853992836,0.6761149548867215,0.7146827778213771,0.8901077331782591,1197490,1197490,21,globa,runs_exp2d/seed0/population,runs_ssl/simsiam_e50_seed0/backbone_e9.pth.tar,16.5
cb3a86af,d8bd0bc0,1_6_7,4_5_7,"[0.0, 0.5400000214576721, 0.0, 0.0, 0.0, 0.0, 0.9630000591278076, 0.28700000047683716, 0.0, 0.0]","[0.0, 0.0, 0.0, 0.0, 0.6810000538825989, 0.64000004529953, 0.0, 0.12700000405311584, 0.0, 0.0]",0.5966666340827942,0.4826667010784149,0.2008,0.3333333333333333,0.3333333333333333,0.3333333333333333,"[null, 0.0, null, null, 0.0, 0.0, 0.0, 1.0, null, null]",average@0.80,average,0.8,0.00034978389044211365,0.006493971841966762,0.05607022964767696,0.3776450039375385,0.4890193430272665,0.07042166765510906,0.5999895497314695,0.6365740373754686,0.8205836115056929,16119,14606,21,globa,runs_exp2d/seed0/population,runs_ssl/simsiam_e50_seed0/backbone_e9.pth.tar,16.6
cb3a86af,d8bd0bc0,1_6_7,4_5_7,"[0.0, 0.5400000214576721, 0.0, 0.0, 0.0, 0.0, 0.9630000591278076, 0.28700000047683716, 0.0, 0.0]","[0.0, 0.0, 0.0, 0.0, 0.6810000538825989, 0.64000004529953, 0.0, 0.12700000405311584, 0.0, 0.0]",0.5966666340827942,0.4826667010784149,0.2008,0.3333333333333333,0.3333333333333333,0.3333333333333333,"[null, 0.0, null, null, 0.0, 0.0, 0.0, 1.0, null, null]",orthogonal-full@0.80,orthogonal-full,0.8,0.00034978389044211365,0.006493971841966762,0.05607022964767696,0.3776450039375385,0.4890193430272665,0.07042166765510906,0.5999895497314695,0.6365740373754686,0.8205836115056929,16119,14606,21,globa,runs_exp2d/seed0/population,runs_ssl/simsiam_e50_seed0/backbone_e9.pth.tar,16.8
cb3a86af,e1762771,1_6_7,1_2_4,"[0.0, 0.5400000214576721, 0.0, 0.0, 0.0, 0.0, 0.9630000591278076, 0.28700000047683716, 0.0, 0.0]","[0.0, 0.5320000052452087, 0.11600000411272049, 0.0, 0.9160000681877136, 0.0, 0.0, 0.0, 0.0, 0.0]",0.5966666340827942,0.5213333964347839,0.2022,0.5493333333333333,0.5816666666666667,0.517,"[null, 0.98, 0.039, null, 0.532, null, 0.765, 0.0, null, null]",average@1.00,average,1.0,0.0,0.0,0.0,0.0,0.8110263011069675,0.18897369889303264,0.6558252043877767,0.7361414316715149,0.8228792828538655,1197490,1197490,21,globa,runs_exp2d/seed0/population,runs_ssl/simsiam_e50_seed0/backbone_e9.pth.tar,16.4
cb3a86af,e1762771,1_6_7,1_2_4,"[0.0, 0.5400000214576721, 0.0, 0.0, 0.0, 0.0, 0.9630000591278076, 0.28700000047683716, 0.0, 0.0]","[0.0, 0.5320000052452087, 0.11600000411272049, 0.0, 0.9160000681877136, 0.0, 0.0, 0.0, 0.0, 0.0]",0.5966666340827942,0.5213333964347839,0.2012,0.5373333333333333,0.5753333333333334,0.49933333333333335,"[null, 0.981, 0.022, null, 0.495, null, 0.745, 0.0, null, null]",average@0.80,average,0.8,0.00018365732473958296,0.004820159224336353,0.06839132409746397,0.3231177845834859,0.5407914345208182,0.06269564024915607,0.5768015737426767,0.654521149011705,0.7446145263826621,13299,11216,21,globa,runs_exp2d/seed0/population,runs_ssl/simsiam_e50_seed0/backbone_e9.pth.tar,16.8
cb3a86af,e1762771,1_6_7,1_2_4,"[0.0, 0.5400000214576721, 0.0, 0.0, 0.0, 0.0, 0.9630000591278076, 0.28700000047683716, 0.0, 0.0]","[0.0, 0.5320000052452087, 0.11600000411272049, 0.0, 0.9160000681877136, 0.0, 0.0, 0.0, 0.0, 0.0]",0.5966666340827942,0.5213333964347839,0.2012,0.5378333333333334,0.5756666666666667,0.5,"[null, 0.981, 0.023, null, 0.496, null, 0.746, 0.0, null, null]",orthogonal-full@0.80,orthogonal-full,0.8,0.00018365732473958296,0.004820159224336353,0.06839132409746397,0.3231177845834859,0.5407914345208182,0.06269564024915607,0.5768015737426767,0.6573602004476634,0.7446145263826621,13299,11216,21,globa,runs_exp2d/seed0/population,runs_ssl/simsiam_e50_seed0/backbone_e9.pth.tar,16.9
d8bd0bc0,e1762771,4_5_7,1_2_4,"[0.0, 0.0, 0.0, 0.0, 0.6810000538825989, 0.64000004529953, 0.0, 0.12700000405311584, 0.0, 0.0]","[0.0, 0.5320000052452087, 0.11600000411272049, 0.0, 0.9160000681877136, 0.0, 0.0, 0.0, 0.0, 0.0]",0.4826667010784149,0.5213333964347839,0.2024,0.3333333333333333,0.3333333333333333,0.3333333333333333,"[null, 0.0, 0.0, null, 1.0, 0.0, null, 0.0, null, null]",average@1.00,average,1.0,0.0,0.0,0.0,0.0,0.8170162251006237,0.18298377489937623,0.6807979898062397,0.7150645610726133,0.8250906375447901,1197490,1197490,21,globa,runs_exp2d/seed0/population,runs_ssl/simsiam_e50_seed0/backbone_e9.pth.tar,16.7
d8bd0bc0,e1762771,4_5_7,1_2_4,"[0.0, 0.0, 0.0, 0.0, 0.6810000538825989, 0.64000004529953, 0.0, 0.12700000405311584, 0.0, 0.0]","[0.0, 0.5320000052452087, 0.11600000411272049, 0.0, 0.9160000681877136, 0.0, 0.0, 0.0, 0.0, 0.0]",0.4826667010784149,0.5213333964347839,0.2022,0.3333333333333333,0.3333333333333333,0.3333333333333333,"[null, 0.0, 0.0, null, 1.0, 0.0, null, 0.0, null, null]",average@0.80,average,0.8,0.00020583875892850374,0.004789714782661724,0.045450039850516044,0.31648431017216117,0.5618636349382723,0.07120646149746028,0.6035353175259631,0.6339329708756447,0.7388053636920499,12788,13470,21,globa,runs_exp2d/seed0/population,runs_ssl/simsiam_e50_seed0/backbone_e9.pth.tar,16.7
d8bd0bc0,e1762771,4_5_7,1_2_4,"[0.0, 0.0, 0.0, 0.0, 0.6810000538825989, 0.64000004529953, 0.0, 0.12700000405311584, 0.0, 0.0]","[0.0, 0.5320000052452087, 0.11600000411272049, 0.0, 0.9160000681877136, 0.0, 0.0, 0.0, 0.0, 0.0]",0.4826667010784149,0.5213333964347839,0.2022,0.3333333333333333,0.3333333333333333,0.3333333333333333,"[null, 0.0, 0.0, null, 1.0, 0.0, null, 0.0, null, null]",orthogonal-full@0.80,orthogonal-full,0.8,0.00020583875892850374,0.004789714782661724,0.045450039850516044,0.31648431017216117,0.5618636349382723,0.07120646149746028,0.6035353175259631,0.6339329708756447,0.7388053636920499,12788,13470,21,globa,runs_exp2d/seed0/population,runs_ssl/simsiam_e50_seed0/backbone_e9.pth.tar,16.5
