parent_a,parent_b,labels_a,labels_b,a_per_class,b_per_class,a_per_task,b_per_task,child_joint,child_per_task,child_task_a,child_task_b,child_per_class,merging_fn,time_s
09111d7d,1887bcd2,0_7_8,2_7_9,"[0.8940000534057617, 0.0, 0.0, 0.0, 0.0, 0.0, 0.0, 0.940000057220459, 0.9660000205039978, 0.0]","[0.0, 0.0, 0.8770000338554382, 0.0, 0.0, 0.0, 0.0, 0.971000075340271, 0.0, 0.9940000176429749]",0.9333333969116211,0.9473333358764648,0.6202,0.8228333333333333,0.8126666666666666,0.833,"[0.599, null, 0.651, null, null, null, null, 0.898, 0.941, 0.95]",match_tensors_permute,67.9
09111d7d,366f9057,0_7_8,3_5_9,"[0.8940000534057617, 0.0, 0.0, 0.0, 0.0, 0.0, 0.0, 0.940000057220459, 0.9660000205039978, 0.0]","[0.0, 0.0, 0.0, 0.7820000648498535, 0.0, 0.9100000262260437, 0.0, 0.0, 0.0, 0.987000048160553]",0.9333333969116211,0.893000066280365,0.4666666666666667,0.7471666666666668,0.7236666666666667,0.7706666666666667,"[0.583, null, null, 0.635, null, 0.721, null, 0.754, 0.834, 0.956]",match_tensors_permute,68.3
09111d7d,5ffed8da,0_7_8,6_8_9,"[0.8940000534057617, 0.0, 0.0, 0.0, 0.0, 0.0, 0.0, 0.940000057220459, 0.9660000205039978, 0.0]","[0.0, 0.0, 0.0, 0.0, 0.0, 0.0, 0.9480000734329224, 0.0, 0.9830000400543213, 0.9320000410079956]",0.9333333969116211,0.9543333649635315,0.6678,0.8531666666666666,0.8426666666666667,0.8636666666666667,"[0.763, null, null, null, null, null, 0.773, 0.85, 0.915, 0.903]",match_tensors_permute,68.4
09111d7d,88ed44d1,0_7_8,3_6_7,"[0.8940000534057617, 0.0, 0.0, 0.0, 0.0, 0.0, 0.0, 0.940000057220459, 0.9660000205039978, 0.0]","[0.0, 0.0, 0.0, 0.7760000228881836, 0.0, 0.0, 0.9600000381469727, 0.9510000348091125, 0.0, 0.0]",0.9333333969116211,0.8956666588783264,0.5896,0.8008333333333333,0.8276666666666667,0.774,"[0.63, null, null, 0.596, null, null, 0.804, 0.922, 0.931, null]",match_tensors_permute,67.9
09111d7d,905afff7,0_7_8,3_5_6,"[0.8940000534057617, 0.0, 0.0, 0.0, 0.0, 0.0, 0.0, 0.940000057220459, 0.9660000205039978, 0.0]","[0.0, 0.0, 0.0, 0.812000036239624, 0.0, 0.843000054359436, 0.9480000734329224, 0.0, 0.0, 0.0]",0.9333333969116211,0.8676667213439941,0.4736666666666667,0.7513333333333334,0.867,0.6356666666666667,"[0.813, null, null, 0.663, null, 0.631, 0.613, 0.868, 0.92, null]",match_tensors_permute,68.1
09111d7d,be2e50e9,0_7_8,3_6_7,"[0.8940000534057617, 0.0, 0.0, 0.0, 0.0, 0.0, 0.0, 0.940000057220459, 0.9660000205039978, 0.0]","[0.0, 0.0, 0.0, 0.8470000624656677, 0.0, 0.0, 0.9450000524520874, 0.9480000734329224, 0.0, 0.0]",0.9333333969116211,0.9133334159851074,0.5682,0.7666666666666666,0.8263333333333334,0.707,"[0.715, null, null, 0.646, null, null, 0.606, 0.869, 0.895, null]",match_tensors_permute,67.9
09111d7d,cb3a86af,0_7_8,1_6_7,"[0.8940000534057617, 0.0, 0.0, 0.0, 0.0, 0.0, 0.0, 0.940000057220459, 0.9660000205039978, 0.0]","[0.0, 0.9780000448226929, 0.0, 0.0, 0.0, 0.0, 0.9670000672340393, 0.9530000686645508, 0.0, 0.0]",0.9333333969116211,0.9660000801086426,0.5974,0.8271666666666666,0.829,0.8253333333333334,"[0.694, 0.903, null, null, null, null, 0.704, 0.869, 0.924, null]",match_tensors_permute,67.8
09111d7d,d8bd0bc0,0_7_8,4_5_7,"[0.8940000534057617, 0.0, 0.0, 0.0, 0.0, 0.0, 0.0, 0.940000057220459, 0.9660000205039978, 0.0]","[0.0, 0.0, 0.0, 0.0, 0.89000004529953, 0.9160000681877136, 0.0, 0.9540000557899475, 0.0, 0.0]",0.9333333969116211,0.9200000762939453,0.536,0.7491666666666666,0.735,0.7633333333333333,"[0.492, null, null, null, 0.642, 0.83, null, 0.818, 0.895, null]",match_tensors_permute,67.9
09111d7d,e1762771,0_7_8,1_2_4,"[0.8940000534057617, 0.0, 0.0, 0.0, 0.0, 0.0, 0.0, 0.940000057220459, 0.9660000205039978, 0.0]","[0.0, 0.9920000433921814, 0.8520000576972961, 0.0, 0.9460000395774841, 0.0, 0.0, 0.0, 0.0, 0.0]",0.9333333969116211,0.9300000667572021,0.48183333333333334,0.7856666666666666,0.833,0.7383333333333333,"[0.732, 0.848, 0.548, null, 0.819, null, null, 0.852, 0.915, null]",match_tensors_permute,68.3
1887bcd2,366f9057,2_7_9,3_5_9,"[0.0, 0.0, 0.8770000338554382, 0.0, 0.0, 0.0, 0.0, 0.971000075340271, 0.0, 0.9940000176429749]","[0.0, 0.0, 0.0, 0.7820000648498535, 0.0, 0.9100000262260437, 0.0, 0.0, 0.0, 0.987000048160553]",0.9473333358764648,0.893000066280365,0.5456,0.7881666666666667,0.8216666666666667,0.7546666666666667,"[null, null, 0.613, 0.487, null, 0.819, null, 0.894, null, 0.958]",match_tensors_permute,68.1
1887bcd2,5ffed8da,2_7_9,6_8_9,"[0.0, 0.0, 0.8770000338554382, 0.0, 0.0, 0.0, 0.0, 0.971000075340271, 0.0, 0.9940000176429749]","[0.0, 0.0, 0.0, 0.0, 0.0, 0.0, 0.9480000734329224, 0.0, 0.9830000400543213, 0.9320000410079956]",0.9473333358764648,0.9543333649635315,0.6712,0.8313333333333334,0.8293333333333334,0.8333333333333334,"[null, null, 0.738, null, null, null, 0.756, 0.906, 0.9, 0.844]",match_tensors_permute,68.0
1887bcd2,88ed44d1,2_7_9,3_6_7,"[0.0, 0.0, 0.8770000338554382, 0.0, 0.0, 0.0, 0.0, 0.971000075340271, 0.0, 0.9940000176429749]","[0.0, 0.0, 0.0, 0.7760000228881836, 0.0, 0.0, 0.9600000381469727, 0.9510000348091125, 0.0, 0.0]",0.9473333358764648,0.8956666588783264,0.5924,0.819,0.8486666666666667,0.7893333333333333,"[null, null, 0.707, 0.614, null, null, 0.839, 0.915, null, 0.924]",match_tensors_permute,68.2
1887bcd2,905afff7,2_7_9,3_5_6,"[0.0, 0.0, 0.8770000338554382, 0.0, 0.0, 0.0, 0.0, 0.971000075340271, 0.0, 0.9940000176429749]","[0.0, 0.0, 0.0, 0.812000036239624, 0.0, 0.843000054359436, 0.9480000734329224, 0.0, 0.0, 0.0]",0.9473333358764648,0.8676667213439941,0.5303333333333333,0.7988333333333333,0.8556666666666667,0.742,"[null, null, 0.686, 0.59, null, 0.762, 0.874, 0.919, null, 0.962]",match_tensors_permute,68.1
1887bcd2,be2e50e9,2_7_9,3_6_7,"[0.0, 0.0, 0.8770000338554382, 0.0, 0.0, 0.0, 0.0, 0.971000075340271, 0.0, 0.9940000176429749]","[0.0, 0.0, 0.0, 0.8470000624656677, 0.0, 0.0, 0.9450000524520874, 0.9480000734329224, 0.0, 0.0]",0.9473333358764648,0.9133334159851074,0.632,0.8248333333333333,0.85,0.7996666666666666,"[null, null, 0.651, 0.584, null, null, 0.876, 0.939, null, 0.96]",match_tensors_permute,67.7
1887bcd2,cb3a86af,2_7_9,1_6_7,"[0.0, 0.0, 0.8770000338554382, 0.0, 0.0, 0.0, 0.0, 0.971000075340271, 0.0, 0.9940000176429749]","[0.0, 0.9780000448226929, 0.0, 0.0, 0.0, 0.0, 0.9670000672340393, 0.9530000686645508, 0.0, 0.0]",0.9473333358764648,0.9660000801086426,0.5682,0.8396666666666667,0.8223333333333334,0.857,"[null, 0.936, 0.69, null, null, null, 0.813, 0.822, null, 0.955]",match_tensors_permute,67.7
1887bcd2,d8bd0bc0,2_7_9,4_5_7,"[0.0, 0.0, 0.8770000338554382, 0.0, 0.0, 0.0, 0.0, 0.971000075340271, 0.0, 0.9940000176429749]","[0.0, 0.0, 0.0, 0.0, 0.89000004529953, 0.9160000681877136, 0.0, 0.9540000557899475, 0.0, 0.0]",0.9473333358764648,0.9200000762939453,0.6202,0.8273333333333333,0.8386666666666667,0.816,"[null, null, 0.676, null, 0.779, 0.781, null, 0.888, null, 0.952]",match_tensors_permute,67.8
1887bcd2,e1762771,2_7_9,1_2_4,"[0.0, 0.0, 0.8770000338554382, 0.0, 0.0, 0.0, 0.0, 0.971000075340271, 0.0, 0.9940000176429749]","[0.0, 0.9920000433921814, 0.8520000576972961, 0.0, 0.9460000395774841, 0.0, 0.0, 0.0, 0.0, 0.0]",0.9473333358764648,0.9300000667572021,0.5506,0.7905,0.813,0.768,"[null, 0.892, 0.646, null, 0.766, null, null, 0.848, null, 0.945]",match_tensors_permute,67.6
366f9057,5ffed8da,3_5_9,6_8_9,"[0.0, 0.0, 0.0, 0.7820000648498535, 0.0, 0.9100000262260437, 0.0, 0.0, 0.0, 0.987000048160553]","[0.0, 0.0, 0.0, 0.0, 0.0, 0.0, 0.9480000734329224, 0.0, 0.9830000400543213, 0.9320000410079956]",0.893000066280365,0.9543333649635315,0.4904,0.728,0.7083333333333334,0.7476666666666667,"[null, null, null, 0.6, null, 0.671, 0.669, null, 0.72, 0.854]",match_tensors_permute,68.1
366f9057,88ed44d1,3_5_9,3_6_7,"[0.0, 0.0, 0.0, 0.7820000648498535, 0.0, 0.9100000262260437, 0.0, 0.0, 0.0, 0.987000048160553]","[0.0, 0.0, 0.0, 0.7760000228881836, 0.0, 0.0, 0.9600000381469727, 0.9510000348091125, 0.0, 0.0]",0.893000066280365,0.8956666588783264,0.5258,0.7318333333333333,0.7236666666666667,0.74,"[null, null, null, 0.545, null, 0.722, 0.787, 0.888, null, 0.904]",match_tensors_permute,67.7
366f9057,905afff7,3_5_9,3_5_6,"[0.0, 0.0, 0.0, 0.7820000648498535, 0.0, 0.9100000262260437, 0.0, 0.0, 0.0, 0.987000048160553]","[0.0, 0.0, 0.0, 0.812000036239624, 0.0, 0.843000054359436, 0.9480000734329224, 0.0, 0.0, 0.0]",0.893000066280365,0.8676667213439941,0.63925,0.7421666666666666,0.7646666666666667,0.7196666666666667,"[null, null, null, 0.645, null, 0.732, 0.782, null, null, 0.917]",match_tensors_permute,67.6
366f9057,be2e50e9,3_5_9,3_6_7,"[0.0, 0.0, 0.0, 0.7820000648498535, 0.0, 0.9100000262260437, 0.0, 0.0, 0.0, 0.987000048160553]","[0.0, 0.0, 0.0, 0.8470000624656677, 0.0, 0.0, 0.9450000524520874, 0.9480000734329224, 0.0, 0.0]",0.893000066280365,0.9133334159851074,0.557,0.7373333333333334,0.7793333333333333,0.6953333333333334,"[null, null, null, 0.642, null, 0.767, 0.549, 0.895, null, 0.929]",match_tensors_permute,67.6
366f9057,cb3a86af,3_5_9,1_6_7,"[0.0, 0.0, 0.0, 0.7820000648498535, 0.0, 0.9100000262260437, 0.0, 0.0, 0.0, 0.987000048160553]","[0.0, 0.9780000448226929, 0.0, 0.0, 0.0, 0.0, 0.9670000672340393, 0.9530000686645508, 0.0, 0.0]",0.893000066280365,0.9660000801086426,0.4871666666666667,0.8325,0.788,0.877,"[null, 0.968, null, 0.636, null, 0.801, 0.818, 0.845, null, 0.927]",match_tensors_permute,68.0
366f9057,d8bd0bc0,3_5_9,4_5_7,"[0.0, 0.0, 0.0, 0.7820000648498535, 0.0, 0.9100000262260437, 0.0, 0.0, 0.0, 0.987000048160553]","[0.0, 0.0, 0.0, 0.0, 0.89000004529953, 0.9160000681877136, 0.0, 0.9540000557899475, 0.0, 0.0]",0.893000066280365,0.9200000762939453,0.5754,0.7728333333333333,0.773,0.7726666666666666,"[null, null, null, 0.589, 0.665, 0.809, null, 0.844, null, 0.921]",match_tensors_permute,67.6
366f9057,e1762771,3_5_9,1_2_4,"[0.0, 0.0, 0.0, 0.7820000648498535, 0.0, 0.9100000262260437, 0.0, 0.0, 0.0, 0.987000048160553]","[0.0, 0.9920000433921814, 0.8520000576972961, 0.0, 0.9460000395774841, 0.0, 0.0, 0.0, 0.0, 0.0]",0.893000066280365,0.9300000667572021,0.4575,0.754,0.767,0.741,"[null, 0.915, 0.572, 0.603, 0.736, 0.768, null, null, null, 0.93]",match_tensors_permute,67.9
5ffed8da,88ed44d1,6_8_9,3_6_7,"[0.0, 0.0, 0.0, 0.0, 0.0, 0.0, 0.9480000734329224, 0.0, 0.9830000400543213, 0.9320000410079956]","[0.0, 0.0, 0.0, 0.7760000228881836, 0.0, 0.0, 0.9600000381469727, 0.9510000348091125, 0.0, 0.0]",0.9543333649635315,0.8956666588783264,0.5564,0.7981666666666667,0.843,0.7533333333333333,"[null, null, null, 0.53, null, null, 0.888, 0.842, 0.843, 0.798]",match_tensors_permute,68.1
5ffed8da,905afff7,6_8_9,3_5_6,"[0.0, 0.0, 0.0, 0.0, 0.0, 0.0, 0.9480000734329224, 0.0, 0.9830000400543213, 0.9320000410079956]","[0.0, 0.0, 0.0, 0.812000036239624, 0.0, 0.843000054359436, 0.9480000734329224, 0.0, 0.0, 0.0]",0.9543333649635315,0.8676667213439941,0.553,0.7375,0.8413333333333334,0.6336666666666667,"[null, null, null, 0.487, null, 0.63, 0.784, null, 0.896, 0.844]",match_tensors_permute,67.9
5ffed8da,be2e50e9,6_8_9,3_6_7,"[0.0, 0.0, 0.0, 0.0, 0.0, 0.0, 0.9480000734329224, 0.0, 0.9830000400543213, 0.9320000410079956]","[0.0, 0.0, 0.0, 0.8470000624656677, 0.0, 0.0, 0.9450000524520874, 0.9480000734329224, 0.0, 0.0]",0.9543333649635315,0.9133334159851074,0.6174,0.8083333333333333,0.8153333333333334,0.8013333333333333,"[null, null, null, 0.698, null, null, 0.819, 0.887, 0.835, 0.792]",match_tensors_permute,68.1
5ffed8da,cb3a86af,6_8_9,1_6_7,"[0.0, 0.0, 0.0, 0.0, 0.0, 0.0, 0.9480000734329224, 0.0, 0.9830000400543213, 0.9320000410079956]","[0.0, 0.9780000448226929, 0.0, 0.0, 0.0, 0.0, 0.9670000672340393, 0.9530000686645508, 0.0, 0.0]",0.9543333649635315,0.9660000801086426,0.5412,0.835,0.8303333333333334,0.8396666666666667,"[null, 0.935, null, null, null, null, 0.768, 0.816, 0.843, 0.88]",match_tensors_permute,67.9
5ffed8da,d8bd0bc0,6_8_9,4_5_7,"[0.0, 0.0, 0.0, 0.0, 0.0, 0.0, 0.9480000734329224, 0.0, 0.9830000400543213, 0.9320000410079956]","[0.0, 0.0, 0.0, 0.0, 0.89000004529953, 0.9160000681877136, 0.0, 0.9540000557899475, 0.0, 0.0]",0.9543333649635315,0.9200000762939453,0.568,0.8421666666666667,0.8646666666666667,0.8196666666666667,"[null, null, null, null, 0.727, 0.854, 0.847, 0.878, 0.891, 0.856]",match_tensors_permute,68.5
5ffed8da,e1762771,6_8_9,1_2_4,"[0.0, 0.0, 0.0, 0.0, 0.0, 0.0, 0.9480000734329224, 0.0, 0.9830000400543213, 0.9320000410079956]","[0.0, 0.9920000433921814, 0.8520000576972961, 0.0, 0.9460000395774841, 0.0, 0.0, 0.0, 0.0, 0.0]",0.9543333649635315,0.9300000667572021,0.47783333333333333,0.7883333333333333,0.779,0.7976666666666666,"[null, 0.93, 0.646, null, 0.817, null, 0.65, null, 0.841, 0.846]",match_tensors_permute,68.4
88ed44d1,905afff7,3_6_7,3_5_6,"[0.0, 0.0, 0.0, 0.7760000228881836, 0.0, 0.0, 0.9600000381469727, 0.9510000348091125, 0.0, 0.0]","[0.0, 0.0, 0.0, 0.812000036239624, 0.0, 0.843000054359436, 0.9480000734329224, 0.0, 0.0, 0.0]",0.8956666588783264,0.8676667213439941,0.62175,0.7168333333333333,0.761,0.6726666666666666,"[null, null, null, 0.529, null, 0.649, 0.84, 0.914, null, null]",match_tensors_permute,67.8
88ed44d1,be2e50e9,3_6_7,3_6_7,"[0.0, 0.0, 0.0, 0.7760000228881836, 0.0, 0.0, 0.9600000381469727, 0.9510000348091125, 0.0, 0.0]","[0.0, 0.0, 0.0, 0.8470000624656677, 0.0, 0.0, 0.9450000524520874, 0.9480000734329224, 0.0, 0.0]",0.8956666588783264,0.9133334159851074,0.838,0.7986666666666666,0.7986666666666666,0.7986666666666666,"[null, null, null, 0.681, null, null, 0.848, 0.867, null, null]",match_tensors_permute,67.6
88ed44d1,cb3a86af,3_6_7,1_6_7,"[0.0, 0.0, 0.0, 0.7760000228881836, 0.0, 0.0, 0.9600000381469727, 0.9510000348091125, 0.0, 0.0]","[0.0, 0.9780000448226929, 0.0, 0.0, 0.0, 0.0, 0.9670000672340393, 0.9530000686645508, 0.0, 0.0]",0.8956666588783264,0.9660000801086426,0.696,0.7275,0.6603333333333333,0.7946666666666666,"[null, 0.917, null, 0.514, null, null, 0.615, 0.852, null, null]",match_tensors_permute,70.6
88ed44d1,d8bd0bc0,3_6_7,4_5_7,"[0.0, 0.0, 0.0, 0.7760000228881836, 0.0, 0.0, 0.9600000381469727, 0.9510000348091125, 0.0, 0.0]","[0.0, 0.0, 0.0, 0.0, 0.89000004529953, 0.9160000681877136, 0.0, 0.9540000557899475, 0.0, 0.0]",0.8956666588783264,0.9200000762939453,0.5064,0.7078333333333333,0.6926666666666667,0.723,"[null, null, null, 0.465, 0.566, 0.735, 0.745, 0.868, null, null]",match_tensors_permute,68.1
88ed44d1,e1762771,3_6_7,1_2_4,"[0.0, 0.0, 0.0, 0.7760000228881836, 0.0, 0.0, 0.9600000381469727, 0.9510000348091125, 0.0, 0.0]","[0.0, 0.9920000433921814, 0.8520000576972961, 0.0, 0.9460000395774841, 0.0, 0.0, 0.0, 0.0, 0.0]",0.8956666588783264,0.9300000667572021,0.5005,0.7493333333333334,0.7646666666666667,0.734,"[null, 0.829, 0.708, 0.601, 0.665, null, 0.816, 0.877, null, null]",match_tensors_permute,68.3
905afff7,be2e50e9,3_5_6,3_6_7,"[0.0, 0.0, 0.0, 0.812000036239624, 0.0, 0.843000054359436, 0.9480000734329224, 0.0, 0.0, 0.0]","[0.0, 0.0, 0.0, 0.8470000624656677, 0.0, 0.0, 0.9450000524520874, 0.9480000734329224, 0.0, 0.0]",0.8676667213439941,0.9133334159851074,0.58625,0.7290000000000001,0.6903333333333334,0.7676666666666667,"[null, null, null, 0.671, null, 0.592, 0.808, 0.824, null, null]",match_tensors_permute,67.6
905afff7,cb3a86af,3_5_6,1_6_7,"[0.0, 0.0, 0.0, 0.812000036239624, 0.0, 0.843000054359436, 0.9480000734329224, 0.0, 0.0, 0.0]","[0.0, 0.9780000448226929, 0.0, 0.0, 0.0, 0.0, 0.9670000672340393, 0.9530000686645508, 0.0, 0.0]",0.8676667213439941,0.9660000801086426,0.5228,0.7373333333333334,0.6393333333333333,0.8353333333333334,"[null, 0.941, null, 0.592, null, 0.498, 0.828, 0.737, null, null]",match_tensors_permute,68.0
905afff7,d8bd0bc0,3_5_6,4_5_7,"[0.0, 0.0, 0.0, 0.812000036239624, 0.0, 0.843000054359436, 0.9480000734329224, 0.0, 0.0, 0.0]","[0.0, 0.0, 0.0, 0.0, 0.89000004529953, 0.9160000681877136, 0.0, 0.9540000557899475, 0.0, 0.0]",0.8676667213439941,0.9200000762939453,0.5234,0.7553333333333334,0.7243333333333334,0.7863333333333333,"[null, null, null, 0.602, 0.642, 0.822, 0.749, 0.895, null, null]",match_tensors_permute,68.6
905afff7,e1762771,3_5_6,1_2_4,"[0.0, 0.0, 0.0, 0.812000036239624, 0.0, 0.843000054359436, 0.9480000734329224, 0.0, 0.0, 0.0]","[0.0, 0.9920000433921814, 0.8520000576972961, 0.0, 0.9460000395774841, 0.0, 0.0, 0.0, 0.0, 0.0]",0.8676667213439941,0.9300000667572021,0.43416666666666665,0.6676666666666666,0.5753333333333334,0.76,"[null, 0.911, 0.644, 0.613, 0.725, 0.538, 0.575, null, null, null]",match_tensors_permute,68.3
be2e50e9,cb3a86af,3_6_7,1_6_7,"[0.0, 0.0, 0.0, 0.8470000624656677, 0.0, 0.0, 0.9450000524520874, 0.9480000734329224, 0.0, 0.0]","[0.0, 0.9780000448226929, 0.0, 0.0, 0.0, 0.0, 0.9670000672340393, 0.9530000686645508, 0.0, 0.0]",0.9133334159851074,0.9660000801086426,0.733,0.8005,0.7476666666666667,0.8533333333333334,"[null, 0.934, null, 0.617, null, null, 0.807, 0.819, null, null]",match_tensors_permute,67.9
be2e50e9,d8bd0bc0,3_6_7,4_5_7,"[0.0, 0.0, 0.0, 0.8470000624656677, 0.0, 0.0, 0.9450000524520874, 0.9480000734329224, 0.0, 0.0]","[0.0, 0.0, 0.0, 0.0, 0.89000004529953, 0.9160000681877136, 0.0, 0.9540000557899475, 0.0, 0.0]",0.9133334159851074,0.9200000762939453,0.5434,0.7556666666666667,0.7373333333333333,0.774,"[null, null, null, 0.621, 0.669, 0.765, 0.703, 0.888, null, null]",match_tensors_permute,68.1
be2e50e9,e1762771,3_6_7,1_2_4,"[0.0, 0.0, 0.0, 0.8470000624656677, 0.0, 0.0, 0.9450000524520874, 0.9480000734329224, 0.0, 0.0]","[0.0, 0.9920000433921814, 0.8520000576972961, 0.0, 0.9460000395774841, 0.0, 0.0, 0.0, 0.0, 0.0]",0.9133334159851074,0.9300000667572021,0.49483333333333335,0.764,0.7646666666666667,0.7633333333333333,"[null, 0.917, 0.65, 0.615, 0.723, null, 0.808, 0.871, null, null]",match_tensors_permute,67.9
cb3a86af,d8bd0bc0,1_6_7,4_5_7,"[0.0, 0.9780000448226929, 0.0, 0.0, 0.0, 0.0, 0.9670000672340393, 0.9530000686645508, 0.0, 0.0]","[0.0, 0.0, 0.0, 0.0, 0.89000004529953, 0.9160000681877136, 0.0, 0.9540000557899475, 0.0, 0.0]",0.9660000801086426,0.9200000762939453,0.6614,0.8431666666666666,0.8866666666666667,0.7996666666666666,"[null, 0.931, null, null, 0.69, 0.806, 0.826, 0.903, null, null]",match_tensors_permute,67.9
cb3a86af,e1762771,1_6_7,1_2_4,"[0.0, 0.9780000448226929, 0.0, 0.0, 0.0, 0.0, 0.9670000672340393, 0.9530000686645508, 0.0, 0.0]","[0.0, 0.9920000433921814, 0.8520000576972961, 0.0, 0.9460000395774841, 0.0, 0.0, 0.0, 0.0, 0.0]",0.9660000801086426,0.9300000667572021,0.5204,0.7846666666666666,0.805,0.7643333333333333,"[null, 0.913, 0.607, null, 0.773, null, 0.72, 0.782, null, null]",match_tensors_permute,68.1
d8bd0bc0,e1762771,4_5_7,1_2_4,"[0.0, 0.0, 0.0, 0.0, 0.89000004529953, 0.9160000681877136, 0.0, 0.9540000557899475, 0.0, 0.0]","[0.0, 0.9920000433921814, 0.8520000576972961, 0.0, 0.9460000395774841, 0.0, 0.0, 0.0, 0.0, 0.0]",0.9200000762939453,0.9300000667572021,0.535,0.7263333333333333,0.772,0.6806666666666666,"[null, 0.858, 0.466, null, 0.718, 0.761, null, 0.837, null, null]",match_tensors_permute,67.5
