parent_a,parent_b,labels_a,labels_b,a_per_class,b_per_class,a_per_task,b_per_task,child_joint,child_per_task,child_task_a,child_task_b,child_per_class,merging_fn,population,bn_reset,stop_node,time_s
09111d7d,1887bcd2,0_7_8,2_7_9,"[0.7740000486373901, 0.0, 0.0, 0.0, 0.0, 0.0, 0.0, 0.4820000231266022, 0.45100003480911255, 0.0]","[0.0, 0.0, 0.8840000629425049, 0.0, 0.0, 0.0, 0.0, 0.3330000042915344, 0.0, 0.5390000343322754]",0.5690000057220459,0.5853333473205566,0.3774,0.474,0.41833333333333333,0.5296666666666666,"[0.622, null, 0.87, null, null, null, null, 0.199, 0.434, 0.52]",match_tensors_permute,runs_exp2d/seed0/population,True,63,58.0
09111d7d,366f9057,0_7_8,3_5_9,"[0.7740000486373901, 0.0, 0.0, 0.0, 0.0, 0.0, 0.0, 0.4820000231266022, 0.45100003480911255, 0.0]","[0.0, 0.0, 0.0, 0.6830000281333923, 0.0, 0.4230000078678131, 0.0, 0.0, 0.0, 0.6110000014305115]",0.5690000057220459,0.5723333358764648,0.2485,0.5283333333333333,0.522,0.5346666666666666,"[0.612, null, null, 0.812, null, 0.22, null, 0.532, 0.422, 0.572]",match_tensors_permute,runs_exp2d/seed0/population,True,63,56.5
09111d7d,5ffed8da,0_7_8,6_8_9,"[0.7740000486373901, 0.0, 0.0, 0.0, 0.0, 0.0, 0.0, 0.4820000231266022, 0.45100003480911255, 0.0]","[0.0, 0.0, 0.0, 0.0, 0.0, 0.0, 0.9120000600814819, 0.0, 0.7490000128746033, 0.6790000200271606]",0.5690000057220459,0.7800000309944153,0.4536,0.6495,0.545,0.754,"[0.624, null, null, null, null, null, 0.787, 0.27, 0.741, 0.734]",match_tensors_permute,runs_exp2d/seed0/population,True,63,56.1
09111d7d,88ed44d1,0_7_8,3_6_7,"[0.7740000486373901, 0.0, 0.0, 0.0, 0.0, 0.0, 0.0, 0.4820000231266022, 0.45100003480911255, 0.0]","[0.0, 0.0, 0.0, 0.1810000091791153, 0.0, 0.0, 0.9600000381469727, 0.1340000033378601, 0.0, 0.0]",0.5690000057220459,0.42500004172325134,0.3826,0.4445,0.4493333333333333,0.43966666666666665,"[0.672, null, null, 0.158, null, null, 0.947, 0.214, 0.462, null]",match_tensors_permute,runs_exp2d/seed0/population,True,63,56.1
09111d7d,905afff7,0_7_8,3_5_6,"[0.7740000486373901, 0.0, 0.0, 0.0, 0.0, 0.0, 0.0, 0.4820000231266022, 0.45100003480911255, 0.0]","[0.0, 0.0, 0.0, 0.08700000494718552, 0.0, 0.026000000536441803, 0.9790000319480896, 0.0, 0.0, 0.0]",0.5690000057220459,0.36399999260902405,0.3285,0.4331666666666667,0.492,0.37433333333333335,"[0.636, null, null, 0.14, null, 0.006, 0.977, 0.371, 0.469, null]",match_tensors_permute,runs_exp2d/seed0/population,True,63,57.5
09111d7d,be2e50e9,0_7_8,3_6_7,"[0.7740000486373901, 0.0, 0.0, 0.0, 0.0, 0.0, 0.0, 0.4820000231266022, 0.45100003480911255, 0.0]","[0.0, 0.0, 0.0, 0.26100000739097595, 0.0, 0.0, 0.9020000696182251, 0.34200000762939453, 0.0, 0.0]",0.5690000057220459,0.5016667246818542,0.4062,0.5116666666666666,0.49866666666666665,0.5246666666666666,"[0.656, null, null, 0.322, null, null, 0.856, 0.396, 0.444, null]",match_tensors_permute,runs_exp2d/seed0/population,True,63,56.5
09111d7d,cb3a86af,0_7_8,1_6_7,"[0.7740000486373901, 0.0, 0.0, 0.0, 0.0, 0.0, 0.0, 0.4820000231266022, 0.45100003480911255, 0.0]","[0.0, 0.5400000214576721, 0.0, 0.0, 0.0, 0.0, 0.9630000591278076, 0.28700000047683716, 0.0, 0.0]",0.5690000057220459,0.5966666340827942,0.3844,0.538,0.5036666666666667,0.5723333333333334,"[0.638, 0.427, null, null, null, null, 0.932, 0.358, 0.515, null]",match_tensors_permute,runs_exp2d/seed0/population,True,63,56.0
09111d7d,d8bd0bc0,0_7_8,4_5_7,"[0.7740000486373901, 0.0, 0.0, 0.0, 0.0, 0.0, 0.0, 0.4820000231266022, 0.45100003480911255, 0.0]","[0.0, 0.0, 0.0, 0.0, 0.6810000538825989, 0.64000004529953, 0.0, 0.12700000405311584, 0.0, 0.0]",0.5690000057220459,0.4826667010784149,0.4026,0.4231666666666667,0.39966666666666667,0.44666666666666666,"[0.512, null, null, null, 0.566, 0.659, null, 0.115, 0.572, null]",match_tensors_permute,runs_exp2d/seed0/population,True,63,55.2
09111d7d,e1762771,0_7_8,1_2_4,"[0.7740000486373901, 0.0, 0.0, 0.0, 0.0, 0.0, 0.0, 0.4820000231266022, 0.45100003480911255, 0.0]","[0.0, 0.5320000052452087, 0.11600000411272049, 0.0, 0.9160000681877136, 0.0, 0.0, 0.0, 0.0, 0.0]",0.5690000057220459,0.5213333964347839,0.30583333333333335,0.48916666666666664,0.5083333333333333,0.47,"[0.615, 0.373, 0.419, null, 0.618, null, null, 0.379, 0.531, null]",match_tensors_permute,runs_exp2d/seed0/population,True,63,55.3
1887bcd2,366f9057,2_7_9,3_5_9,"[0.0, 0.0, 0.8840000629425049, 0.0, 0.0, 0.0, 0.0, 0.3330000042915344, 0.0, 0.5390000343322754]","[0.0, 0.0, 0.0, 0.6830000281333923, 0.0, 0.4230000078678131, 0.0, 0.0, 0.0, 0.6110000014305115]",0.5853333473205566,0.5723333358764648,0.337,0.5,0.5056666666666667,0.49433333333333335,"[null, null, 0.893, 0.85, null, 0.186, null, 0.177, null, 0.447]",match_tensors_permute,runs_exp2d/seed0/population,True,63,55.1
1887bcd2,5ffed8da,2_7_9,6_8_9,"[0.0, 0.0, 0.8840000629425049, 0.0, 0.0, 0.0, 0.0, 0.3330000042915344, 0.0, 0.5390000343322754]","[0.0, 0.0, 0.0, 0.0, 0.0, 0.0, 0.9120000600814819, 0.0, 0.7490000128746033, 0.6790000200271606]",0.5853333473205566,0.7800000309944153,0.4634,0.6645000000000001,0.5653333333333334,0.7636666666666667,"[null, null, 0.852, null, null, null, 0.899, 0.174, 0.722, 0.67]",match_tensors_permute,runs_exp2d/seed0/population,True,63,55.0
1887bcd2,88ed44d1,2_7_9,3_6_7,"[0.0, 0.0, 0.8840000629425049, 0.0, 0.0, 0.0, 0.0, 0.3330000042915344, 0.0, 0.5390000343322754]","[0.0, 0.0, 0.0, 0.1810000091791153, 0.0, 0.0, 0.9600000381469727, 0.1340000033378601, 0.0, 0.0]",0.5853333473205566,0.42500004172325134,0.353,0.45616666666666666,0.499,0.41333333333333333,"[null, null, 0.904, 0.2, null, null, 0.955, 0.085, null, 0.508]",match_tensors_permute,runs_exp2d/seed0/population,True,63,55.0
1887bcd2,905afff7,2_7_9,3_5_6,"[0.0, 0.0, 0.8840000629425049, 0.0, 0.0, 0.0, 0.0, 0.3330000042915344, 0.0, 0.5390000343322754]","[0.0, 0.0, 0.0, 0.08700000494718552, 0.0, 0.026000000536441803, 0.9790000319480896, 0.0, 0.0, 0.0]",0.5853333473205566,0.36399999260902405,0.29783333333333334,0.455,0.543,0.367,"[null, null, 0.875, 0.111, null, 0.014, 0.976, 0.278, null, 0.476]",match_tensors_permute,runs_exp2d/seed0/population,True,63,55.4
1887bcd2,be2e50e9,2_7_9,3_6_7,"[0.0, 0.0, 0.8840000629425049, 0.0, 0.0, 0.0, 0.0, 0.3330000042915344, 0.0, 0.5390000343322754]","[0.0, 0.0, 0.0, 0.26100000739097595, 0.0, 0.0, 0.9020000696182251, 0.34200000762939453, 0.0, 0.0]",0.5853333473205566,0.5016667246818542,0.3502,0.5475,0.5916666666666667,0.5033333333333333,"[null, null, 0.903, 0.23, null, null, 0.894, 0.386, null, 0.486]",match_tensors_permute,runs_exp2d/seed0/population,True,63,55.1
1887bcd2,cb3a86af,2_7_9,1_6_7,"[0.0, 0.0, 0.8840000629425049, 0.0, 0.0, 0.0, 0.0, 0.3330000042915344, 0.0, 0.5390000343322754]","[0.0, 0.5400000214576721, 0.0, 0.0, 0.0, 0.0, 0.9630000591278076, 0.28700000047683716, 0.0, 0.0]",0.5853333473205566,0.5966666340827942,0.3598,0.5826666666666667,0.5956666666666667,0.5696666666666667,"[null, 0.417, 0.889, null, null, null, 0.951, 0.341, null, 0.557]",match_tensors_permute,runs_exp2d/seed0/population,True,63,55.2
1887bcd2,d8bd0bc0,2_7_9,4_5_7,"[0.0, 0.0, 0.8840000629425049, 0.0, 0.0, 0.0, 0.0, 0.3330000042915344, 0.0, 0.5390000343322754]","[0.0, 0.0, 0.0, 0.0, 0.6810000538825989, 0.64000004529953, 0.0, 0.12700000405311584, 0.0, 0.0]",0.5853333473205566,0.4826667010784149,0.323,0.48483333333333334,0.527,0.44266666666666665,"[null, null, 0.913, null, 0.321, 0.865, null, 0.142, null, 0.526]",match_tensors_permute,runs_exp2d/seed0/population,True,63,55.0
1887bcd2,e1762771,2_7_9,1_2_4,"[0.0, 0.0, 0.8840000629425049, 0.0, 0.0, 0.0, 0.0, 0.3330000042915344, 0.0, 0.5390000343322754]","[0.0, 0.5320000052452087, 0.11600000411272049, 0.0, 0.9160000681877136, 0.0, 0.0, 0.0, 0.0, 0.0]",0.5853333473205566,0.5213333964347839,0.3046,0.38183333333333336,0.28733333333333333,0.47633333333333333,"[null, 0.393, 0.113, null, 0.923, null, null, 0.195, null, 0.554]",match_tensors_permute,runs_exp2d/seed0/population,True,63,55.1
366f9057,5ffed8da,3_5_9,6_8_9,"[0.0, 0.0, 0.0, 0.6830000281333923, 0.0, 0.4230000078678131, 0.0, 0.0, 0.0, 0.6110000014305115]","[0.0, 0.0, 0.0, 0.0, 0.0, 0.0, 0.9120000600814819, 0.0, 0.7490000128746033, 0.6790000200271606]",0.5723333358764648,0.7800000309944153,0.428,0.6703333333333333,0.6086666666666667,0.732,"[null, null, null, 0.822, null, 0.219, 0.82, null, 0.591, 0.785]",match_tensors_permute,runs_exp2d/seed0/population,True,63,55.1
366f9057,88ed44d1,3_5_9,3_6_7,"[0.0, 0.0, 0.0, 0.6830000281333923, 0.0, 0.4230000078678131, 0.0, 0.0, 0.0, 0.6110000014305115]","[0.0, 0.0, 0.0, 0.1810000091791153, 0.0, 0.0, 0.9600000381469727, 0.1340000033378601, 0.0, 0.0]",0.5723333358764648,0.42500004172325134,0.3776,0.3923333333333333,0.309,0.4756666666666667,"[null, null, null, 0.204, null, 0.182, 0.933, 0.29, null, 0.541]",match_tensors_permute,runs_exp2d/seed0/population,True,63,55.0
366f9057,905afff7,3_5_9,3_5_6,"[0.0, 0.0, 0.0, 0.6830000281333923, 0.0, 0.4230000078678131, 0.0, 0.0, 0.0, 0.6110000014305115]","[0.0, 0.0, 0.0, 0.08700000494718552, 0.0, 0.026000000536441803, 0.9790000319480896, 0.0, 0.0, 0.0]",0.5723333358764648,0.36399999260902405,0.4325,0.33233333333333337,0.26666666666666666,0.398,"[null, null, null, 0.246, null, 0.009, 0.939, null, null, 0.545]",match_tensors_permute,runs_exp2d/seed0/population,True,63,54.8
366f9057,be2e50e9,3_5_9,3_6_7,"[0.0, 0.0, 0.0, 0.6830000281333923, 0.0, 0.4230000078678131, 0.0, 0.0, 0.0, 0.6110000014305115]","[0.0, 0.0, 0.0, 0.26100000739097595, 0.0, 0.0, 0.9020000696182251, 0.34200000762939453, 0.0, 0.0]",0.5723333358764648,0.5016667246818542,0.3654,0.41233333333333333,0.2906666666666667,0.534,"[null, null, null, 0.229, null, 0.119, 0.882, 0.491, null, 0.524]",match_tensors_permute,runs_exp2d/seed0/population,True,63,55.0
366f9057,cb3a86af,3_5_9,1_6_7,"[0.0, 0.0, 0.0, 0.6830000281333923, 0.0, 0.4230000078678131, 0.0, 0.0, 0.0, 0.6110000014305115]","[0.0, 0.5400000214576721, 0.0, 0.0, 0.0, 0.0, 0.9630000591278076, 0.28700000047683716, 0.0, 0.0]",0.5723333358764648,0.5966666340827942,0.31916666666666665,0.5688333333333333,0.558,0.5796666666666667,"[null, 0.425, null, 0.575, null, 0.516, 0.936, 0.378, null, 0.583]",match_tensors_permute,runs_exp2d/seed0/population,True,63,55.3
366f9057,d8bd0bc0,3_5_9,4_5_7,"[0.0, 0.0, 0.0, 0.6830000281333923, 0.0, 0.4230000078678131, 0.0, 0.0, 0.0, 0.6110000014305115]","[0.0, 0.0, 0.0, 0.0, 0.6810000538825989, 0.64000004529953, 0.0, 0.12700000405311584, 0.0, 0.0]",0.5723333358764648,0.4826667010784149,0.307,0.5805,0.705,0.456,"[null, null, null, 0.805, 0.406, 0.796, null, 0.166, null, 0.514]",match_tensors_permute,runs_exp2d/seed0/population,True,63,55.1
366f9057,e1762771,3_5_9,1_2_4,"[0.0, 0.0, 0.0, 0.6830000281333923, 0.0, 0.4230000078678131, 0.0, 0.0, 0.0, 0.6110000014305115]","[0.0, 0.5320000052452087, 0.11600000411272049, 0.0, 0.9160000681877136, 0.0, 0.0, 0.0, 0.0, 0.0]",0.5723333358764648,0.5213333964347839,0.27366666666666667,0.5053333333333333,0.5636666666666666,0.447,"[null, 0.308, 0.336, 0.744, 0.697, 0.315, null, null, null, 0.632]",match_tensors_permute,runs_exp2d/seed0/population,True,63,55.3
5ffed8da,88ed44d1,6_8_9,3_6_7,"[0.0, 0.0, 0.0, 0.0, 0.0, 0.0, 0.9120000600814819, 0.0, 0.7490000128746033, 0.6790000200271606]","[0.0, 0.0, 0.0, 0.1810000091791153, 0.0, 0.0, 0.9600000381469727, 0.1340000033378601, 0.0, 0.0]",0.7800000309944153,0.42500004172325134,0.445,0.6016666666666667,0.8006666666666666,0.4026666666666667,"[null, null, null, 0.113, null, null, 0.973, 0.122, 0.682, 0.747]",match_tensors_permute,runs_exp2d/seed0/population,True,63,55.0
5ffed8da,905afff7,6_8_9,3_5_6,"[0.0, 0.0, 0.0, 0.0, 0.0, 0.0, 0.9120000600814819, 0.0, 0.7490000128746033, 0.6790000200271606]","[0.0, 0.0, 0.0, 0.08700000494718552, 0.0, 0.026000000536441803, 0.9790000319480896, 0.0, 0.0, 0.0]",0.7800000309944153,0.36399999260902405,0.4566,0.5948333333333333,0.8116666666666666,0.378,"[null, null, null, 0.149, null, 0.007, 0.978, null, 0.728, 0.729]",match_tensors_permute,runs_exp2d/seed0/population,True,63,55.1
5ffed8da,be2e50e9,6_8_9,3_6_7,"[0.0, 0.0, 0.0, 0.0, 0.0, 0.0, 0.9120000600814819, 0.0, 0.7490000128746033, 0.6790000200271606]","[0.0, 0.0, 0.0, 0.26100000739097595, 0.0, 0.0, 0.9020000696182251, 0.34200000762939453, 0.0, 0.0]",0.7800000309944153,0.5016667246818542,0.4462,0.6546666666666667,0.7603333333333333,0.549,"[null, null, null, 0.294, null, null, 0.867, 0.486, 0.66, 0.754]",match_tensors_permute,runs_exp2d/seed0/population,True,63,55.1
5ffed8da,cb3a86af,6_8_9,1_6_7,"[0.0, 0.0, 0.0, 0.0, 0.0, 0.0, 0.9120000600814819, 0.0, 0.7490000128746033, 0.6790000200271606]","[0.0, 0.5400000214576721, 0.0, 0.0, 0.0, 0.0, 0.9630000591278076, 0.28700000047683716, 0.0, 0.0]",0.7800000309944153,0.5966666340827942,0.4548,0.688,0.7786666666666666,0.5973333333333334,"[null, 0.423, null, null, null, null, 0.927, 0.442, 0.693, 0.716]",match_tensors_permute,runs_exp2d/seed0/population,True,63,55.2
5ffed8da,d8bd0bc0,6_8_9,4_5_7,"[0.0, 0.0, 0.0, 0.0, 0.0, 0.0, 0.9120000600814819, 0.0, 0.7490000128746033, 0.6790000200271606]","[0.0, 0.0, 0.0, 0.0, 0.6810000538825989, 0.64000004529953, 0.0, 0.12700000405311584, 0.0, 0.0]",0.7800000309944153,0.4826667010784149,0.38483333333333336,0.6058333333333333,0.7583333333333333,0.4533333333333333,"[null, null, null, null, 0.368, 0.763, 0.869, 0.229, 0.62, 0.786]",match_tensors_permute,runs_exp2d/seed0/population,True,63,55.4
5ffed8da,e1762771,6_8_9,1_2_4,"[0.0, 0.0, 0.0, 0.0, 0.0, 0.0, 0.9120000600814819, 0.0, 0.7490000128746033, 0.6790000200271606]","[0.0, 0.5320000052452087, 0.11600000411272049, 0.0, 0.9160000681877136, 0.0, 0.0, 0.0, 0.0, 0.0]",0.7800000309944153,0.5213333964347839,0.366,0.5981666666666666,0.7523333333333333,0.444,"[null, 0.293, 0.12, null, 0.919, null, 0.828, null, 0.647, 0.782]",match_tensors_permute,runs_exp2d/seed0/population,True,63,55.4
88ed44d1,905afff7,3_6_7,3_5_6,"[0.0, 0.0, 0.0, 0.1810000091791153, 0.0, 0.0, 0.9600000381469727, 0.1340000033378601, 0.0, 0.0]","[0.0, 0.0, 0.0, 0.08700000494718552, 0.0, 0.026000000536441803, 0.9790000319480896, 0.0, 0.0, 0.0]",0.42500004172325134,0.36399999260902405,0.3185,0.4361666666666667,0.468,0.4043333333333333,"[null, null, null, 0.274, null, 0.004, 0.935, 0.195, null, null]",match_tensors_permute,runs_exp2d/seed0/population,True,63,54.8
88ed44d1,be2e50e9,3_6_7,3_6_7,"[0.0, 0.0, 0.0, 0.1810000091791153, 0.0, 0.0, 0.9600000381469727, 0.1340000033378601, 0.0, 0.0]","[0.0, 0.0, 0.0, 0.26100000739097595, 0.0, 0.0, 0.9020000696182251, 0.34200000762939453, 0.0, 0.0]",0.42500004172325134,0.5016667246818542,0.477,0.5053333333333333,0.5053333333333333,0.5053333333333333,"[null, null, null, 0.362, null, null, 0.845, 0.309, null, null]",match_tensors_permute,runs_exp2d/seed0/population,True,63,54.4
88ed44d1,cb3a86af,3_6_7,1_6_7,"[0.0, 0.0, 0.0, 0.1810000091791153, 0.0, 0.0, 0.9600000381469727, 0.1340000033378601, 0.0, 0.0]","[0.0, 0.5400000214576721, 0.0, 0.0, 0.0, 0.0, 0.9630000591278076, 0.28700000047683716, 0.0, 0.0]",0.42500004172325134,0.5966666340827942,0.41575,0.538,0.501,0.575,"[null, 0.392, null, 0.17, null, null, 0.931, 0.402, null, null]",match_tensors_permute,runs_exp2d/seed0/population,True,63,54.9
88ed44d1,d8bd0bc0,3_6_7,4_5_7,"[0.0, 0.0, 0.0, 0.1810000091791153, 0.0, 0.0, 0.9600000381469727, 0.1340000033378601, 0.0, 0.0]","[0.0, 0.0, 0.0, 0.0, 0.6810000538825989, 0.64000004529953, 0.0, 0.12700000405311584, 0.0, 0.0]",0.42500004172325134,0.4826667010784149,0.3016,0.4331666666666667,0.42533333333333334,0.441,"[null, null, null, 0.206, 0.426, 0.777, 0.95, 0.12, null, null]",match_tensors_permute,runs_exp2d/seed0/population,True,63,55.0
88ed44d1,e1762771,3_6_7,1_2_4,"[0.0, 0.0, 0.0, 0.1810000091791153, 0.0, 0.0, 0.9600000381469727, 0.1340000033378601, 0.0, 0.0]","[0.0, 0.5320000052452087, 0.11600000411272049, 0.0, 0.9160000681877136, 0.0, 0.0, 0.0, 0.0, 0.0]",0.42500004172325134,0.5213333964347839,0.25783333333333336,0.46199999999999997,0.44466666666666665,0.47933333333333333,"[null, 0.404, 0.285, 0.241, 0.749, null, 0.924, 0.169, null, null]",match_tensors_permute,runs_exp2d/seed0/population,True,63,55.3
905afff7,be2e50e9,3_5_6,3_6_7,"[0.0, 0.0, 0.0, 0.08700000494718552, 0.0, 0.026000000536441803, 0.9790000319480896, 0.0, 0.0, 0.0]","[0.0, 0.0, 0.0, 0.26100000739097595, 0.0, 0.0, 0.9020000696182251, 0.34200000762939453, 0.0, 0.0]",0.36399999260902405,0.5016667246818542,0.35475,0.45516666666666666,0.385,0.5253333333333333,"[null, null, null, 0.25, null, 0.011, 0.894, 0.432, null, null]",match_tensors_permute,runs_exp2d/seed0/population,True,63,54.9
905afff7,cb3a86af,3_5_6,1_6_7,"[0.0, 0.0, 0.0, 0.08700000494718552, 0.0, 0.026000000536441803, 0.9790000319480896, 0.0, 0.0, 0.0]","[0.0, 0.5400000214576721, 0.0, 0.0, 0.0, 0.0, 0.9630000591278076, 0.28700000047683716, 0.0, 0.0]",0.36399999260902405,0.5966666340827942,0.325,0.4708333333333333,0.38266666666666665,0.559,"[null, 0.394, null, 0.206, null, 0.0, 0.942, 0.341, null, null]",match_tensors_permute,runs_exp2d/seed0/population,True,63,55.1
905afff7,d8bd0bc0,3_5_6,4_5_7,"[0.0, 0.0, 0.0, 0.08700000494718552, 0.0, 0.026000000536441803, 0.9790000319480896, 0.0, 0.0, 0.0]","[0.0, 0.0, 0.0, 0.0, 0.6810000538825989, 0.64000004529953, 0.0, 0.12700000405311584, 0.0, 0.0]",0.36399999260902405,0.4826667010784149,0.301,0.5175000000000001,0.5803333333333334,0.45466666666666666,"[null, null, null, 0.17, 0.614, 0.6, 0.971, 0.15, null, null]",match_tensors_permute,runs_exp2d/seed0/population,True,63,55.0
905afff7,e1762771,3_5_6,1_2_4,"[0.0, 0.0, 0.0, 0.08700000494718552, 0.0, 0.026000000536441803, 0.9790000319480896, 0.0, 0.0, 0.0]","[0.0, 0.5320000052452087, 0.11600000411272049, 0.0, 0.9160000681877136, 0.0, 0.0, 0.0, 0.0, 0.0]",0.36399999260902405,0.5213333964347839,0.278,0.435,0.394,0.476,"[null, 0.367, 0.241, 0.23, 0.82, 0.002, 0.95, null, null, null]",match_tensors_permute,runs_exp2d/seed0/population,True,63,55.4
be2e50e9,cb3a86af,3_6_7,1_6_7,"[0.0, 0.0, 0.0, 0.26100000739097595, 0.0, 0.0, 0.9020000696182251, 0.34200000762939453, 0.0, 0.0]","[0.0, 0.5400000214576721, 0.0, 0.0, 0.0, 0.0, 0.9630000591278076, 0.28700000047683716, 0.0, 0.0]",0.5016667246818542,0.5966666340827942,0.42775,0.5393333333333333,0.5083333333333333,0.5703333333333334,"[null, 0.408, null, 0.222, null, null, 0.928, 0.375, null, null]",match_tensors_permute,runs_exp2d/seed0/population,True,63,54.8
be2e50e9,d8bd0bc0,3_6_7,4_5_7,"[0.0, 0.0, 0.0, 0.26100000739097595, 0.0, 0.0, 0.9020000696182251, 0.34200000762939453, 0.0, 0.0]","[0.0, 0.0, 0.0, 0.0, 0.6810000538825989, 0.64000004529953, 0.0, 0.12700000405311584, 0.0, 0.0]",0.5016667246818542,0.4826667010784149,0.3742,0.43666666666666665,0.4256666666666667,0.44766666666666666,"[null, null, null, 0.236, 0.44, 0.731, 0.869, 0.172, null, null]",match_tensors_permute,runs_exp2d/seed0/population,True,63,55.1
be2e50e9,e1762771,3_6_7,1_2_4,"[0.0, 0.0, 0.0, 0.26100000739097595, 0.0, 0.0, 0.9020000696182251, 0.34200000762939453, 0.0, 0.0]","[0.0, 0.5320000052452087, 0.11600000411272049, 0.0, 0.9160000681877136, 0.0, 0.0, 0.0, 0.0, 0.0]",0.5016667246818542,0.5213333964347839,0.277,0.4856666666666667,0.5076666666666667,0.46366666666666667,"[null, 0.355, 0.175, 0.326, 0.861, null, 0.851, 0.346, null, null]",match_tensors_permute,runs_exp2d/seed0/population,True,63,55.3
cb3a86af,d8bd0bc0,1_6_7,4_5_7,"[0.0, 0.5400000214576721, 0.0, 0.0, 0.0, 0.0, 0.9630000591278076, 0.28700000047683716, 0.0, 0.0]","[0.0, 0.0, 0.0, 0.0, 0.6810000538825989, 0.64000004529953, 0.0, 0.12700000405311584, 0.0, 0.0]",0.5966666340827942,0.4826667010784149,0.3382,0.472,0.4866666666666667,0.4573333333333333,"[null, 0.333, null, null, 0.362, 0.807, 0.924, 0.203, null, null]",match_tensors_permute,runs_exp2d/seed0/population,True,63,55.0
cb3a86af,e1762771,1_6_7,1_2_4,"[0.0, 0.5400000214576721, 0.0, 0.0, 0.0, 0.0, 0.9630000591278076, 0.28700000047683716, 0.0, 0.0]","[0.0, 0.5320000052452087, 0.11600000411272049, 0.0, 0.9160000681877136, 0.0, 0.0, 0.0, 0.0, 0.0]",0.5966666340827942,0.5213333964347839,0.3606,0.526,0.582,0.47,"[null, 0.411, 0.635, null, 0.364, null, 0.939, 0.396, null, null]",match_tensors_permute,runs_exp2d/seed0/population,True,63,55.1
d8bd0bc0,e1762771,4_5_7,1_2_4,"[0.0, 0.0, 0.0, 0.0, 0.6810000538825989, 0.64000004529953, 0.0, 0.12700000405311584, 0.0, 0.0]","[0.0, 0.5320000052452087, 0.11600000411272049, 0.0, 0.9160000681877136, 0.0, 0.0, 0.0, 0.0, 0.0]",0.4826667010784149,0.5213333964347839,0.3078,0.5075000000000001,0.556,0.459,"[null, 0.348, 0.229, null, 0.8, 0.754, null, 0.114, null, null]",match_tensors_permute,runs_exp2d/seed0/population,True,63,55.2
