parent_a,parent_b,labels_a,labels_b,a_per_class,b_per_class,a_per_task,b_per_task,child_joint,child_per_task,child_task_a,child_task_b,child_per_class,merging_fn,population,bn_reset,time_s
09111d7d,1887bcd2,0_7_8,2_7_9,"[0.7740000486373901, 0.0, 0.0, 0.0, 0.0, 0.0, 0.0, 0.4820000231266022, 0.45100003480911255, 0.0]","[0.0, 0.0, 0.8840000629425049, 0.0, 0.0, 0.0, 0.0, 0.3330000042915344, 0.0, 0.5390000343322754]",0.5690000057220459,0.5853333473205566,0.3838,0.556,0.517,0.595,"[0.779, null, 0.856, null, null, null, null, 0.364, 0.408, 0.565]",match_tensors_permute,runs_exp2d/seed0/population,False,44.1
09111d7d,366f9057,0_7_8,3_5_9,"[0.7740000486373901, 0.0, 0.0, 0.0, 0.0, 0.0, 0.0, 0.4820000231266022, 0.45100003480911255, 0.0]","[0.0, 0.0, 0.0, 0.6830000281333923, 0.0, 0.4230000078678131, 0.0, 0.0, 0.0, 0.6110000014305115]",0.5690000057220459,0.5723333358764648,0.24166666666666667,0.5558333333333333,0.5436666666666666,0.568,"[0.825, null, null, 0.725, null, 0.369, null, 0.469, 0.337, 0.61]",match_tensors_permute,runs_exp2d/seed0/population,False,44.5
09111d7d,5ffed8da,0_7_8,6_8_9,"[0.7740000486373901, 0.0, 0.0, 0.0, 0.0, 0.0, 0.0, 0.4820000231266022, 0.45100003480911255, 0.0]","[0.0, 0.0, 0.0, 0.0, 0.0, 0.0, 0.9120000600814819, 0.0, 0.7490000128746033, 0.6790000200271606]",0.5690000057220459,0.7800000309944153,0.4584,0.724,0.674,0.774,"[0.806, null, null, null, null, null, 0.907, 0.48, 0.736, 0.679]",match_tensors_permute,runs_exp2d/seed0/population,False,44.2
09111d7d,88ed44d1,0_7_8,3_6_7,"[0.7740000486373901, 0.0, 0.0, 0.0, 0.0, 0.0, 0.0, 0.4820000231266022, 0.45100003480911255, 0.0]","[0.0, 0.0, 0.0, 0.1810000091791153, 0.0, 0.0, 0.9600000381469727, 0.1340000033378601, 0.0, 0.0]",0.5690000057220459,0.42500004172325134,0.4134,0.431,0.436,0.426,"[0.807, null, null, 0.186, null, null, 0.959, 0.133, 0.368, null]",match_tensors_permute,runs_exp2d/seed0/population,False,44.1
09111d7d,905afff7,0_7_8,3_5_6,"[0.7740000486373901, 0.0, 0.0, 0.0, 0.0, 0.0, 0.0, 0.4820000231266022, 0.45100003480911255, 0.0]","[0.0, 0.0, 0.0, 0.08700000494718552, 0.0, 0.026000000536441803, 0.9790000319480896, 0.0, 0.0, 0.0]",0.5690000057220459,0.36399999260902405,0.3308333333333333,0.46,0.551,0.369,"[0.801, null, null, 0.117, null, 0.016, 0.974, 0.473, 0.379, null]",match_tensors_permute,runs_exp2d/seed0/population,False,44.4
09111d7d,be2e50e9,0_7_8,3_6_7,"[0.7740000486373901, 0.0, 0.0, 0.0, 0.0, 0.0, 0.0, 0.4820000231266022, 0.45100003480911255, 0.0]","[0.0, 0.0, 0.0, 0.26100000739097595, 0.0, 0.0, 0.9020000696182251, 0.34200000762939453, 0.0, 0.0]",0.5690000057220459,0.5016667246818542,0.3766,0.5038333333333334,0.508,0.49966666666666665,"[0.795, null, null, 0.247, null, null, 0.908, 0.344, 0.385, null]",match_tensors_permute,runs_exp2d/seed0/population,False,44.1
09111d7d,cb3a86af,0_7_8,1_6_7,"[0.7740000486373901, 0.0, 0.0, 0.0, 0.0, 0.0, 0.0, 0.4820000231266022, 0.45100003480911255, 0.0]","[0.0, 0.5400000214576721, 0.0, 0.0, 0.0, 0.0, 0.9630000591278076, 0.28700000047683716, 0.0, 0.0]",0.5690000057220459,0.5966666340827942,0.3858,0.5418333333333333,0.49366666666666664,0.59,"[0.777, 0.531, null, null, null, null, 0.961, 0.278, 0.426, null]",match_tensors_permute,runs_exp2d/seed0/population,False,43.9
09111d7d,d8bd0bc0,0_7_8,4_5_7,"[0.7740000486373901, 0.0, 0.0, 0.0, 0.0, 0.0, 0.0, 0.4820000231266022, 0.45100003480911255, 0.0]","[0.0, 0.0, 0.0, 0.0, 0.6810000538825989, 0.64000004529953, 0.0, 0.12700000405311584, 0.0, 0.0]",0.5690000057220459,0.4826667010784149,0.387,0.4648333333333333,0.4513333333333333,0.47833333333333333,"[0.753, null, null, null, 0.633, 0.643, null, 0.159, 0.442, null]",match_tensors_permute,runs_exp2d/seed0/population,False,43.6
09111d7d,e1762771,0_7_8,1_2_4,"[0.7740000486373901, 0.0, 0.0, 0.0, 0.0, 0.0, 0.0, 0.4820000231266022, 0.45100003480911255, 0.0]","[0.0, 0.5320000052452087, 0.11600000411272049, 0.0, 0.9160000681877136, 0.0, 0.0, 0.0, 0.0, 0.0]",0.5690000057220459,0.5213333964347839,0.32716666666666666,0.5425,0.5613333333333334,0.5236666666666666,"[0.789, 0.535, 0.122, null, 0.914, null, null, 0.489, 0.406, null]",match_tensors_permute,runs_exp2d/seed0/population,False,43.9
1887bcd2,366f9057,2_7_9,3_5_9,"[0.0, 0.0, 0.8840000629425049, 0.0, 0.0, 0.0, 0.0, 0.3330000042915344, 0.0, 0.5390000343322754]","[0.0, 0.0, 0.0, 0.6830000281333923, 0.0, 0.4230000078678131, 0.0, 0.0, 0.0, 0.6110000014305115]",0.5853333473205566,0.5723333358764648,0.3944,0.5913333333333333,0.611,0.5716666666666667,"[null, null, 0.866, 0.689, null, 0.415, null, 0.356, null, 0.611]",match_tensors_permute,runs_exp2d/seed0/population,False,43.8
1887bcd2,5ffed8da,2_7_9,6_8_9,"[0.0, 0.0, 0.8840000629425049, 0.0, 0.0, 0.0, 0.0, 0.3330000042915344, 0.0, 0.5390000343322754]","[0.0, 0.0, 0.0, 0.0, 0.0, 0.0, 0.9120000600814819, 0.0, 0.7490000128746033, 0.6790000200271606]",0.5853333473205566,0.7800000309944153,0.4768,0.7023333333333333,0.6303333333333333,0.7743333333333333,"[null, null, 0.863, null, null, null, 0.927, 0.377, 0.745, 0.651]",match_tensors_permute,runs_exp2d/seed0/population,False,43.7
1887bcd2,88ed44d1,2_7_9,3_6_7,"[0.0, 0.0, 0.8840000629425049, 0.0, 0.0, 0.0, 0.0, 0.3330000042915344, 0.0, 0.5390000343322754]","[0.0, 0.0, 0.0, 0.1810000091791153, 0.0, 0.0, 0.9600000381469727, 0.1340000033378601, 0.0, 0.0]",0.5853333473205566,0.42500004172325134,0.3574,0.4555,0.505,0.406,"[null, null, 0.873, 0.126, null, null, 0.97, 0.122, null, 0.52]",match_tensors_permute,runs_exp2d/seed0/population,False,43.7
1887bcd2,905afff7,2_7_9,3_5_6,"[0.0, 0.0, 0.8840000629425049, 0.0, 0.0, 0.0, 0.0, 0.3330000042915344, 0.0, 0.5390000343322754]","[0.0, 0.0, 0.0, 0.08700000494718552, 0.0, 0.026000000536441803, 0.9790000319480896, 0.0, 0.0, 0.0]",0.5853333473205566,0.36399999260902405,0.2971666666666667,0.4656666666666667,0.579,0.35233333333333333,"[null, null, 0.875, 0.058, null, 0.015, 0.984, 0.338, null, 0.524]",match_tensors_permute,runs_exp2d/seed0/population,False,43.9
1887bcd2,be2e50e9,2_7_9,3_6_7,"[0.0, 0.0, 0.8840000629425049, 0.0, 0.0, 0.0, 0.0, 0.3330000042915344, 0.0, 0.5390000343322754]","[0.0, 0.0, 0.0, 0.26100000739097595, 0.0, 0.0, 0.9020000696182251, 0.34200000762939453, 0.0, 0.0]",0.5853333473205566,0.5016667246818542,0.3772,0.5249999999999999,0.571,0.479,"[null, null, 0.856, 0.183, null, null, 0.934, 0.32, null, 0.537]",match_tensors_permute,runs_exp2d/seed0/population,False,43.7
1887bcd2,cb3a86af,2_7_9,1_6_7,"[0.0, 0.0, 0.8840000629425049, 0.0, 0.0, 0.0, 0.0, 0.3330000042915344, 0.0, 0.5390000343322754]","[0.0, 0.5400000214576721, 0.0, 0.0, 0.0, 0.0, 0.9630000591278076, 0.28700000047683716, 0.0, 0.0]",0.5853333473205566,0.5966666340827942,0.3798,0.5636666666666666,0.5503333333333333,0.577,"[null, 0.526, 0.865, null, null, null, 0.974, 0.231, null, 0.555]",match_tensors_permute,runs_exp2d/seed0/population,False,43.7
1887bcd2,d8bd0bc0,2_7_9,4_5_7,"[0.0, 0.0, 0.8840000629425049, 0.0, 0.0, 0.0, 0.0, 0.3330000042915344, 0.0, 0.5390000343322754]","[0.0, 0.0, 0.0, 0.0, 0.6810000538825989, 0.64000004529953, 0.0, 0.12700000405311584, 0.0, 0.0]",0.5853333473205566,0.4826667010784149,0.3624,0.4971666666666667,0.5166666666666667,0.4776666666666667,"[null, null, 0.896, null, 0.673, 0.624, null, 0.136, null, 0.518]",match_tensors_permute,runs_exp2d/seed0/population,False,43.7
1887bcd2,e1762771,2_7_9,1_2_4,"[0.0, 0.0, 0.8840000629425049, 0.0, 0.0, 0.0, 0.0, 0.3330000042915344, 0.0, 0.5390000343322754]","[0.0, 0.5320000052452087, 0.11600000411272049, 0.0, 0.9160000681877136, 0.0, 0.0, 0.0, 0.0, 0.0]",0.5853333473205566,0.5213333964347839,0.3536,0.4351666666666667,0.35933333333333334,0.511,"[null, 0.483, 0.131, null, 0.919, null, null, 0.384, null, 0.563]",match_tensors_permute,runs_exp2d/seed0/population,False,43.6
366f9057,5ffed8da,3_5_9,6_8_9,"[0.0, 0.0, 0.0, 0.6830000281333923, 0.0, 0.4230000078678131, 0.0, 0.0, 0.0, 0.6110000014305115]","[0.0, 0.0, 0.0, 0.0, 0.0, 0.0, 0.9120000600814819, 0.0, 0.7490000128746033, 0.6790000200271606]",0.5723333358764648,0.7800000309944153,0.458,0.6763333333333332,0.581,0.7716666666666666,"[null, null, null, 0.683, null, 0.427, 0.918, null, 0.764, 0.633]",match_tensors_permute,runs_exp2d/seed0/population,False,43.8
366f9057,88ed44d1,3_5_9,3_6_7,"[0.0, 0.0, 0.0, 0.6830000281333923, 0.0, 0.4230000078678131, 0.0, 0.0, 0.0, 0.6110000014305115]","[0.0, 0.0, 0.0, 0.1810000091791153, 0.0, 0.0, 0.9600000381469727, 0.1340000033378601, 0.0, 0.0]",0.5723333358764648,0.42500004172325134,0.3678,0.4091666666666667,0.388,0.43033333333333335,"[null, null, null, 0.177, null, 0.382, 0.964, 0.15, null, 0.605]",match_tensors_permute,runs_exp2d/seed0/population,False,43.6
366f9057,905afff7,3_5_9,3_5_6,"[0.0, 0.0, 0.0, 0.6830000281333923, 0.0, 0.4230000078678131, 0.0, 0.0, 0.0, 0.6110000014305115]","[0.0, 0.0, 0.0, 0.08700000494718552, 0.0, 0.026000000536441803, 0.9790000319480896, 0.0, 0.0, 0.0]",0.5723333358764648,0.36399999260902405,0.441,0.309,0.24733333333333332,0.37066666666666664,"[null, null, null, 0.12, null, 0.018, 0.974, null, null, 0.604]",match_tensors_permute,runs_exp2d/seed0/population,False,43.3
366f9057,be2e50e9,3_5_9,3_6_7,"[0.0, 0.0, 0.0, 0.6830000281333923, 0.0, 0.4230000078678131, 0.0, 0.0, 0.0, 0.6110000014305115]","[0.0, 0.0, 0.0, 0.26100000739097595, 0.0, 0.0, 0.9020000696182251, 0.34200000762939453, 0.0, 0.0]",0.5723333358764648,0.5016667246818542,0.3824,0.4668333333333333,0.43233333333333335,0.5013333333333333,"[null, null, null, 0.249, null, 0.441, 0.91, 0.345, null, 0.607]",match_tensors_permute,runs_exp2d/seed0/population,False,43.7
366f9057,cb3a86af,3_5_9,1_6_7,"[0.0, 0.0, 0.0, 0.6830000281333923, 0.0, 0.4230000078678131, 0.0, 0.0, 0.0, 0.6110000014305115]","[0.0, 0.5400000214576721, 0.0, 0.0, 0.0, 0.0, 0.9630000591278076, 0.28700000047683716, 0.0, 0.0]",0.5723333358764648,0.5966666340827942,0.31283333333333335,0.5768333333333333,0.5796666666666667,0.574,"[null, 0.494, null, 0.671, null, 0.44, 0.959, 0.269, null, 0.628]",match_tensors_permute,runs_exp2d/seed0/population,False,44.1
366f9057,d8bd0bc0,3_5_9,4_5_7,"[0.0, 0.0, 0.0, 0.6830000281333923, 0.0, 0.4230000078678131, 0.0, 0.0, 0.0, 0.6110000014305115]","[0.0, 0.0, 0.0, 0.0, 0.6810000538825989, 0.64000004529953, 0.0, 0.12700000405311584, 0.0, 0.0]",0.5723333358764648,0.4826667010784149,0.3906,0.5723333333333334,0.666,0.4786666666666667,"[null, null, null, 0.771, 0.664, 0.621, null, 0.151, null, 0.606]",match_tensors_permute,runs_exp2d/seed0/population,False,43.7
366f9057,e1762771,3_5_9,1_2_4,"[0.0, 0.0, 0.0, 0.6830000281333923, 0.0, 0.4230000078678131, 0.0, 0.0, 0.0, 0.6110000014305115]","[0.0, 0.5320000052452087, 0.11600000411272049, 0.0, 0.9160000681877136, 0.0, 0.0, 0.0, 0.0, 0.0]",0.5723333358764648,0.5213333964347839,0.2981666666666667,0.5386666666666666,0.5733333333333334,0.504,"[null, 0.456, 0.141, 0.699, 0.915, 0.415, null, null, null, 0.606]",match_tensors_permute,runs_exp2d/seed0/population,False,44.0
5ffed8da,88ed44d1,6_8_9,3_6_7,"[0.0, 0.0, 0.0, 0.0, 0.0, 0.0, 0.9120000600814819, 0.0, 0.7490000128746033, 0.6790000200271606]","[0.0, 0.0, 0.0, 0.1810000091791153, 0.0, 0.0, 0.9600000381469727, 0.1340000033378601, 0.0, 0.0]",0.7800000309944153,0.42500004172325134,0.4512,0.608,0.786,0.43,"[null, null, null, 0.187, null, null, 0.959, 0.144, 0.749, 0.65]",match_tensors_permute,runs_exp2d/seed0/population,False,43.6
5ffed8da,905afff7,6_8_9,3_5_6,"[0.0, 0.0, 0.0, 0.0, 0.0, 0.0, 0.9120000600814819, 0.0, 0.7490000128746033, 0.6790000200271606]","[0.0, 0.0, 0.0, 0.08700000494718552, 0.0, 0.026000000536441803, 0.9790000319480896, 0.0, 0.0, 0.0]",0.7800000309944153,0.36399999260902405,0.4504,0.5815,0.7916666666666666,0.37133333333333335,"[null, null, null, 0.121, null, 0.018, 0.975, null, 0.75, 0.65]",match_tensors_permute,runs_exp2d/seed0/population,False,43.7
5ffed8da,be2e50e9,6_8_9,3_6_7,"[0.0, 0.0, 0.0, 0.0, 0.0, 0.0, 0.9120000600814819, 0.0, 0.7490000128746033, 0.6790000200271606]","[0.0, 0.0, 0.0, 0.26100000739097595, 0.0, 0.0, 0.9020000696182251, 0.34200000762939453, 0.0, 0.0]",0.7800000309944153,0.5016667246818542,0.4518,0.6401666666666667,0.7726666666666666,0.5076666666666667,"[null, null, null, 0.259, null, null, 0.909, 0.355, 0.736, 0.673]",match_tensors_permute,runs_exp2d/seed0/population,False,43.8
5ffed8da,cb3a86af,6_8_9,1_6_7,"[0.0, 0.0, 0.0, 0.0, 0.0, 0.0, 0.9120000600814819, 0.0, 0.7490000128746033, 0.6790000200271606]","[0.0, 0.5400000214576721, 0.0, 0.0, 0.0, 0.0, 0.9630000591278076, 0.28700000047683716, 0.0, 0.0]",0.7800000309944153,0.5966666340827942,0.451,0.6913333333333334,0.7886666666666666,0.594,"[null, 0.531, null, null, null, null, 0.959, 0.292, 0.743, 0.664]",match_tensors_permute,runs_exp2d/seed0/population,False,43.6
5ffed8da,d8bd0bc0,6_8_9,4_5_7,"[0.0, 0.0, 0.0, 0.0, 0.0, 0.0, 0.9120000600814819, 0.0, 0.7490000128746033, 0.6790000200271606]","[0.0, 0.0, 0.0, 0.0, 0.6810000538825989, 0.64000004529953, 0.0, 0.12700000405311584, 0.0, 0.0]",0.7800000309944153,0.4826667010784149,0.38666666666666666,0.627,0.7743333333333333,0.4796666666666667,"[null, null, null, null, 0.64, 0.641, 0.939, 0.158, 0.739, 0.645]",match_tensors_permute,runs_exp2d/seed0/population,False,44.0
5ffed8da,e1762771,6_8_9,1_2_4,"[0.0, 0.0, 0.0, 0.0, 0.0, 0.0, 0.9120000600814819, 0.0, 0.7490000128746033, 0.6790000200271606]","[0.0, 0.5320000052452087, 0.11600000411272049, 0.0, 0.9160000681877136, 0.0, 0.0, 0.0, 0.0, 0.0]",0.7800000309944153,0.5213333964347839,0.3863333333333333,0.6501666666666667,0.7793333333333333,0.521,"[null, 0.517, 0.142, null, 0.904, null, 0.922, null, 0.728, 0.688]",match_tensors_permute,runs_exp2d/seed0/population,False,44.0
88ed44d1,905afff7,3_6_7,3_5_6,"[0.0, 0.0, 0.0, 0.1810000091791153, 0.0, 0.0, 0.9600000381469727, 0.1340000033378601, 0.0, 0.0]","[0.0, 0.0, 0.0, 0.08700000494718552, 0.0, 0.026000000536441803, 0.9790000319480896, 0.0, 0.0, 0.0]",0.42500004172325134,0.36399999260902405,0.304,0.3875,0.405,0.37,"[null, null, null, 0.109, null, 0.025, 0.976, 0.13, null, null]",match_tensors_permute,runs_exp2d/seed0/population,False,43.4
88ed44d1,be2e50e9,3_6_7,3_6_7,"[0.0, 0.0, 0.0, 0.1810000091791153, 0.0, 0.0, 0.9600000381469727, 0.1340000033378601, 0.0, 0.0]","[0.0, 0.0, 0.0, 0.26100000739097595, 0.0, 0.0, 0.9020000696182251, 0.34200000762939453, 0.0, 0.0]",0.42500004172325134,0.5016667246818542,0.4683333333333333,0.5016666666666667,0.5016666666666667,0.5016666666666667,"[null, null, null, 0.25, null, null, 0.91, 0.345, null, null]",match_tensors_permute,runs_exp2d/seed0/population,False,43.0
88ed44d1,cb3a86af,3_6_7,1_6_7,"[0.0, 0.0, 0.0, 0.1810000091791153, 0.0, 0.0, 0.9600000381469727, 0.1340000033378601, 0.0, 0.0]","[0.0, 0.5400000214576721, 0.0, 0.0, 0.0, 0.0, 0.9630000591278076, 0.28700000047683716, 0.0, 0.0]",0.42500004172325134,0.5966666340827942,0.4285,0.526,0.473,0.579,"[null, 0.497, null, 0.179, null, null, 0.962, 0.278, null, null]",match_tensors_permute,runs_exp2d/seed0/population,False,43.4
88ed44d1,d8bd0bc0,3_6_7,4_5_7,"[0.0, 0.0, 0.0, 0.1810000091791153, 0.0, 0.0, 0.9600000381469727, 0.1340000033378601, 0.0, 0.0]","[0.0, 0.0, 0.0, 0.0, 0.6810000538825989, 0.64000004529953, 0.0, 0.12700000405311584, 0.0, 0.0]",0.42500004172325134,0.4826667010784149,0.28,0.4428333333333333,0.41133333333333333,0.47433333333333333,"[null, null, null, 0.103, 0.649, 0.62, 0.977, 0.154, null, null]",match_tensors_permute,runs_exp2d/seed0/population,False,43.7
88ed44d1,e1762771,3_6_7,1_2_4,"[0.0, 0.0, 0.0, 0.1810000091791153, 0.0, 0.0, 0.9600000381469727, 0.1340000033378601, 0.0, 0.0]","[0.0, 0.5320000052452087, 0.11600000411272049, 0.0, 0.9160000681877136, 0.0, 0.0, 0.0, 0.0, 0.0]",0.42500004172325134,0.5213333964347839,0.2838333333333333,0.4686666666666667,0.4206666666666667,0.5166666666666667,"[null, 0.49, 0.149, 0.152, 0.911, null, 0.967, 0.143, null, null]",match_tensors_permute,runs_exp2d/seed0/population,False,43.9
905afff7,be2e50e9,3_5_6,3_6_7,"[0.0, 0.0, 0.0, 0.08700000494718552, 0.0, 0.026000000536441803, 0.9790000319480896, 0.0, 0.0, 0.0]","[0.0, 0.0, 0.0, 0.26100000739097595, 0.0, 0.0, 0.9020000696182251, 0.34200000762939453, 0.0, 0.0]",0.36399999260902405,0.5016667246818542,0.34,0.44033333333333335,0.3883333333333333,0.49233333333333335,"[null, null, null, 0.224, null, 0.021, 0.92, 0.333, null, null]",match_tensors_permute,runs_exp2d/seed0/population,False,43.4
905afff7,cb3a86af,3_5_6,1_6_7,"[0.0, 0.0, 0.0, 0.08700000494718552, 0.0, 0.026000000536441803, 0.9790000319480896, 0.0, 0.0, 0.0]","[0.0, 0.5400000214576721, 0.0, 0.0, 0.0, 0.0, 0.9630000591278076, 0.28700000047683716, 0.0, 0.0]",0.36399999260902405,0.5966666340827942,0.3378,0.4703333333333333,0.3606666666666667,0.58,"[null, 0.509, null, 0.095, null, 0.022, 0.965, 0.266, null, null]",match_tensors_permute,runs_exp2d/seed0/population,False,43.6
905afff7,d8bd0bc0,3_5_6,4_5_7,"[0.0, 0.0, 0.0, 0.08700000494718552, 0.0, 0.026000000536441803, 0.9790000319480896, 0.0, 0.0, 0.0]","[0.0, 0.0, 0.0, 0.0, 0.6810000538825989, 0.64000004529953, 0.0, 0.12700000405311584, 0.0, 0.0]",0.36399999260902405,0.4826667010784149,0.2832,0.5146666666666666,0.5536666666666666,0.4756666666666667,"[null, null, null, 0.055, 0.665, 0.617, 0.989, 0.145, null, null]",match_tensors_permute,runs_exp2d/seed0/population,False,43.6
905afff7,e1762771,3_5_6,1_2_4,"[0.0, 0.0, 0.0, 0.08700000494718552, 0.0, 0.026000000536441803, 0.9790000319480896, 0.0, 0.0, 0.0]","[0.0, 0.5320000052452087, 0.11600000411272049, 0.0, 0.9160000681877136, 0.0, 0.0, 0.0, 0.0, 0.0]",0.36399999260902405,0.5213333964347839,0.2861666666666667,0.43833333333333335,0.362,0.5146666666666667,"[null, 0.491, 0.138, 0.09, 0.915, 0.014, 0.982, null, null, null]",match_tensors_permute,runs_exp2d/seed0/population,False,44.0
be2e50e9,cb3a86af,3_6_7,1_6_7,"[0.0, 0.0, 0.0, 0.26100000739097595, 0.0, 0.0, 0.9020000696182251, 0.34200000762939453, 0.0, 0.0]","[0.0, 0.5400000214576721, 0.0, 0.0, 0.0, 0.0, 0.9630000591278076, 0.28700000047683716, 0.0, 0.0]",0.5016667246818542,0.5966666340827942,0.4215,0.5353333333333333,0.488,0.5826666666666667,"[null, 0.509, null, 0.225, null, null, 0.957, 0.282, null, null]",match_tensors_permute,runs_exp2d/seed0/population,False,43.5
be2e50e9,d8bd0bc0,3_6_7,4_5_7,"[0.0, 0.0, 0.0, 0.26100000739097595, 0.0, 0.0, 0.9020000696182251, 0.34200000762939453, 0.0, 0.0]","[0.0, 0.0, 0.0, 0.0, 0.6810000538825989, 0.64000004529953, 0.0, 0.12700000405311584, 0.0, 0.0]",0.5016667246818542,0.4826667010784149,0.3252,0.44733333333333336,0.4226666666666667,0.472,"[null, null, null, 0.164, 0.61, 0.645, 0.943, 0.161, null, null]",match_tensors_permute,runs_exp2d/seed0/population,False,43.8
be2e50e9,e1762771,3_6_7,1_2_4,"[0.0, 0.0, 0.0, 0.26100000739097595, 0.0, 0.0, 0.9020000696182251, 0.34200000762939453, 0.0, 0.0]","[0.0, 0.5320000052452087, 0.11600000411272049, 0.0, 0.9160000681877136, 0.0, 0.0, 0.0, 0.0, 0.0]",0.5016667246818542,0.5213333964347839,0.31,0.5058333333333334,0.49166666666666664,0.52,"[null, 0.509, 0.146, 0.219, 0.905, null, 0.918, 0.338, null, null]",match_tensors_permute,runs_exp2d/seed0/population,False,44.0
cb3a86af,d8bd0bc0,1_6_7,4_5_7,"[0.0, 0.5400000214576721, 0.0, 0.0, 0.0, 0.0, 0.9630000591278076, 0.28700000047683716, 0.0, 0.0]","[0.0, 0.0, 0.0, 0.0, 0.6810000538825989, 0.64000004529953, 0.0, 0.12700000405311584, 0.0, 0.0]",0.5966666340827942,0.4826667010784149,0.3388,0.5121666666666667,0.5476666666666666,0.4766666666666667,"[null, 0.509, null, null, 0.656, 0.616, 0.976, 0.158, null, null]",match_tensors_permute,runs_exp2d/seed0/population,False,43.7
cb3a86af,e1762771,1_6_7,1_2_4,"[0.0, 0.5400000214576721, 0.0, 0.0, 0.0, 0.0, 0.9630000591278076, 0.28700000047683716, 0.0, 0.0]","[0.0, 0.5320000052452087, 0.11600000411272049, 0.0, 0.9160000681877136, 0.0, 0.0, 0.0, 0.0, 0.0]",0.5966666340827942,0.5213333964347839,0.3654,0.5553333333333332,0.586,0.5246666666666666,"[null, 0.52, 0.142, null, 0.912, null, 0.966, 0.272, null, null]",match_tensors_permute,runs_exp2d/seed0/population,False,43.7
d8bd0bc0,e1762771,4_5_7,1_2_4,"[0.0, 0.0, 0.0, 0.0, 0.6810000538825989, 0.64000004529953, 0.0, 0.12700000405311584, 0.0, 0.0]","[0.0, 0.5320000052452087, 0.11600000411272049, 0.0, 0.9160000681877136, 0.0, 0.0, 0.0, 0.0, 0.0]",0.4826667010784149,0.5213333964347839,0.321,0.5371666666666666,0.573,0.5013333333333333,"[null, 0.462, 0.115, null, 0.927, 0.647, null, 0.145, null, null]",match_tensors_permute,runs_exp2d/seed0/population,False,43.6
