parent_a,parent_b,labels_a,labels_b,a_per_class,b_per_class,a_per_task,b_per_task,child_joint,child_per_task,child_task_a,child_task_b,child_per_class,saved_joint,saved_per_task,merging_fn,population,bn_reset,stop_node,time_s
09111d7d,1887bcd2,0_7_8,2_7_9,"[0.7740000486373901, 0.0, 0.0, 0.0, 0.0, 0.0, 0.0, 0.4820000231266022, 0.45100003480911255, 0.0]","[0.0, 0.0, 0.8840000629425049, 0.0, 0.0, 0.0, 0.0, 0.3330000042915344, 0.0, 0.5390000343322754]",0.5690000057220459,0.5853333473205566,0.3792,0.5466666666666666,0.5163333333333333,0.577,"[0.756, null, 0.869, null, null, null, null, 0.351, 0.442, 0.511]",0.2186,0.5451666666666667,match_tensors_permute,runs_exp2d/seed0/population,True,21,71.1
09111d7d,366f9057,0_7_8,3_5_9,"[0.7740000486373901, 0.0, 0.0, 0.0, 0.0, 0.0, 0.0, 0.4820000231266022, 0.45100003480911255, 0.0]","[0.0, 0.0, 0.0, 0.6830000281333923, 0.0, 0.4230000078678131, 0.0, 0.0, 0.0, 0.6110000014305115]",0.5690000057220459,0.5723333358764648,0.24783333333333332,0.5640000000000001,0.5523333333333333,0.5756666666666667,"[0.787, null, null, 0.682, null, 0.425, null, 0.482, 0.388, 0.62]",0.23516666666666666,0.42983333333333335,match_tensors_permute,runs_exp2d/seed0/population,True,21,71.7
09111d7d,5ffed8da,0_7_8,6_8_9,"[0.7740000486373901, 0.0, 0.0, 0.0, 0.0, 0.0, 0.0, 0.4820000231266022, 0.45100003480911255, 0.0]","[0.0, 0.0, 0.0, 0.0, 0.0, 0.0, 0.9120000600814819, 0.0, 0.7490000128746033, 0.6790000200271606]",0.5690000057220459,0.7800000309944153,0.459,0.7238333333333333,0.6713333333333333,0.7763333333333333,"[0.791, null, null, null, null, null, 0.906, 0.474, 0.749, 0.674]",0.2056,0.5221666666666667,match_tensors_permute,runs_exp2d/seed0/population,True,21,70.6
09111d7d,88ed44d1,0_7_8,3_6_7,"[0.7740000486373901, 0.0, 0.0, 0.0, 0.0, 0.0, 0.0, 0.4820000231266022, 0.45100003480911255, 0.0]","[0.0, 0.0, 0.0, 0.1810000091791153, 0.0, 0.0, 0.9600000381469727, 0.1340000033378601, 0.0, 0.0]",0.5690000057220459,0.42500004172325134,0.4068,0.432,0.43866666666666665,0.42533333333333334,"[0.787, null, null, 0.174, null, null, 0.962, 0.14, 0.389, null]",0.1996,0.5371666666666667,match_tensors_permute,runs_exp2d/seed0/population,True,21,70.7
09111d7d,905afff7,0_7_8,3_5_6,"[0.7740000486373901, 0.0, 0.0, 0.0, 0.0, 0.0, 0.0, 0.4820000231266022, 0.45100003480911255, 0.0]","[0.0, 0.0, 0.0, 0.08700000494718552, 0.0, 0.026000000536441803, 0.9790000319480896, 0.0, 0.0, 0.0]",0.5690000057220459,0.36399999260902405,0.331,0.4598333333333333,0.5533333333333333,0.36633333333333334,"[0.787, null, null, 0.109, null, 0.013, 0.977, 0.47, 0.403, null]",0.1635,0.43333333333333335,match_tensors_permute,runs_exp2d/seed0/population,True,21,71.2
09111d7d,be2e50e9,0_7_8,3_6_7,"[0.7740000486373901, 0.0, 0.0, 0.0, 0.0, 0.0, 0.0, 0.4820000231266022, 0.45100003480911255, 0.0]","[0.0, 0.0, 0.0, 0.26100000739097595, 0.0, 0.0, 0.9020000696182251, 0.34200000762939453, 0.0, 0.0]",0.5690000057220459,0.5016667246818542,0.3776,0.507,0.5113333333333333,0.5026666666666667,"[0.783, null, null, 0.263, null, null, 0.904, 0.341, 0.41, null]",0.1996,0.5348333333333333,match_tensors_permute,runs_exp2d/seed0/population,True,21,70.9
09111d7d,cb3a86af,0_7_8,1_6_7,"[0.7740000486373901, 0.0, 0.0, 0.0, 0.0, 0.0, 0.0, 0.4820000231266022, 0.45100003480911255, 0.0]","[0.0, 0.5400000214576721, 0.0, 0.0, 0.0, 0.0, 0.9630000591278076, 0.28700000047683716, 0.0, 0.0]",0.5690000057220459,0.5966666340827942,0.388,0.546,0.5056666666666667,0.5863333333333334,"[0.759, 0.509, null, null, null, null, 0.961, 0.289, 0.469, null]",0.199,0.5383333333333333,match_tensors_permute,runs_exp2d/seed0/population,True,21,71.2
09111d7d,d8bd0bc0,0_7_8,4_5_7,"[0.7740000486373901, 0.0, 0.0, 0.0, 0.0, 0.0, 0.0, 0.4820000231266022, 0.45100003480911255, 0.0]","[0.0, 0.0, 0.0, 0.0, 0.6810000538825989, 0.64000004529953, 0.0, 0.12700000405311584, 0.0, 0.0]",0.5690000057220459,0.4826667010784149,0.3766,0.45799999999999996,0.446,0.47,"[0.743, null, null, null, 0.665, 0.62, null, 0.125, 0.47, null]",0.2032,0.539,match_tensors_permute,runs_exp2d/seed0/population,True,21,71.2
09111d7d,e1762771,0_7_8,1_2_4,"[0.7740000486373901, 0.0, 0.0, 0.0, 0.0, 0.0, 0.0, 0.4820000231266022, 0.45100003480911255, 0.0]","[0.0, 0.5320000052452087, 0.11600000411272049, 0.0, 0.9160000681877136, 0.0, 0.0, 0.0, 0.0, 0.0]",0.5690000057220459,0.5213333964347839,0.32516666666666666,0.5421666666666667,0.5653333333333334,0.519,"[0.792, 0.52, 0.123, null, 0.914, null, null, 0.487, 0.417, null]",0.218,0.4175,match_tensors_permute,runs_exp2d/seed0/population,True,21,71.4
1887bcd2,366f9057,2_7_9,3_5_9,"[0.0, 0.0, 0.8840000629425049, 0.0, 0.0, 0.0, 0.0, 0.3330000042915344, 0.0, 0.5390000343322754]","[0.0, 0.0, 0.0, 0.6830000281333923, 0.0, 0.4230000078678131, 0.0, 0.0, 0.0, 0.6110000014305115]",0.5853333473205566,0.5723333358764648,0.3862,0.59,0.61,0.57,"[null, null, 0.877, 0.671, null, 0.422, null, 0.336, null, 0.617]",0.2006,0.5295,match_tensors_permute,runs_exp2d/seed0/population,True,21,70.9
1887bcd2,5ffed8da,2_7_9,6_8_9,"[0.0, 0.0, 0.8840000629425049, 0.0, 0.0, 0.0, 0.0, 0.3330000042915344, 0.0, 0.5390000343322754]","[0.0, 0.0, 0.0, 0.0, 0.0, 0.0, 0.9120000600814819, 0.0, 0.7490000128746033, 0.6790000200271606]",0.5853333473205566,0.7800000309944153,0.4832,0.7093333333333334,0.6373333333333333,0.7813333333333333,"[null, null, 0.881, null, null, null, 0.924, 0.345, 0.734, 0.686]",0.2008,0.5263333333333333,match_tensors_permute,runs_exp2d/seed0/population,True,21,70.9
1887bcd2,88ed44d1,2_7_9,3_6_7,"[0.0, 0.0, 0.8840000629425049, 0.0, 0.0, 0.0, 0.0, 0.3330000042915344, 0.0, 0.5390000343322754]","[0.0, 0.0, 0.0, 0.1810000091791153, 0.0, 0.0, 0.9600000381469727, 0.1340000033378601, 0.0, 0.0]",0.5853333473205566,0.42500004172325134,0.3666,0.45833333333333337,0.504,0.4126666666666667,"[null, null, 0.881, 0.145, null, null, 0.97, 0.123, null, 0.508]",0.2136,0.5766666666666667,match_tensors_permute,runs_exp2d/seed0/population,True,21,70.6
1887bcd2,905afff7,2_7_9,3_5_6,"[0.0, 0.0, 0.8840000629425049, 0.0, 0.0, 0.0, 0.0, 0.3330000042915344, 0.0, 0.5390000343322754]","[0.0, 0.0, 0.0, 0.08700000494718552, 0.0, 0.026000000536441803, 0.9790000319480896, 0.0, 0.0, 0.0]",0.5853333473205566,0.36399999260902405,0.30283333333333334,0.4653333333333333,0.5746666666666667,0.356,"[null, null, 0.886, 0.069, null, 0.018, 0.981, 0.33, null, 0.508]",0.25833333333333336,0.42433333333333334,match_tensors_permute,runs_exp2d/seed0/population,True,21,71.0
1887bcd2,be2e50e9,2_7_9,3_6_7,"[0.0, 0.0, 0.8840000629425049, 0.0, 0.0, 0.0, 0.0, 0.3330000042915344, 0.0, 0.5390000343322754]","[0.0, 0.0, 0.0, 0.26100000739097595, 0.0, 0.0, 0.9020000696182251, 0.34200000762939453, 0.0, 0.0]",0.5853333473205566,0.5016667246818542,0.386,0.5355,0.576,0.495,"[null, null, 0.873, 0.207, null, null, 0.923, 0.355, null, 0.5]",0.2132,0.5761666666666666,match_tensors_permute,runs_exp2d/seed0/population,True,21,70.1
1887bcd2,cb3a86af,2_7_9,1_6_7,"[0.0, 0.0, 0.8840000629425049, 0.0, 0.0, 0.0, 0.0, 0.3330000042915344, 0.0, 0.5390000343322754]","[0.0, 0.5400000214576721, 0.0, 0.0, 0.0, 0.0, 0.9630000591278076, 0.28700000047683716, 0.0, 0.0]",0.5853333473205566,0.5966666340827942,0.3876,0.5698333333333334,0.555,0.5846666666666667,"[null, 0.529, 0.878, null, null, null, 0.971, 0.254, null, 0.533]",0.2106,0.5708333333333333,match_tensors_permute,runs_exp2d/seed0/population,True,21,70.3
1887bcd2,d8bd0bc0,2_7_9,4_5_7,"[0.0, 0.0, 0.8840000629425049, 0.0, 0.0, 0.0, 0.0, 0.3330000042915344, 0.0, 0.5390000343322754]","[0.0, 0.0, 0.0, 0.0, 0.6810000538825989, 0.64000004529953, 0.0, 0.12700000405311584, 0.0, 0.0]",0.5853333473205566,0.4826667010784149,0.3696,0.49383333333333335,0.513,0.4746666666666667,"[null, null, 0.889, null, 0.675, 0.625, null, 0.124, null, 0.526]",0.203,0.5731666666666666,match_tensors_permute,runs_exp2d/seed0/population,True,21,69.9
1887bcd2,e1762771,2_7_9,1_2_4,"[0.0, 0.0, 0.8840000629425049, 0.0, 0.0, 0.0, 0.0, 0.3330000042915344, 0.0, 0.5390000343322754]","[0.0, 0.5320000052452087, 0.11600000411272049, 0.0, 0.9160000681877136, 0.0, 0.0, 0.0, 0.0, 0.0]",0.5853333473205566,0.5213333964347839,0.3588,0.42666666666666664,0.3313333333333333,0.522,"[null, 0.535, 0.118, null, 0.913, null, null, 0.349, null, 0.527]",0.1956,0.46166666666666667,match_tensors_permute,runs_exp2d/seed0/population,True,21,69.8
366f9057,5ffed8da,3_5_9,6_8_9,"[0.0, 0.0, 0.0, 0.6830000281333923, 0.0, 0.4230000078678131, 0.0, 0.0, 0.0, 0.6110000014305115]","[0.0, 0.0, 0.0, 0.0, 0.0, 0.0, 0.9120000600814819, 0.0, 0.7490000128746033, 0.6790000200271606]",0.5723333358764648,0.7800000309944153,0.4382,0.6819999999999999,0.593,0.771,"[null, null, null, 0.671, null, 0.445, 0.914, null, 0.736, 0.663]",0.1818,0.504,match_tensors_permute,runs_exp2d/seed0/population,True,21,69.9
366f9057,88ed44d1,3_5_9,3_6_7,"[0.0, 0.0, 0.0, 0.6830000281333923, 0.0, 0.4230000078678131, 0.0, 0.0, 0.0, 0.6110000014305115]","[0.0, 0.0, 0.0, 0.1810000091791153, 0.0, 0.0, 0.9600000381469727, 0.1340000033378601, 0.0, 0.0]",0.5723333358764648,0.42500004172325134,0.372,0.4131666666666667,0.4043333333333333,0.422,"[null, null, null, 0.182, null, 0.414, 0.964, 0.12, null, 0.617]",0.2442,0.531,match_tensors_permute,runs_exp2d/seed0/population,True,21,69.9
366f9057,905afff7,3_5_9,3_5_6,"[0.0, 0.0, 0.0, 0.6830000281333923, 0.0, 0.4230000078678131, 0.0, 0.0, 0.0, 0.6110000014305115]","[0.0, 0.0, 0.0, 0.08700000494718552, 0.0, 0.026000000536441803, 0.9790000319480896, 0.0, 0.0, 0.0]",0.5723333358764648,0.36399999260902405,0.44475,0.309,0.24833333333333332,0.36966666666666664,"[null, null, null, 0.11, null, 0.023, 0.976, null, null, 0.612]",0.41525,0.5195,match_tensors_permute,runs_exp2d/seed0/population,True,21,69.4
366f9057,be2e50e9,3_5_9,3_6_7,"[0.0, 0.0, 0.0, 0.6830000281333923, 0.0, 0.4230000078678131, 0.0, 0.0, 0.0, 0.6110000014305115]","[0.0, 0.0, 0.0, 0.26100000739097595, 0.0, 0.0, 0.9020000696182251, 0.34200000762939453, 0.0, 0.0]",0.5723333358764648,0.5016667246818542,0.39,0.4696666666666667,0.43566666666666665,0.5036666666666667,"[null, null, null, 0.249, null, 0.439, 0.912, 0.35, null, 0.619]",0.2388,0.5208333333333334,match_tensors_permute,runs_exp2d/seed0/population,True,21,69.9
366f9057,cb3a86af,3_5_9,1_6_7,"[0.0, 0.0, 0.0, 0.6830000281333923, 0.0, 0.4230000078678131, 0.0, 0.0, 0.0, 0.6110000014305115]","[0.0, 0.5400000214576721, 0.0, 0.0, 0.0, 0.0, 0.9630000591278076, 0.28700000047683716, 0.0, 0.0]",0.5723333358764648,0.5966666340827942,0.30366666666666664,0.5725,0.5793333333333334,0.5656666666666667,"[null, 0.48, null, 0.67, null, 0.435, 0.965, 0.252, null, 0.633]",0.2305,0.4795,match_tensors_permute,runs_exp2d/seed0/population,True,21,70.4
366f9057,d8bd0bc0,3_5_9,4_5_7,"[0.0, 0.0, 0.0, 0.6830000281333923, 0.0, 0.4230000078678131, 0.0, 0.0, 0.0, 0.6110000014305115]","[0.0, 0.0, 0.0, 0.0, 0.6810000538825989, 0.64000004529953, 0.0, 0.12700000405311584, 0.0, 0.0]",0.5723333358764648,0.4826667010784149,0.3952,0.5585,0.6453333333333333,0.4716666666666667,"[null, null, null, 0.703, 0.669, 0.618, null, 0.128, null, 0.615]",0.2272,0.5445,match_tensors_permute,runs_exp2d/seed0/population,True,21,70.0
366f9057,e1762771,3_5_9,1_2_4,"[0.0, 0.0, 0.0, 0.6830000281333923, 0.0, 0.4230000078678131, 0.0, 0.0, 0.0, 0.6110000014305115]","[0.0, 0.5320000052452087, 0.11600000411272049, 0.0, 0.9160000681877136, 0.0, 0.0, 0.0, 0.0, 0.0]",0.5723333358764648,0.5213333964347839,0.2926666666666667,0.5405,0.5763333333333334,0.5046666666666667,"[null, 0.488, 0.11, 0.67, 0.916, 0.435, null, null, null, 0.624]",0.25116666666666665,0.4731666666666667,match_tensors_permute,runs_exp2d/seed0/population,True,21,70.5
5ffed8da,88ed44d1,6_8_9,3_6_7,"[0.0, 0.0, 0.0, 0.0, 0.0, 0.0, 0.9120000600814819, 0.0, 0.7490000128746033, 0.6790000200271606]","[0.0, 0.0, 0.0, 0.1810000091791153, 0.0, 0.0, 0.9600000381469727, 0.1340000033378601, 0.0, 0.0]",0.7800000309944153,0.42500004172325134,0.4516,0.6065,0.7896666666666666,0.42333333333333334,"[null, null, null, 0.175, null, null, 0.963, 0.132, 0.739, 0.667]",0.2766,0.5760000000000001,match_tensors_permute,runs_exp2d/seed0/population,True,21,70.0
5ffed8da,905afff7,6_8_9,3_5_6,"[0.0, 0.0, 0.0, 0.0, 0.0, 0.0, 0.9120000600814819, 0.0, 0.7490000128746033, 0.6790000200271606]","[0.0, 0.0, 0.0, 0.08700000494718552, 0.0, 0.026000000536441803, 0.9790000319480896, 0.0, 0.0, 0.0]",0.7800000309944153,0.36399999260902405,0.448,0.5818333333333333,0.7966666666666666,0.367,"[null, null, null, 0.107, null, 0.015, 0.979, null, 0.741, 0.67]",0.2724,0.5750000000000001,match_tensors_permute,runs_exp2d/seed0/population,True,21,69.9
5ffed8da,be2e50e9,6_8_9,3_6_7,"[0.0, 0.0, 0.0, 0.0, 0.0, 0.0, 0.9120000600814819, 0.0, 0.7490000128746033, 0.6790000200271606]","[0.0, 0.0, 0.0, 0.26100000739097595, 0.0, 0.0, 0.9020000696182251, 0.34200000762939453, 0.0, 0.0]",0.7800000309944153,0.5016667246818542,0.4518,0.6408333333333334,0.7713333333333333,0.5103333333333333,"[null, null, null, 0.251, null, null, 0.911, 0.369, 0.737, 0.666]",0.2708,0.5751666666666666,match_tensors_permute,runs_exp2d/seed0/population,True,21,70.0
5ffed8da,cb3a86af,6_8_9,1_6_7,"[0.0, 0.0, 0.0, 0.0, 0.0, 0.0, 0.9120000600814819, 0.0, 0.7490000128746033, 0.6790000200271606]","[0.0, 0.5400000214576721, 0.0, 0.0, 0.0, 0.0, 0.9630000591278076, 0.28700000047683716, 0.0, 0.0]",0.7800000309944153,0.5966666340827942,0.4526,0.6890000000000001,0.7903333333333333,0.5876666666666667,"[null, 0.518, null, null, null, null, 0.964, 0.281, 0.739, 0.668]",0.2514,0.5883333333333334,match_tensors_permute,runs_exp2d/seed0/population,True,21,69.9
5ffed8da,d8bd0bc0,6_8_9,4_5_7,"[0.0, 0.0, 0.0, 0.0, 0.0, 0.0, 0.9120000600814819, 0.0, 0.7490000128746033, 0.6790000200271606]","[0.0, 0.0, 0.0, 0.0, 0.6810000538825989, 0.64000004529953, 0.0, 0.12700000405311584, 0.0, 0.0]",0.7800000309944153,0.4826667010784149,0.4018333333333333,0.6243333333333334,0.777,0.4716666666666667,"[null, null, null, null, 0.672, 0.616, 0.922, 0.127, 0.726, 0.683]",0.38266666666666665,0.5611666666666667,match_tensors_permute,runs_exp2d/seed0/population,True,21,70.5
5ffed8da,e1762771,6_8_9,1_2_4,"[0.0, 0.0, 0.0, 0.0, 0.0, 0.0, 0.9120000600814819, 0.0, 0.7490000128746033, 0.6790000200271606]","[0.0, 0.5320000052452087, 0.11600000411272049, 0.0, 0.9160000681877136, 0.0, 0.0, 0.0, 0.0, 0.0]",0.7800000309944153,0.5213333964347839,0.393,0.6491666666666667,0.7813333333333333,0.517,"[null, 0.516, 0.123, null, 0.912, null, 0.915, null, 0.741, 0.688]",0.38916666666666666,0.5058333333333334,match_tensors_permute,runs_exp2d/seed0/population,True,21,70.6
88ed44d1,905afff7,3_6_7,3_5_6,"[0.0, 0.0, 0.0, 0.1810000091791153, 0.0, 0.0, 0.9600000381469727, 0.1340000033378601, 0.0, 0.0]","[0.0, 0.0, 0.0, 0.08700000494718552, 0.0, 0.026000000536441803, 0.9790000319480896, 0.0, 0.0, 0.0]",0.42500004172325134,0.36399999260902405,0.30275,0.38783333333333336,0.405,0.37066666666666664,"[null, null, null, 0.108, null, 0.026, 0.978, 0.129, null, null]",0.3195,0.4625,match_tensors_permute,runs_exp2d/seed0/population,True,21,69.8
88ed44d1,be2e50e9,3_6_7,3_6_7,"[0.0, 0.0, 0.0, 0.1810000091791153, 0.0, 0.0, 0.9600000381469727, 0.1340000033378601, 0.0, 0.0]","[0.0, 0.0, 0.0, 0.26100000739097595, 0.0, 0.0, 0.9020000696182251, 0.34200000762939453, 0.0, 0.0]",0.42500004172325134,0.5016667246818542,0.4673333333333333,0.508,0.508,0.508,"[null, null, null, 0.258, null, null, 0.903, 0.363, null, null]",0.456,0.4603333333333333,match_tensors_permute,runs_exp2d/seed0/population,True,21,71.6
88ed44d1,cb3a86af,3_6_7,1_6_7,"[0.0, 0.0, 0.0, 0.1810000091791153, 0.0, 0.0, 0.9600000381469727, 0.1340000033378601, 0.0, 0.0]","[0.0, 0.5400000214576721, 0.0, 0.0, 0.0, 0.0, 0.9630000591278076, 0.28700000047683716, 0.0, 0.0]",0.42500004172325134,0.5966666340827942,0.4255,0.5246666666666666,0.472,0.5773333333333334,"[null, 0.492, null, 0.176, null, null, 0.966, 0.274, null, null]",0.36675,0.534,match_tensors_permute,runs_exp2d/seed0/population,True,21,72.6
88ed44d1,d8bd0bc0,3_6_7,4_5_7,"[0.0, 0.0, 0.0, 0.1810000091791153, 0.0, 0.0, 0.9600000381469727, 0.1340000033378601, 0.0, 0.0]","[0.0, 0.0, 0.0, 0.0, 0.6810000538825989, 0.64000004529953, 0.0, 0.12700000405311584, 0.0, 0.0]",0.42500004172325134,0.4826667010784149,0.2934,0.4438333333333333,0.417,0.4706666666666667,"[null, null, null, 0.15, 0.67, 0.61, 0.969, 0.132, null, null]",0.2826,0.5346666666666666,match_tensors_permute,runs_exp2d/seed0/population,True,21,73.0
88ed44d1,e1762771,3_6_7,1_2_4,"[0.0, 0.0, 0.0, 0.1810000091791153, 0.0, 0.0, 0.9600000381469727, 0.1340000033378601, 0.0, 0.0]","[0.0, 0.5320000052452087, 0.11600000411272049, 0.0, 0.9160000681877136, 0.0, 0.0, 0.0, 0.0, 0.0]",0.42500004172325134,0.5213333964347839,0.2831666666666667,0.4665,0.419,0.514,"[null, 0.506, 0.122, 0.154, 0.914, null, 0.965, 0.138, null, null]",0.222,0.4036666666666667,match_tensors_permute,runs_exp2d/seed0/population,True,21,73.6
905afff7,be2e50e9,3_5_6,3_6_7,"[0.0, 0.0, 0.0, 0.08700000494718552, 0.0, 0.026000000536441803, 0.9790000319480896, 0.0, 0.0, 0.0]","[0.0, 0.0, 0.0, 0.26100000739097595, 0.0, 0.0, 0.9020000696182251, 0.34200000762939453, 0.0, 0.0]",0.36399999260902405,0.5016667246818542,0.33725,0.4455,0.38866666666666666,0.5023333333333333,"[null, null, null, 0.237, null, 0.017, 0.912, 0.358, null, null]",0.29225,0.4046666666666667,match_tensors_permute,runs_exp2d/seed0/population,True,21,72.1
905afff7,cb3a86af,3_5_6,1_6_7,"[0.0, 0.0, 0.0, 0.08700000494718552, 0.0, 0.026000000536441803, 0.9790000319480896, 0.0, 0.0, 0.0]","[0.0, 0.5400000214576721, 0.0, 0.0, 0.0, 0.0, 0.9630000591278076, 0.28700000047683716, 0.0, 0.0]",0.36399999260902405,0.5966666340827942,0.3356,0.46900000000000003,0.3596666666666667,0.5783333333333334,"[null, 0.498, null, 0.093, null, 0.019, 0.967, 0.27, null, null]",0.2,0.37183333333333335,match_tensors_permute,runs_exp2d/seed0/population,True,21,72.6
905afff7,d8bd0bc0,3_5_6,4_5_7,"[0.0, 0.0, 0.0, 0.08700000494718552, 0.0, 0.026000000536441803, 0.9790000319480896, 0.0, 0.0, 0.0]","[0.0, 0.0, 0.0, 0.0, 0.6810000538825989, 0.64000004529953, 0.0, 0.12700000405311584, 0.0, 0.0]",0.36399999260902405,0.4826667010784149,0.2912,0.5125,0.555,0.47,"[null, null, null, 0.071, 0.673, 0.61, 0.984, 0.127, null, null]",0.2562,0.5208333333333334,match_tensors_permute,runs_exp2d/seed0/population,True,21,72.4
905afff7,e1762771,3_5_6,1_2_4,"[0.0, 0.0, 0.0, 0.08700000494718552, 0.0, 0.026000000536441803, 0.9790000319480896, 0.0, 0.0, 0.0]","[0.0, 0.5320000052452087, 0.11600000411272049, 0.0, 0.9160000681877136, 0.0, 0.0, 0.0, 0.0, 0.0]",0.36399999260902405,0.5213333964347839,0.286,0.4381666666666667,0.36033333333333334,0.516,"[null, 0.511, 0.122, 0.088, 0.915, 0.011, 0.982, null, null, null]",0.20516666666666666,0.30433333333333334,match_tensors_permute,runs_exp2d/seed0/population,True,21,73.2
be2e50e9,cb3a86af,3_6_7,1_6_7,"[0.0, 0.0, 0.0, 0.26100000739097595, 0.0, 0.0, 0.9020000696182251, 0.34200000762939453, 0.0, 0.0]","[0.0, 0.5400000214576721, 0.0, 0.0, 0.0, 0.0, 0.9630000591278076, 0.28700000047683716, 0.0, 0.0]",0.5016667246818542,0.5966666340827942,0.41425,0.534,0.493,0.575,"[null, 0.495, null, 0.249, null, null, 0.96, 0.27, null, null]",0.3945,0.5626666666666666,match_tensors_permute,runs_exp2d/seed0/population,True,21,72.1
be2e50e9,d8bd0bc0,3_6_7,4_5_7,"[0.0, 0.0, 0.0, 0.26100000739097595, 0.0, 0.0, 0.9020000696182251, 0.34200000762939453, 0.0, 0.0]","[0.0, 0.0, 0.0, 0.0, 0.6810000538825989, 0.64000004529953, 0.0, 0.12700000405311584, 0.0, 0.0]",0.5016667246818542,0.4826667010784149,0.3426,0.44533333333333336,0.42333333333333334,0.4673333333333333,"[null, null, null, 0.215, 0.658, 0.611, 0.922, 0.133, null, null]",0.2444,0.5331666666666667,match_tensors_permute,runs_exp2d/seed0/population,True,21,72.5
be2e50e9,e1762771,3_6_7,1_2_4,"[0.0, 0.0, 0.0, 0.26100000739097595, 0.0, 0.0, 0.9020000696182251, 0.34200000762939453, 0.0, 0.0]","[0.0, 0.5320000052452087, 0.11600000411272049, 0.0, 0.9160000681877136, 0.0, 0.0, 0.0, 0.0, 0.0]",0.5016667246818542,0.5213333964347839,0.3085,0.5091666666666667,0.5003333333333333,0.518,"[null, 0.513, 0.128, 0.234, 0.913, null, 0.912, 0.355, null, null]",0.278,0.4651666666666667,match_tensors_permute,runs_exp2d/seed0/population,True,21,73.2
cb3a86af,d8bd0bc0,1_6_7,4_5_7,"[0.0, 0.5400000214576721, 0.0, 0.0, 0.0, 0.0, 0.9630000591278076, 0.28700000047683716, 0.0, 0.0]","[0.0, 0.0, 0.0, 0.0, 0.6810000538825989, 0.64000004529953, 0.0, 0.12700000405311584, 0.0, 0.0]",0.5966666340827942,0.4826667010784149,0.3566,0.5075000000000001,0.5413333333333333,0.4736666666666667,"[null, 0.521, null, null, 0.684, 0.604, 0.97, 0.133, null, null]",0.272,0.6076666666666667,match_tensors_permute,runs_exp2d/seed0/population,True,21,72.9
cb3a86af,e1762771,1_6_7,1_2_4,"[0.0, 0.5400000214576721, 0.0, 0.0, 0.0, 0.0, 0.9630000591278076, 0.28700000047683716, 0.0, 0.0]","[0.0, 0.5320000052452087, 0.11600000411272049, 0.0, 0.9160000681877136, 0.0, 0.0, 0.0, 0.0, 0.0]",0.5966666340827942,0.5213333964347839,0.3684,0.5605,0.5946666666666667,0.5263333333333333,"[null, 0.536, 0.128, null, 0.915, null, 0.966, 0.282, null, null]",0.267,0.5581666666666667,match_tensors_permute,runs_exp2d/seed0/population,True,21,72.6
d8bd0bc0,e1762771,4_5_7,1_2_4,"[0.0, 0.0, 0.0, 0.0, 0.6810000538825989, 0.64000004529953, 0.0, 0.12700000405311584, 0.0, 0.0]","[0.0, 0.5320000052452087, 0.11600000411272049, 0.0, 0.9160000681877136, 0.0, 0.0, 0.0, 0.0, 0.0]",0.4826667010784149,0.5213333964347839,0.3392,0.538,0.5556666666666666,0.5203333333333333,"[null, 0.529, 0.114, null, 0.918, 0.624, null, 0.125, null, null]",0.1956,0.4628333333333333,match_tensors_permute,runs_exp2d/seed0/population,True,21,73.0
