parent_a,parent_b,labels_a,labels_b,a_per_class,b_per_class,a_per_task,b_per_task,child_joint,child_per_task,child_task_a,child_task_b,child_per_class,merging_fn,population,time_s
09111d7d,1887bcd2,0_7_8,2_7_9,"[0.7740000486373901, 0.0, 0.0, 0.0, 0.0, 0.0, 0.0, 0.4820000231266022, 0.45100003480911255, 0.0]","[0.0, 0.0, 0.8840000629425049, 0.0, 0.0, 0.0, 0.0, 0.3330000042915344, 0.0, 0.5390000343322754]",0.5690000057220459,0.5853333473205566,0.3792,0.5466666666666666,0.5163333333333333,0.577,"[0.756, null, 0.869, null, null, null, null, 0.351, 0.442, 0.511]",match_tensors_permute,runs_exp2d/seed0/population,70.1
09111d7d,366f9057,0_7_8,3_5_9,"[0.7740000486373901, 0.0, 0.0, 0.0, 0.0, 0.0, 0.0, 0.4820000231266022, 0.45100003480911255, 0.0]","[0.0, 0.0, 0.0, 0.6830000281333923, 0.0, 0.4230000078678131, 0.0, 0.0, 0.0, 0.6110000014305115]",0.5690000057220459,0.5723333358764648,0.24816666666666667,0.5633333333333334,0.552,0.5746666666666667,"[0.789, null, null, 0.681, null, 0.424, null, 0.48, 0.387, 0.619]",match_tensors_permute,runs_exp2d/seed0/population,70.3
09111d7d,5ffed8da,0_7_8,6_8_9,"[0.7740000486373901, 0.0, 0.0, 0.0, 0.0, 0.0, 0.0, 0.4820000231266022, 0.45100003480911255, 0.0]","[0.0, 0.0, 0.0, 0.0, 0.0, 0.0, 0.9120000600814819, 0.0, 0.7490000128746033, 0.6790000200271606]",0.5690000057220459,0.7800000309944153,0.4588,0.724,0.6713333333333333,0.7766666666666666,"[0.791, null, null, null, null, null, 0.907, 0.474, 0.749, 0.674]",match_tensors_permute,runs_exp2d/seed0/population,70.4
09111d7d,88ed44d1,0_7_8,3_6_7,"[0.7740000486373901, 0.0, 0.0, 0.0, 0.0, 0.0, 0.0, 0.4820000231266022, 0.45100003480911255, 0.0]","[0.0, 0.0, 0.0, 0.1810000091791153, 0.0, 0.0, 0.9600000381469727, 0.1340000033378601, 0.0, 0.0]",0.5690000057220459,0.42500004172325134,0.407,0.4318333333333333,0.43866666666666665,0.425,"[0.788, null, null, 0.174, null, null, 0.962, 0.139, 0.389, null]",match_tensors_permute,runs_exp2d/seed0/population,70.1
09111d7d,905afff7,0_7_8,3_5_6,"[0.7740000486373901, 0.0, 0.0, 0.0, 0.0, 0.0, 0.0, 0.4820000231266022, 0.45100003480911255, 0.0]","[0.0, 0.0, 0.0, 0.08700000494718552, 0.0, 0.026000000536441803, 0.9790000319480896, 0.0, 0.0, 0.0]",0.5690000057220459,0.36399999260902405,0.33066666666666666,0.4593333333333333,0.5526666666666666,0.366,"[0.787, null, null, 0.108, null, 0.013, 0.977, 0.469, 0.402, null]",match_tensors_permute,runs_exp2d/seed0/population,70.9
09111d7d,be2e50e9,0_7_8,3_6_7,"[0.7740000486373901, 0.0, 0.0, 0.0, 0.0, 0.0, 0.0, 0.4820000231266022, 0.45100003480911255, 0.0]","[0.0, 0.0, 0.0, 0.26100000739097595, 0.0, 0.0, 0.9020000696182251, 0.34200000762939453, 0.0, 0.0]",0.5690000057220459,0.5016667246818542,0.378,0.5073333333333334,0.512,0.5026666666666667,"[0.783, null, null, 0.264, null, null, 0.905, 0.339, 0.414, null]",match_tensors_permute,runs_exp2d/seed0/population,70.2
09111d7d,cb3a86af,0_7_8,1_6_7,"[0.7740000486373901, 0.0, 0.0, 0.0, 0.0, 0.0, 0.0, 0.4820000231266022, 0.45100003480911255, 0.0]","[0.0, 0.5400000214576721, 0.0, 0.0, 0.0, 0.0, 0.9630000591278076, 0.28700000047683716, 0.0, 0.0]",0.5690000057220459,0.5966666340827942,0.3884,0.5458333333333334,0.5053333333333333,0.5863333333333334,"[0.759, 0.509, null, null, null, null, 0.961, 0.289, 0.468, null]",match_tensors_permute,runs_exp2d/seed0/population,70.2
09111d7d,d8bd0bc0,0_7_8,4_5_7,"[0.7740000486373901, 0.0, 0.0, 0.0, 0.0, 0.0, 0.0, 0.4820000231266022, 0.45100003480911255, 0.0]","[0.0, 0.0, 0.0, 0.0, 0.6810000538825989, 0.64000004529953, 0.0, 0.12700000405311584, 0.0, 0.0]",0.5690000057220459,0.4826667010784149,0.3748,0.45699999999999996,0.444,0.47,"[0.745, null, null, null, 0.665, 0.621, null, 0.124, 0.463, null]",match_tensors_permute,runs_exp2d/seed0/population,70.0
09111d7d,e1762771,0_7_8,1_2_4,"[0.7740000486373901, 0.0, 0.0, 0.0, 0.0, 0.0, 0.0, 0.4820000231266022, 0.45100003480911255, 0.0]","[0.0, 0.5320000052452087, 0.11600000411272049, 0.0, 0.9160000681877136, 0.0, 0.0, 0.0, 0.0, 0.0]",0.5690000057220459,0.5213333964347839,0.325,0.5421666666666667,0.564,0.5203333333333333,"[0.792, 0.522, 0.123, null, 0.916, null, null, 0.485, 0.415, null]",match_tensors_permute,runs_exp2d/seed0/population,70.3
1887bcd2,366f9057,2_7_9,3_5_9,"[0.0, 0.0, 0.8840000629425049, 0.0, 0.0, 0.0, 0.0, 0.3330000042915344, 0.0, 0.5390000343322754]","[0.0, 0.0, 0.0, 0.6830000281333923, 0.0, 0.4230000078678131, 0.0, 0.0, 0.0, 0.6110000014305115]",0.5853333473205566,0.5723333358764648,0.3852,0.5895,0.6096666666666667,0.5693333333333334,"[null, null, 0.878, 0.668, null, 0.423, null, 0.334, null, 0.617]",match_tensors_permute,runs_exp2d/seed0/population,70.5
1887bcd2,5ffed8da,2_7_9,6_8_9,"[0.0, 0.0, 0.8840000629425049, 0.0, 0.0, 0.0, 0.0, 0.3330000042915344, 0.0, 0.5390000343322754]","[0.0, 0.0, 0.0, 0.0, 0.0, 0.0, 0.9120000600814819, 0.0, 0.7490000128746033, 0.6790000200271606]",0.5853333473205566,0.7800000309944153,0.4836,0.7091666666666667,0.637,0.7813333333333333,"[null, null, 0.88, null, null, null, 0.924, 0.345, 0.734, 0.686]",match_tensors_permute,runs_exp2d/seed0/population,70.0
1887bcd2,88ed44d1,2_7_9,3_6_7,"[0.0, 0.0, 0.8840000629425049, 0.0, 0.0, 0.0, 0.0, 0.3330000042915344, 0.0, 0.5390000343322754]","[0.0, 0.0, 0.0, 0.1810000091791153, 0.0, 0.0, 0.9600000381469727, 0.1340000033378601, 0.0, 0.0]",0.5853333473205566,0.42500004172325134,0.3666,0.4581666666666667,0.5036666666666667,0.4126666666666667,"[null, null, 0.881, 0.145, null, null, 0.969, 0.124, null, 0.506]",match_tensors_permute,runs_exp2d/seed0/population,70.2
1887bcd2,905afff7,2_7_9,3_5_6,"[0.0, 0.0, 0.8840000629425049, 0.0, 0.0, 0.0, 0.0, 0.3330000042915344, 0.0, 0.5390000343322754]","[0.0, 0.0, 0.0, 0.08700000494718552, 0.0, 0.026000000536441803, 0.9790000319480896, 0.0, 0.0, 0.0]",0.5853333473205566,0.36399999260902405,0.30316666666666664,0.4653333333333333,0.574,0.3566666666666667,"[null, null, 0.885, 0.069, null, 0.02, 0.981, 0.328, null, 0.509]",match_tensors_permute,runs_exp2d/seed0/population,70.1
1887bcd2,be2e50e9,2_7_9,3_6_7,"[0.0, 0.0, 0.8840000629425049, 0.0, 0.0, 0.0, 0.0, 0.3330000042915344, 0.0, 0.5390000343322754]","[0.0, 0.0, 0.0, 0.26100000739097595, 0.0, 0.0, 0.9020000696182251, 0.34200000762939453, 0.0, 0.0]",0.5853333473205566,0.5016667246818542,0.3856,0.5356666666666666,0.5766666666666667,0.49466666666666664,"[null, null, 0.874, 0.206, null, null, 0.923, 0.355, null, 0.501]",match_tensors_permute,runs_exp2d/seed0/population,69.4
1887bcd2,cb3a86af,2_7_9,1_6_7,"[0.0, 0.0, 0.8840000629425049, 0.0, 0.0, 0.0, 0.0, 0.3330000042915344, 0.0, 0.5390000343322754]","[0.0, 0.5400000214576721, 0.0, 0.0, 0.0, 0.0, 0.9630000591278076, 0.28700000047683716, 0.0, 0.0]",0.5853333473205566,0.5966666340827942,0.388,0.5693333333333334,0.554,0.5846666666666667,"[null, 0.528, 0.878, null, null, null, 0.971, 0.255, null, 0.529]",match_tensors_permute,runs_exp2d/seed0/population,69.6
1887bcd2,d8bd0bc0,2_7_9,4_5_7,"[0.0, 0.0, 0.8840000629425049, 0.0, 0.0, 0.0, 0.0, 0.3330000042915344, 0.0, 0.5390000343322754]","[0.0, 0.0, 0.0, 0.0, 0.6810000538825989, 0.64000004529953, 0.0, 0.12700000405311584, 0.0, 0.0]",0.5853333473205566,0.4826667010784149,0.3694,0.49433333333333335,0.5136666666666667,0.475,"[null, null, 0.89, null, 0.675, 0.625, null, 0.125, null, 0.526]",match_tensors_permute,runs_exp2d/seed0/population,70.6
1887bcd2,e1762771,2_7_9,1_2_4,"[0.0, 0.0, 0.8840000629425049, 0.0, 0.0, 0.0, 0.0, 0.3330000042915344, 0.0, 0.5390000343322754]","[0.0, 0.5320000052452087, 0.11600000411272049, 0.0, 0.9160000681877136, 0.0, 0.0, 0.0, 0.0, 0.0]",0.5853333473205566,0.5213333964347839,0.359,0.42683333333333334,0.33166666666666667,0.522,"[null, 0.535, 0.118, null, 0.913, null, null, 0.348, null, 0.529]",match_tensors_permute,runs_exp2d/seed0/population,70.8
366f9057,5ffed8da,3_5_9,6_8_9,"[0.0, 0.0, 0.0, 0.6830000281333923, 0.0, 0.4230000078678131, 0.0, 0.0, 0.0, 0.6110000014305115]","[0.0, 0.0, 0.0, 0.0, 0.0, 0.0, 0.9120000600814819, 0.0, 0.7490000128746033, 0.6790000200271606]",0.5723333358764648,0.7800000309944153,0.4382,0.6813333333333333,0.5923333333333334,0.7703333333333333,"[null, null, null, 0.671, null, 0.444, 0.914, null, 0.735, 0.662]",match_tensors_permute,runs_exp2d/seed0/population,72.5
366f9057,88ed44d1,3_5_9,3_6_7,"[0.0, 0.0, 0.0, 0.6830000281333923, 0.0, 0.4230000078678131, 0.0, 0.0, 0.0, 0.6110000014305115]","[0.0, 0.0, 0.0, 0.1810000091791153, 0.0, 0.0, 0.9600000381469727, 0.1340000033378601, 0.0, 0.0]",0.5723333358764648,0.42500004172325134,0.371,0.4126666666666667,0.404,0.42133333333333334,"[null, null, null, 0.18, null, 0.416, 0.964, 0.12, null, 0.616]",match_tensors_permute,runs_exp2d/seed0/population,69.4
366f9057,905afff7,3_5_9,3_5_6,"[0.0, 0.0, 0.0, 0.6830000281333923, 0.0, 0.4230000078678131, 0.0, 0.0, 0.0, 0.6110000014305115]","[0.0, 0.0, 0.0, 0.08700000494718552, 0.0, 0.026000000536441803, 0.9790000319480896, 0.0, 0.0, 0.0]",0.5723333358764648,0.36399999260902405,0.44475,0.309,0.24833333333333332,0.36966666666666664,"[null, null, null, 0.11, null, 0.023, 0.976, null, null, 0.612]",match_tensors_permute,runs_exp2d/seed0/population,69.0
366f9057,be2e50e9,3_5_9,3_6_7,"[0.0, 0.0, 0.0, 0.6830000281333923, 0.0, 0.4230000078678131, 0.0, 0.0, 0.0, 0.6110000014305115]","[0.0, 0.0, 0.0, 0.26100000739097595, 0.0, 0.0, 0.9020000696182251, 0.34200000762939453, 0.0, 0.0]",0.5723333358764648,0.5016667246818542,0.3898,0.4701666666666666,0.437,0.5033333333333333,"[null, null, null, 0.249, null, 0.445, 0.912, 0.349, null, 0.617]",match_tensors_permute,runs_exp2d/seed0/population,69.2
366f9057,cb3a86af,3_5_9,1_6_7,"[0.0, 0.0, 0.0, 0.6830000281333923, 0.0, 0.4230000078678131, 0.0, 0.0, 0.0, 0.6110000014305115]","[0.0, 0.5400000214576721, 0.0, 0.0, 0.0, 0.0, 0.9630000591278076, 0.28700000047683716, 0.0, 0.0]",0.5723333358764648,0.5966666340827942,0.30383333333333334,0.573,0.5803333333333334,0.5656666666666667,"[null, 0.48, null, 0.673, null, 0.434, 0.965, 0.252, null, 0.634]",match_tensors_permute,runs_exp2d/seed0/population,69.7
366f9057,d8bd0bc0,3_5_9,4_5_7,"[0.0, 0.0, 0.0, 0.6830000281333923, 0.0, 0.4230000078678131, 0.0, 0.0, 0.0, 0.6110000014305115]","[0.0, 0.0, 0.0, 0.0, 0.6810000538825989, 0.64000004529953, 0.0, 0.12700000405311584, 0.0, 0.0]",0.5723333358764648,0.4826667010784149,0.395,0.5586666666666666,0.646,0.4713333333333333,"[null, null, null, 0.706, 0.669, 0.617, null, 0.128, null, 0.615]",match_tensors_permute,runs_exp2d/seed0/population,69.3
366f9057,e1762771,3_5_9,1_2_4,"[0.0, 0.0, 0.0, 0.6830000281333923, 0.0, 0.4230000078678131, 0.0, 0.0, 0.0, 0.6110000014305115]","[0.0, 0.5320000052452087, 0.11600000411272049, 0.0, 0.9160000681877136, 0.0, 0.0, 0.0, 0.0, 0.0]",0.5723333358764648,0.5213333964347839,0.2921666666666667,0.5406666666666666,0.5766666666666667,0.5046666666666667,"[null, 0.487, 0.11, 0.669, 0.917, 0.437, null, null, null, 0.624]",match_tensors_permute,runs_exp2d/seed0/population,69.6
5ffed8da,88ed44d1,6_8_9,3_6_7,"[0.0, 0.0, 0.0, 0.0, 0.0, 0.0, 0.9120000600814819, 0.0, 0.7490000128746033, 0.6790000200271606]","[0.0, 0.0, 0.0, 0.1810000091791153, 0.0, 0.0, 0.9600000381469727, 0.1340000033378601, 0.0, 0.0]",0.7800000309944153,0.42500004172325134,0.4518,0.6063333333333333,0.7896666666666666,0.423,"[null, null, null, 0.174, null, null, 0.963, 0.132, 0.739, 0.667]",match_tensors_permute,runs_exp2d/seed0/population,69.1
5ffed8da,905afff7,6_8_9,3_5_6,"[0.0, 0.0, 0.0, 0.0, 0.0, 0.0, 0.9120000600814819, 0.0, 0.7490000128746033, 0.6790000200271606]","[0.0, 0.0, 0.0, 0.08700000494718552, 0.0, 0.026000000536441803, 0.9790000319480896, 0.0, 0.0, 0.0]",0.7800000309944153,0.36399999260902405,0.4478,0.5818333333333333,0.7966666666666666,0.367,"[null, null, null, 0.107, null, 0.015, 0.979, null, 0.741, 0.67]",match_tensors_permute,runs_exp2d/seed0/population,69.2
5ffed8da,be2e50e9,6_8_9,3_6_7,"[0.0, 0.0, 0.0, 0.0, 0.0, 0.0, 0.9120000600814819, 0.0, 0.7490000128746033, 0.6790000200271606]","[0.0, 0.0, 0.0, 0.26100000739097595, 0.0, 0.0, 0.9020000696182251, 0.34200000762939453, 0.0, 0.0]",0.7800000309944153,0.5016667246818542,0.4518,0.6403333333333334,0.771,0.5096666666666667,"[null, null, null, 0.252, null, null, 0.91, 0.367, 0.738, 0.665]",match_tensors_permute,runs_exp2d/seed0/population,69.3
5ffed8da,cb3a86af,6_8_9,1_6_7,"[0.0, 0.0, 0.0, 0.0, 0.0, 0.0, 0.9120000600814819, 0.0, 0.7490000128746033, 0.6790000200271606]","[0.0, 0.5400000214576721, 0.0, 0.0, 0.0, 0.0, 0.9630000591278076, 0.28700000047683716, 0.0, 0.0]",0.7800000309944153,0.5966666340827942,0.4526,0.6890000000000001,0.791,0.587,"[null, 0.516, null, null, null, null, 0.964, 0.281, 0.739, 0.67]",match_tensors_permute,runs_exp2d/seed0/population,69.2
5ffed8da,d8bd0bc0,6_8_9,4_5_7,"[0.0, 0.0, 0.0, 0.0, 0.0, 0.0, 0.9120000600814819, 0.0, 0.7490000128746033, 0.6790000200271606]","[0.0, 0.0, 0.0, 0.0, 0.6810000538825989, 0.64000004529953, 0.0, 0.12700000405311584, 0.0, 0.0]",0.7800000309944153,0.4826667010784149,0.402,0.6241666666666666,0.7773333333333333,0.471,"[null, null, null, null, 0.673, 0.613, 0.922, 0.127, 0.727, 0.683]",match_tensors_permute,runs_exp2d/seed0/population,69.5
5ffed8da,e1762771,6_8_9,1_2_4,"[0.0, 0.0, 0.0, 0.0, 0.0, 0.0, 0.9120000600814819, 0.0, 0.7490000128746033, 0.6790000200271606]","[0.0, 0.5320000052452087, 0.11600000411272049, 0.0, 0.9160000681877136, 0.0, 0.0, 0.0, 0.0, 0.0]",0.7800000309944153,0.5213333964347839,0.393,0.6491666666666667,0.7813333333333333,0.517,"[null, 0.516, 0.123, null, 0.912, null, 0.915, null, 0.741, 0.688]",match_tensors_permute,runs_exp2d/seed0/population,69.4
88ed44d1,905afff7,3_6_7,3_5_6,"[0.0, 0.0, 0.0, 0.1810000091791153, 0.0, 0.0, 0.9600000381469727, 0.1340000033378601, 0.0, 0.0]","[0.0, 0.0, 0.0, 0.08700000494718552, 0.0, 0.026000000536441803, 0.9790000319480896, 0.0, 0.0, 0.0]",0.42500004172325134,0.36399999260902405,0.303,0.38683333333333336,0.404,0.36966666666666664,"[null, null, null, 0.107, null, 0.024, 0.978, 0.127, null, null]",match_tensors_permute,runs_exp2d/seed0/population,68.9
88ed44d1,be2e50e9,3_6_7,3_6_7,"[0.0, 0.0, 0.0, 0.1810000091791153, 0.0, 0.0, 0.9600000381469727, 0.1340000033378601, 0.0, 0.0]","[0.0, 0.0, 0.0, 0.26100000739097595, 0.0, 0.0, 0.9020000696182251, 0.34200000762939453, 0.0, 0.0]",0.42500004172325134,0.5016667246818542,0.4676666666666667,0.5073333333333333,0.5073333333333333,0.5073333333333333,"[null, null, null, 0.256, null, null, 0.903, 0.363, null, null]",match_tensors_permute,runs_exp2d/seed0/population,68.7
88ed44d1,cb3a86af,3_6_7,1_6_7,"[0.0, 0.0, 0.0, 0.1810000091791153, 0.0, 0.0, 0.9600000381469727, 0.1340000033378601, 0.0, 0.0]","[0.0, 0.5400000214576721, 0.0, 0.0, 0.0, 0.0, 0.9630000591278076, 0.28700000047683716, 0.0, 0.0]",0.42500004172325134,0.5966666340827942,0.4255,0.5246666666666666,0.472,0.5773333333333334,"[null, 0.492, null, 0.176, null, null, 0.966, 0.274, null, null]",match_tensors_permute,runs_exp2d/seed0/population,68.7
88ed44d1,d8bd0bc0,3_6_7,4_5_7,"[0.0, 0.0, 0.0, 0.1810000091791153, 0.0, 0.0, 0.9600000381469727, 0.1340000033378601, 0.0, 0.0]","[0.0, 0.0, 0.0, 0.0, 0.6810000538825989, 0.64000004529953, 0.0, 0.12700000405311584, 0.0, 0.0]",0.42500004172325134,0.4826667010784149,0.294,0.444,0.41733333333333333,0.4706666666666667,"[null, null, null, 0.15, 0.669, 0.61, 0.969, 0.133, null, null]",match_tensors_permute,runs_exp2d/seed0/population,69.1
88ed44d1,e1762771,3_6_7,1_2_4,"[0.0, 0.0, 0.0, 0.1810000091791153, 0.0, 0.0, 0.9600000381469727, 0.1340000033378601, 0.0, 0.0]","[0.0, 0.5320000052452087, 0.11600000411272049, 0.0, 0.9160000681877136, 0.0, 0.0, 0.0, 0.0, 0.0]",0.42500004172325134,0.5213333964347839,0.2841666666666667,0.467,0.41933333333333334,0.5146666666666667,"[null, 0.507, 0.123, 0.153, 0.914, null, 0.965, 0.14, null, null]",match_tensors_permute,runs_exp2d/seed0/population,69.4
905afff7,be2e50e9,3_5_6,3_6_7,"[0.0, 0.0, 0.0, 0.08700000494718552, 0.0, 0.026000000536441803, 0.9790000319480896, 0.0, 0.0, 0.0]","[0.0, 0.0, 0.0, 0.26100000739097595, 0.0, 0.0, 0.9020000696182251, 0.34200000762939453, 0.0, 0.0]",0.36399999260902405,0.5016667246818542,0.3365,0.4451666666666667,0.38866666666666666,0.5016666666666667,"[null, null, null, 0.237, null, 0.017, 0.912, 0.356, null, null]",match_tensors_permute,runs_exp2d/seed0/population,68.7
905afff7,cb3a86af,3_5_6,1_6_7,"[0.0, 0.0, 0.0, 0.08700000494718552, 0.0, 0.026000000536441803, 0.9790000319480896, 0.0, 0.0, 0.0]","[0.0, 0.5400000214576721, 0.0, 0.0, 0.0, 0.0, 0.9630000591278076, 0.28700000047683716, 0.0, 0.0]",0.36399999260902405,0.5966666340827942,0.3358,0.4688333333333333,0.35933333333333334,0.5783333333333334,"[null, 0.498, null, 0.092, null, 0.019, 0.967, 0.27, null, null]",match_tensors_permute,runs_exp2d/seed0/population,69.2
905afff7,d8bd0bc0,3_5_6,4_5_7,"[0.0, 0.0, 0.0, 0.08700000494718552, 0.0, 0.026000000536441803, 0.9790000319480896, 0.0, 0.0, 0.0]","[0.0, 0.0, 0.0, 0.0, 0.6810000538825989, 0.64000004529953, 0.0, 0.12700000405311584, 0.0, 0.0]",0.36399999260902405,0.4826667010784149,0.291,0.5125,0.5546666666666666,0.4703333333333333,"[null, null, null, 0.071, 0.675, 0.609, 0.984, 0.127, null, null]",match_tensors_permute,runs_exp2d/seed0/population,69.2
905afff7,e1762771,3_5_6,1_2_4,"[0.0, 0.0, 0.0, 0.08700000494718552, 0.0, 0.026000000536441803, 0.9790000319480896, 0.0, 0.0, 0.0]","[0.0, 0.5320000052452087, 0.11600000411272049, 0.0, 0.9160000681877136, 0.0, 0.0, 0.0, 0.0, 0.0]",0.36399999260902405,0.5213333964347839,0.2848333333333333,0.4376666666666667,0.3606666666666667,0.5146666666666667,"[null, 0.509, 0.12, 0.088, 0.915, 0.012, 0.982, null, null, null]",match_tensors_permute,runs_exp2d/seed0/population,69.5
be2e50e9,cb3a86af,3_6_7,1_6_7,"[0.0, 0.0, 0.0, 0.26100000739097595, 0.0, 0.0, 0.9020000696182251, 0.34200000762939453, 0.0, 0.0]","[0.0, 0.5400000214576721, 0.0, 0.0, 0.0, 0.0, 0.9630000591278076, 0.28700000047683716, 0.0, 0.0]",0.5016667246818542,0.5966666340827942,0.414,0.5338333333333333,0.49266666666666664,0.575,"[null, 0.495, null, 0.248, null, null, 0.96, 0.27, null, null]",match_tensors_permute,runs_exp2d/seed0/population,68.8
be2e50e9,d8bd0bc0,3_6_7,4_5_7,"[0.0, 0.0, 0.0, 0.26100000739097595, 0.0, 0.0, 0.9020000696182251, 0.34200000762939453, 0.0, 0.0]","[0.0, 0.0, 0.0, 0.0, 0.6810000538825989, 0.64000004529953, 0.0, 0.12700000405311584, 0.0, 0.0]",0.5016667246818542,0.4826667010784149,0.3424,0.44516666666666665,0.423,0.4673333333333333,"[null, null, null, 0.215, 0.658, 0.611, 0.921, 0.133, null, null]",match_tensors_permute,runs_exp2d/seed0/population,69.2
be2e50e9,e1762771,3_6_7,1_2_4,"[0.0, 0.0, 0.0, 0.26100000739097595, 0.0, 0.0, 0.9020000696182251, 0.34200000762939453, 0.0, 0.0]","[0.0, 0.5320000052452087, 0.11600000411272049, 0.0, 0.9160000681877136, 0.0, 0.0, 0.0, 0.0, 0.0]",0.5016667246818542,0.5213333964347839,0.30816666666666664,0.509,0.5003333333333333,0.5176666666666667,"[null, 0.51, 0.129, 0.233, 0.914, null, 0.912, 0.356, null, null]",match_tensors_permute,runs_exp2d/seed0/population,69.5
cb3a86af,d8bd0bc0,1_6_7,4_5_7,"[0.0, 0.5400000214576721, 0.0, 0.0, 0.0, 0.0, 0.9630000591278076, 0.28700000047683716, 0.0, 0.0]","[0.0, 0.0, 0.0, 0.0, 0.6810000538825989, 0.64000004529953, 0.0, 0.12700000405311584, 0.0, 0.0]",0.5966666340827942,0.4826667010784149,0.3566,0.5073333333333334,0.541,0.4736666666666667,"[null, 0.52, null, null, 0.684, 0.604, 0.97, 0.133, null, null]",match_tensors_permute,runs_exp2d/seed0/population,69.2
cb3a86af,e1762771,1_6_7,1_2_4,"[0.0, 0.5400000214576721, 0.0, 0.0, 0.0, 0.0, 0.9630000591278076, 0.28700000047683716, 0.0, 0.0]","[0.0, 0.5320000052452087, 0.11600000411272049, 0.0, 0.9160000681877136, 0.0, 0.0, 0.0, 0.0, 0.0]",0.5966666340827942,0.5213333964347839,0.368,0.5605,0.5946666666666667,0.5263333333333333,"[null, 0.536, 0.128, null, 0.915, null, 0.966, 0.282, null, null]",match_tensors_permute,runs_exp2d/seed0/population,69.2
d8bd0bc0,e1762771,4_5_7,1_2_4,"[0.0, 0.0, 0.0, 0.0, 0.6810000538825989, 0.64000004529953, 0.0, 0.12700000405311584, 0.0, 0.0]","[0.0, 0.5320000052452087, 0.11600000411272049, 0.0, 0.9160000681877136, 0.0, 0.0, 0.0, 0.0, 0.0]",0.4826667010784149,0.5213333964347839,0.3392,0.538,0.5553333333333333,0.5206666666666667,"[null, 0.53, 0.114, null, 0.918, 0.624, null, 0.124, null, null]",match_tensors_permute,runs_exp2d/seed0/population,69.2
