pair,n_shared,n_union,a_per_task,b_per_task,mean_parent_acc,min_parent_acc,parent_acc_gap,shared_acc_mean,shared_acc_gap,child_per_task,mean_retention,min_retention,retention_shared,retention_disjoint
0_7_8|2_7_9,1,5,0.9333333969116212,0.9473333358764648,0.940333366394043,0.9333333969116212,0.013999938964843639,0.971000075340271,0.03100001811981201,0.8228333333333333,-0.13260004014968874,-0.29500005340576174,-0.07300007534027098,-0.14750003135204318
0_7_8|3_5_9,0,6,0.9333333969116212,0.893000066280365,0.913166731595993,0.893000066280365,0.040333330631256215,,,0.7471666666666668,-0.16600004506111146,-0.31100005340576176,,-0.16600004506111146
0_7_8|6_8_9,1,5,0.9333333969116212,0.9543333649635316,0.9438333809375764,0.9333333969116212,0.0209999680519104,0.9830000400543213,0.017000019550323486,0.8531666666666666,-0.09860005302429198,-0.17500007343292234,-0.06800004005432125,-0.10625005626678466
0_7_8|3_6_7,1,5,0.9333333969116212,0.8956666588783264,0.9145000278949738,0.8956666588783264,0.03766673803329479,0.9510000348091125,0.010999977588653564,0.8008333333333333,-0.13280003395080564,-0.2640000534057617,-0.029000034809112507,-0.15875003373622892
0_7_8|3_5_6,0,6,0.9333333969116212,0.8676667213439941,0.9005000591278076,0.8676667213439941,0.06566667556762706,,,0.7513333333333334,-0.1491667158603668,-0.3350000734329224,,-0.1491667158603668
0_7_8|3_6_7,1,5,0.9333333969116212,0.9133334159851074,0.9233334064483643,0.9133334159851074,0.019999980926513783,0.9480000734329224,0.008000016212463379,0.7666666666666666,-0.1738000524520874,-0.3390000524520874,-0.07900007343292237,-0.19750004720687866
0_7_8|1_6_7,1,5,0.9333333969116212,0.9660000801086426,0.9496667385101318,0.9333333969116212,0.03266668319702137,0.9530000686645508,0.013000011444091797,0.8271666666666666,-0.1328000509262085,-0.26300006723403935,-0.08400006866455079,-0.14500004649162293
0_7_8|4_5_7,1,5,0.9333333969116212,0.9200000762939452,0.9266667366027832,0.9200000762939452,0.013333320617676003,0.9540000557899475,0.013999998569488525,0.7491666666666666,-0.18860004863739016,-0.4020000534057617,-0.13600005578994756,-0.2017500468492508
0_7_8|1_2_4,0,6,0.9333333969116212,0.930000066757202,0.9316667318344116,0.930000066757202,0.0033333301544191674,,,0.7856666666666666,-0.14600004529953003,-0.3040000576972961,,-0.14600004529953003
2_7_9|3_5_9,1,5,0.9473333358764648,0.893000066280365,0.9201667010784149,0.893000066280365,0.054333269596099854,0.9940000176429749,0.006999969482421875,0.7881666666666667,-0.1526000435829163,-0.2950000648498535,-0.03600001764297489,-0.18175005006790163
2_7_9|6_8_9,1,5,0.9473333358764648,0.9543333649635316,0.9508333504199982,0.9473333358764648,0.007000029087066761,0.9940000176429749,0.06199997663497925,0.8313333333333334,-0.12580004806518555,-0.19200007343292236,-0.15000001764297488,-0.11975005567073821
2_7_9|3_6_7,1,5,0.9473333358764648,0.8956666588783264,0.9214999973773956,0.8956666588783264,0.05166667699813843,0.971000075340271,0.020000040531158447,0.819,-0.11580003757476806,-0.17000003385543827,-0.05600007534027096,-0.13075002813339234
2_7_9|3_5_6,0,6,0.9473333358764648,0.8676667213439941,0.9075000286102295,0.8676667213439941,0.0796666145324707,,,0.7988333333333333,-0.10866671514511107,-0.22200003623962405,,-0.10866671514511107
2_7_9|3_6_7,1,5,0.9473333358764648,0.9133334159851074,0.9303333759307861,0.9133334159851074,0.03399991989135742,0.971000075340271,0.023000001907348633,0.8248333333333333,-0.12480004835128786,-0.26300006246566776,-0.03200007534027105,-0.14800004160404207
2_7_9|1_6_7,1,5,0.9473333358764648,0.9660000801086426,0.9566667079925537,0.9473333358764648,0.018666744232177734,0.971000075340271,0.018000006675720215,0.8396666666666667,-0.11420004777908328,-0.18700003385543829,-0.14900007534027104,-0.10550004088878634
2_7_9|4_5_7,1,5,0.9473333358764648,0.9200000762939452,0.9336667060852051,0.9200000762939452,0.027333259582519642,0.971000075340271,0.017000019550323486,0.8273333333333333,-0.11440004806518553,-0.2010000338554382,-0.08300007534027098,-0.12225004124641417
2_7_9|1_2_4,1,5,0.9473333358764648,0.930000066757202,0.9386667013168335,0.930000066757202,0.017333269119262806,0.8770000338554382,0.02499997615814209,0.7905,-0.13660004196166992,-0.2310000338554382,-0.2310000338554382,-0.11300004398822786
3_5_9|6_8_9,1,5,0.893000066280365,0.9543333649635316,0.9236667156219482,0.893000066280365,0.061333298683166615,0.987000048160553,0.05500000715255737,0.728,-0.21920005054473876,-0.2790000734329223,-0.133000048160553,-0.2407500511407852
3_5_9|3_6_7,1,5,0.893000066280365,0.8956666588783264,0.8943333625793457,0.893000066280365,0.0026665925979614258,0.7820000648498535,0.006000041961669922,0.7318333333333333,-0.14880004243850706,-0.23700006484985348,-0.23700006484985348,-0.12675003683567046
3_5_9|3_5_6,2,4,0.893000066280365,0.8676667213439941,0.8803333938121796,0.8676667213439941,0.02533334493637085,0.8610000312328339,0.04849997162818909,0.7421666666666666,-0.14525004601478575,-0.17800002622604372,-0.17250003123283386,-0.11800006079673764
3_5_9|3_6_7,1,5,0.893000066280365,0.9133334159851074,0.9031667411327362,0.893000066280365,0.02033334970474243,0.8470000624656677,0.06499999761581421,0.7373333333333334,-0.17100005254745482,-0.39600005245208736,-0.2050000624656677,-0.16250005006790158
3_5_9|1_6_7,0,6,0.893000066280365,0.9660000801086426,0.9295000731945038,0.893000066280365,0.07300001382827759,,,0.8325,-0.09700005332628886,-0.14900006723403936,,-0.09700005332628886
3_5_9|4_5_7,1,5,0.893000066280365,0.9200000762939452,0.9065000712871552,0.893000066280365,0.02700001001358021,0.9160000681877136,0.006000041961669922,0.7728333333333333,-0.1402000564575195,-0.22500004529953,-0.10700006818771357,-0.148500053524971
3_5_9|1_2_4,0,6,0.893000066280365,0.930000066757202,0.9115000665187836,0.893000066280365,0.03700000047683705,,,0.754,-0.15750004665056863,-0.2800000576972962,,-0.15750004665056863
6_8_9|3_6_7,1,5,0.9543333649635316,0.8956666588783264,0.925000011920929,0.8956666588783264,0.05866670608520519,0.9600000381469727,0.011999964714050293,0.7981666666666667,-0.14020003538131715,-0.24600002288818357,-0.07200003814697264,-0.15725003468990326
6_8_9|3_5_6,1,5,0.9543333649635316,0.8676667213439941,0.9110000431537628,0.8676667213439941,0.08666664361953746,0.9480000734329224,0.0,0.7375,-0.17540004901885986,-0.32500003623962403,-0.16400007343292233,-0.17825004291534424
6_8_9|3_6_7,1,5,0.9543333649635316,0.9133334159851074,0.9338333904743195,0.9133334159851074,0.04099994897842418,0.9480000734329224,0.003000020980834961,0.8083333333333333,-0.1254000580787659,-0.14900006246566777,-0.1290000734329224,-0.12450005424022675
6_8_9|1_6_7,1,5,0.9543333649635316,0.9660000801086426,0.960166722536087,0.9543333649635316,0.011666715145110973,0.9670000672340393,0.018999993801116943,0.835,-0.11420005235671997,-0.1990000672340393,-0.1990000672340393,-0.09300004863739014
6_8_9|4_5_7,0,6,0.9543333649635316,0.9200000762939452,0.9371667206287384,0.9200000762939452,0.034333288669586404,,,0.8421666666666667,-0.09500005396207174,-0.16300004529953005,,-0.09500005396207174
6_8_9|1_2_4,0,6,0.9543333649635316,0.930000066757202,0.9421667158603668,0.930000066757202,0.024333298206329568,,,0.7883333333333333,-0.1538333825270335,-0.29800007343292234,,-0.1538333825270335
3_6_7|3_5_6,2,4,0.8956666588783264,0.8676667213439941,0.8816666901111603,0.8676667213439941,0.027999937534332275,0.8860000371932983,0.02399998903274536,0.7168333333333333,-0.1585000408887863,-0.283000036239624,-0.20150003719329834,-0.11550004458427426
3_6_7|3_6_7,3,3,0.8956666588783264,0.9133334159851074,0.9045000374317169,0.8956666588783264,0.017666757106781006,0.9193333784739176,0.029666662216186523,0.7986666666666666,-0.12066671180725097,-0.16600006246566767,-0.12066671180725097,
3_6_7|1_6_7,2,4,0.8956666588783264,0.9660000801086426,0.9308333694934845,0.8956666588783264,0.07033342123031616,0.960000067949295,0.004500031471252441,0.7275,-0.19400005090236663,-0.3520000672340393,-0.22650006794929506,-0.1615000338554382
3_6_7|4_5_7,1,5,0.8956666588783264,0.9200000762939452,0.9078333675861359,0.8956666588783264,0.024333417415618785,0.9540000557899475,0.003000020980834961,0.7078333333333333,-0.2234000460624695,-0.3240000452995301,-0.08600005578994752,-0.2577500436306
3_6_7|1_2_4,0,6,0.8956666588783264,0.930000066757202,0.9128333628177643,0.8956666588783264,0.03433340787887562,,,0.7493333333333334,-0.16350003941853844,-0.2810000395774841,,-0.16350003941853844
3_5_6|3_6_7,2,4,0.8676667213439941,0.9133334159851074,0.8905000686645508,0.8676667213439941,0.04566669464111328,0.897500067949295,0.01900002360343933,0.7290000000000001,-0.17275006592273712,-0.25100005435943606,-0.158000067949295,-0.18750006389617924
3_5_6|1_6_7,1,5,0.8676667213439941,0.9660000801086426,0.9168334007263184,0.8676667213439941,0.09833335876464844,0.9670000672340393,0.018999993801116943,0.7373333333333334,-0.19140005426406864,-0.34500005435943604,-0.13900006723403935,-0.20450005102157595
3_5_6|4_5_7,1,5,0.8676667213439941,0.9200000762939452,0.8938333988189697,0.8676667213439941,0.05233335494995106,0.9160000681877136,0.07300001382827759,0.7553333333333334,-0.16200005578994753,-0.24800004529953001,-0.09400006818771367,-0.17900005269050598
3_5_6|1_2_4,0,6,0.8676667213439941,0.930000066757202,0.8988333940505981,0.8676667213439941,0.0623333454132079,,,0.6676666666666666,-0.231166717449824,-0.3730000734329224,,-0.231166717449824
3_6_7|1_6_7,2,4,0.9133334159851074,0.9660000801086426,0.939666748046875,0.9133334159851074,0.052666664123535156,0.960000067949295,0.013500005006790161,0.8005,-0.14200006079673766,-0.23000006246566773,-0.14700006794929504,-0.13700005364418028
3_6_7|4_5_7,1,5,0.9133334159851074,0.9200000762939452,0.9166667461395264,0.9133334159851074,0.00666666030883778,0.9540000557899475,0.0059999823570251465,0.7556666666666667,-0.18120005683898927,-0.24200005245208744,-0.0660000557899475,-0.2100000571012497
3_6_7|1_2_4,0,6,0.9133334159851074,0.930000066757202,0.9216667413711548,0.9133334159851074,0.016666650772094616,,,0.764,-0.15766672150293984,-0.23200006246566773,,-0.15766672150293984
1_6_7|4_5_7,1,5,0.9660000801086426,0.9200000762939452,0.943000078201294,0.9200000762939452,0.04600000381469738,0.9540000557899475,0.0009999871253967285,0.8431666666666666,-0.10980005626678466,-0.20000004529953008,-0.051000055789947485,-0.12450005638599396
1_6_7|1_2_4,1,5,0.9660000801086426,0.930000066757202,0.9480000734329224,0.930000066757202,0.03600001335144054,0.9920000433921814,0.013999998569488525,0.7846666666666666,-0.18300005531311034,-0.24700006723403933,-0.07900004339218136,-0.2090000582933426
4_5_7|1_2_4,1,5,0.9200000762939452,0.930000066757202,0.9250000715255736,0.9200000762939452,0.009999990463256836,0.9460000395774841,0.0559999942779541,0.7263333333333333,-0.20400005292892454,-0.3860000576972961,-0.22800003957748416,-0.19800005626678466
