parent_a,parent_b,labels_a,labels_b,a_per_class,b_per_class,a_per_task,b_per_task,pre_joint,pre_per_task,pre_per_class,post_joint,post_per_task,post_task_a,post_task_b,post_per_class,regime,time_s
09111d7d,1887bcd2,0_7_8,2_7_9,"[0.7740000486373901, 0.0, 0.0, 0.0, 0.0, 0.0, 0.0, 0.4820000231266022, 0.45100003480911255, 0.0]","[0.0, 0.0, 0.8840000629425049, 0.0, 0.0, 0.0, 0.0, 0.3330000042915344, 0.0, 0.5390000343322754]",0.5690000057220459,0.5853333473205566,0.212,0.5445,"[0.773, null, 0.033, null, null, null, null, 0.991, 0.454, 0.025]",0.2384,0.7953333333333333,0.742,0.8486666666666667,"[0.661, null, 0.881, null, null, null, null, 0.765, 0.8, 0.9]",copy-a+mut2,75.0
09111d7d,366f9057,0_7_8,3_5_9,"[0.7740000486373901, 0.0, 0.0, 0.0, 0.0, 0.0, 0.0, 0.4820000231266022, 0.45100003480911255, 0.0]","[0.0, 0.0, 0.0, 0.6830000281333923, 0.0, 0.4230000078678131, 0.0, 0.0, 0.0, 0.6110000014305115]",0.5690000057220459,0.5723333358764648,0.24716666666666667,0.44333333333333336,"[0.772, null, null, 0.164, null, 0.0, null, 0.483, 0.454, 0.787]",0.221,0.7835,0.8186666666666667,0.7483333333333333,"[0.666, null, null, 0.626, null, 0.681, null, 0.947, 0.843, 0.938]",copy-a+mut2,76.2
09111d7d,5ffed8da,0_7_8,6_8_9,"[0.7740000486373901, 0.0, 0.0, 0.0, 0.0, 0.0, 0.0, 0.4820000231266022, 0.45100003480911255, 0.0]","[0.0, 0.0, 0.0, 0.0, 0.0, 0.0, 0.9120000600814819, 0.0, 0.7490000128746033, 0.6790000200271606]",0.5690000057220459,0.7800000309944153,0.209,0.5421666666666667,"[0.771, null, null, null, null, null, 0.0, 0.482, 1.0, 0.0]",0.263,0.8676666666666667,0.8293333333333334,0.906,"[0.658, null, null, null, null, null, 0.955, 0.921, 0.909, 0.854]",copy-a+mut2,75.9
09111d7d,88ed44d1,0_7_8,3_6_7,"[0.7740000486373901, 0.0, 0.0, 0.0, 0.0, 0.0, 0.0, 0.4820000231266022, 0.45100003480911255, 0.0]","[0.0, 0.0, 0.0, 0.1810000091791153, 0.0, 0.0, 0.9600000381469727, 0.1340000033378601, 0.0, 0.0]",0.5690000057220459,0.42500004172325134,0.2,0.5375,"[0.773, null, null, 0.005, null, null, 0.0, 0.996, 0.455, null]",0.18,0.7563333333333333,0.7386666666666667,0.774,"[0.612, null, null, 0.779, null, null, 0.778, 0.765, 0.839, null]",copy-a+mut2,74.5
09111d7d,905afff7,0_7_8,3_5_6,"[0.7740000486373901, 0.0, 0.0, 0.0, 0.0, 0.0, 0.0, 0.4820000231266022, 0.45100003480911255, 0.0]","[0.0, 0.0, 0.0, 0.08700000494718552, 0.0, 0.026000000536441803, 0.9790000319480896, 0.0, 0.0, 0.0]",0.5690000057220459,0.36399999260902405,0.16966666666666666,0.4541666666666667,"[0.773, null, null, 0.877, null, 0.0, 0.137, 0.483, 0.455, null]",0.24383333333333335,0.735,0.8146666666666667,0.6553333333333333,"[0.633, null, null, 0.616, null, 0.543, 0.807, 0.928, 0.883, null]",copy-a+mut2,75.1
09111d7d,be2e50e9,0_7_8,3_6_7,"[0.7740000486373901, 0.0, 0.0, 0.0, 0.0, 0.0, 0.0, 0.4820000231266022, 0.45100003480911255, 0.0]","[0.0, 0.0, 0.0, 0.26100000739097595, 0.0, 0.0, 0.9020000696182251, 0.34200000762939453, 0.0, 0.0]",0.5690000057220459,0.5016667246818542,0.2,0.5375,"[0.77, null, null, 0.005, null, null, 0.0, 0.996, 0.458, null]",0.182,0.7761666666666667,0.765,0.7873333333333333,"[0.645, null, null, 0.779, null, null, 0.799, 0.784, 0.866, null]",copy-a+mut2,75.3
09111d7d,cb3a86af,0_7_8,1_6_7,"[0.7740000486373901, 0.0, 0.0, 0.0, 0.0, 0.0, 0.0, 0.4820000231266022, 0.45100003480911255, 0.0]","[0.0, 0.5400000214576721, 0.0, 0.0, 0.0, 0.0, 0.9630000591278076, 0.28700000047683716, 0.0, 0.0]",0.5690000057220459,0.5966666340827942,0.2,0.5381666666666667,"[0.769, 0.001, null, null, null, null, 0.0, 1.0, 0.459, null]",0.1864,0.8716666666666667,0.8103333333333333,0.933,"[0.68, 0.949, null, null, null, null, 0.94, 0.91, 0.841, null]",copy-a+mut2,76.1
09111d7d,d8bd0bc0,0_7_8,4_5_7,"[0.7740000486373901, 0.0, 0.0, 0.0, 0.0, 0.0, 0.0, 0.4820000231266022, 0.45100003480911255, 0.0]","[0.0, 0.0, 0.0, 0.0, 0.6810000538825989, 0.64000004529953, 0.0, 0.12700000405311584, 0.0, 0.0]",0.5690000057220459,0.4826667010784149,0.2058,0.5393333333333333,"[0.77, null, null, null, 0.031, 0.0, null, 0.99, 0.455, null]",0.2126,0.7188333333333333,0.7146666666666667,0.723,"[0.69, null, null, null, 0.765, 0.807, null, 0.597, 0.857, null]",copy-a+mut2,73.8
09111d7d,e1762771,0_7_8,1_2_4,"[0.7740000486373901, 0.0, 0.0, 0.0, 0.0, 0.0, 0.0, 0.4820000231266022, 0.45100003480911255, 0.0]","[0.0, 0.5320000052452087, 0.11600000411272049, 0.0, 0.9160000681877136, 0.0, 0.0, 0.0, 0.0, 0.0]",0.5690000057220459,0.5213333964347839,0.23733333333333334,0.43133333333333335,"[0.772, 0.015, 0.27, null, 0.595, null, null, 0.483, 0.453, null]",0.2875,0.801,0.81,0.792,"[0.639, 0.954, 0.662, null, 0.76, null, null, 0.936, 0.855, null]",copy-a+mut2,74.2
1887bcd2,366f9057,2_7_9,3_5_9,"[0.0, 0.0, 0.8840000629425049, 0.0, 0.0, 0.0, 0.0, 0.3330000042915344, 0.0, 0.5390000343322754]","[0.0, 0.0, 0.0, 0.6830000281333923, 0.0, 0.4230000078678131, 0.0, 0.0, 0.0, 0.6110000014305115]",0.5853333473205566,0.5723333358764648,0.2002,0.537,"[null, null, 0.884, 0.0, null, 0.0, null, 0.338, null, 1.0]",0.185,0.8056666666666666,0.8733333333333333,0.738,"[null, null, 0.885, 0.643, null, 0.635, null, 0.799, null, 0.936]",copy-a+mut2,74.1
1887bcd2,5ffed8da,2_7_9,6_8_9,"[0.0, 0.0, 0.8840000629425049, 0.0, 0.0, 0.0, 0.0, 0.3330000042915344, 0.0, 0.5390000343322754]","[0.0, 0.0, 0.0, 0.0, 0.0, 0.0, 0.9120000600814819, 0.0, 0.7490000128746033, 0.6790000200271606]",0.5853333473205566,0.7800000309944153,0.2008,0.5363333333333333,"[null, null, 0.884, null, null, null, 0.0, 0.334, 0.0, 1.0]",0.1662,0.8836666666666667,0.8523333333333334,0.915,"[null, null, 0.869, null, null, null, 0.97, 0.788, 0.875, 0.9]",copy-a+mut2,74.3
1887bcd2,88ed44d1,2_7_9,3_6_7,"[0.0, 0.0, 0.8840000629425049, 0.0, 0.0, 0.0, 0.0, 0.3330000042915344, 0.0, 0.5390000343322754]","[0.0, 0.0, 0.0, 0.1810000091791153, 0.0, 0.0, 0.9600000381469727, 0.1340000033378601, 0.0, 0.0]",0.5853333473205566,0.42500004172325134,0.2066,0.5703333333333334,"[null, null, 0.884, 0.0, null, null, 0.0, 1.0, null, 0.538]",0.1444,0.8320000000000001,0.8686666666666667,0.7953333333333333,"[null, null, 0.904, 0.751, null, null, 0.834, 0.801, null, 0.901]",copy-a+mut2,73.9
1887bcd2,905afff7,2_7_9,3_5_6,"[0.0, 0.0, 0.8840000629425049, 0.0, 0.0, 0.0, 0.0, 0.3330000042915344, 0.0, 0.5390000343322754]","[0.0, 0.0, 0.0, 0.08700000494718552, 0.0, 0.026000000536441803, 0.9790000319480896, 0.0, 0.0, 0.0]",0.5853333473205566,0.36399999260902405,0.2713333333333333,0.44283333333333336,"[null, null, 0.884, 0.075, null, 0.77, 0.053, 0.336, null, 0.539]",0.22583333333333333,0.765,0.8566666666666667,0.6733333333333333,"[null, null, 0.869, 0.421, null, 0.748, 0.851, 0.777, null, 0.924]",copy-a+mut2,74.2
1887bcd2,be2e50e9,2_7_9,3_6_7,"[0.0, 0.0, 0.8840000629425049, 0.0, 0.0, 0.0, 0.0, 0.3330000042915344, 0.0, 0.5390000343322754]","[0.0, 0.0, 0.0, 0.26100000739097595, 0.0, 0.0, 0.9020000696182251, 0.34200000762939453, 0.0, 0.0]",0.5853333473205566,0.5016667246818542,0.2066,0.5706666666666667,"[null, null, 0.884, 0.0, null, null, 0.0, 1.0, null, 0.54]",0.1548,0.828,0.8613333333333333,0.7946666666666666,"[null, null, 0.862, 0.754, null, null, 0.818, 0.812, null, 0.91]",copy-a+mut2,73.7
1887bcd2,cb3a86af,2_7_9,1_6_7,"[0.0, 0.0, 0.8840000629425049, 0.0, 0.0, 0.0, 0.0, 0.3330000042915344, 0.0, 0.5390000343322754]","[0.0, 0.5400000214576721, 0.0, 0.0, 0.0, 0.0, 0.9630000591278076, 0.28700000047683716, 0.0, 0.0]",0.5853333473205566,0.5966666340827942,0.2062,0.5705,"[null, 0.0, 0.884, null, null, null, 0.0, 1.0, null, 0.539]",0.2622,0.9181666666666667,0.9013333333333333,0.935,"[null, 0.957, 0.883, null, null, null, 0.934, 0.914, null, 0.907]",copy-a+mut2,74.5
1887bcd2,d8bd0bc0,2_7_9,4_5_7,"[0.0, 0.0, 0.8840000629425049, 0.0, 0.0, 0.0, 0.0, 0.3330000042915344, 0.0, 0.5390000343322754]","[0.0, 0.0, 0.0, 0.0, 0.6810000538825989, 0.64000004529953, 0.0, 0.12700000405311584, 0.0, 0.0]",0.5853333473205566,0.4826667010784149,0.2018,0.5705,"[null, null, 0.884, null, 0.0, 0.0, null, 1.0, null, 0.539]",0.1932,0.797,0.8443333333333334,0.7496666666666667,"[null, null, 0.865, null, 0.657, 0.851, null, 0.741, null, 0.927]",copy-a+mut2,74.1
1887bcd2,e1762771,2_7_9,1_2_4,"[0.0, 0.0, 0.8840000629425049, 0.0, 0.0, 0.0, 0.0, 0.3330000042915344, 0.0, 0.5390000343322754]","[0.0, 0.5320000052452087, 0.11600000411272049, 0.0, 0.9160000681877136, 0.0, 0.0, 0.0, 0.0, 0.0]",0.5853333473205566,0.5213333964347839,0.1996,0.47883333333333333,"[null, 0.0, 1.0, null, 0.0, null, null, 0.335, null, 0.538]",0.3452,0.8,0.796,0.804,"[null, 0.951, 0.695, null, 0.766, null, null, 0.774, null, 0.919]",copy-a+mut2,74.2
366f9057,5ffed8da,3_5_9,6_8_9,"[0.0, 0.0, 0.0, 0.6830000281333923, 0.0, 0.4230000078678131, 0.0, 0.0, 0.0, 0.6110000014305115]","[0.0, 0.0, 0.0, 0.0, 0.0, 0.0, 0.9120000600814819, 0.0, 0.7490000128746033, 0.6790000200271606]",0.5723333358764648,0.7800000309944153,0.1954,0.5181666666666667,"[null, null, null, 0.686, null, 0.423, 0.0, null, 0.0, 1.0]",0.113,0.8215,0.7273333333333334,0.9156666666666666,"[null, null, null, 0.699, null, 0.611, 0.975, null, 0.9, 0.872]",copy-a+mut2,73.7
366f9057,88ed44d1,3_5_9,3_6_7,"[0.0, 0.0, 0.0, 0.6830000281333923, 0.0, 0.4230000078678131, 0.0, 0.0, 0.0, 0.6110000014305115]","[0.0, 0.0, 0.0, 0.1810000091791153, 0.0, 0.0, 0.9600000381469727, 0.1340000033378601, 0.0, 0.0]",0.5723333358764648,0.42500004172325134,0.2192,0.5055,"[null, null, null, 1.0, null, 0.422, 0.0, 0.0, null, 0.611]",0.1878,0.7853333333333333,0.7973333333333333,0.7733333333333333,"[null, null, null, 0.683, null, 0.753, 0.843, 0.794, null, 0.956]",copy-a+mut2,74.4
366f9057,905afff7,3_5_9,3_5_6,"[0.0, 0.0, 0.0, 0.6830000281333923, 0.0, 0.4230000078678131, 0.0, 0.0, 0.0, 0.6110000014305115]","[0.0, 0.0, 0.0, 0.08700000494718552, 0.0, 0.026000000536441803, 0.9790000319480896, 0.0, 0.0, 0.0]",0.5723333358764648,0.36399999260902405,0.3875,0.485,"[null, null, null, 0.712, null, 0.438, 0.0, null, null, 0.61]",0.07475,0.6921666666666666,0.7116666666666667,0.6726666666666666,"[null, null, null, 0.487, null, 0.709, 0.822, null, null, 0.939]",copy-a+mut2,73.1
366f9057,be2e50e9,3_5_9,3_6_7,"[0.0, 0.0, 0.0, 0.6830000281333923, 0.0, 0.4230000078678131, 0.0, 0.0, 0.0, 0.6110000014305115]","[0.0, 0.0, 0.0, 0.26100000739097595, 0.0, 0.0, 0.9020000696182251, 0.34200000762939453, 0.0, 0.0]",0.5723333358764648,0.5016667246818542,0.219,0.5051666666666667,"[null, null, null, 1.0, null, 0.421, 0.0, 0.0, null, 0.61]",0.1802,0.7805,0.7803333333333333,0.7806666666666666,"[null, null, null, 0.741, null, 0.656, 0.855, 0.746, null, 0.944]",copy-a+mut2,74.4
366f9057,cb3a86af,3_5_9,1_6_7,"[0.0, 0.0, 0.0, 0.6830000281333923, 0.0, 0.4230000078678131, 0.0, 0.0, 0.0, 0.6110000014305115]","[0.0, 0.5400000214576721, 0.0, 0.0, 0.0, 0.0, 0.9630000591278076, 0.28700000047683716, 0.0, 0.0]",0.5723333358764648,0.5966666340827942,0.225,0.4706666666666667,"[null, 0.132, null, 0.685, null, 0.421, 0.974, 0.002, null, 0.61]",0.2565,0.8316666666666667,0.7353333333333333,0.928,"[null, 0.949, null, 0.558, null, 0.718, 0.951, 0.884, null, 0.93]",copy-a+mut2,74.2
366f9057,d8bd0bc0,3_5_9,4_5_7,"[0.0, 0.0, 0.0, 0.6830000281333923, 0.0, 0.4230000078678131, 0.0, 0.0, 0.0, 0.6110000014305115]","[0.0, 0.0, 0.0, 0.0, 0.6810000538825989, 0.64000004529953, 0.0, 0.12700000405311584, 0.0, 0.0]",0.5723333358764648,0.4826667010784149,0.2166,0.5495,"[null, null, null, 0.687, 0.0, 1.0, null, 0.0, null, 0.61]",0.2612,0.745,0.7756666666666666,0.7143333333333334,"[null, null, null, 0.57, 0.659, 0.829, null, 0.655, null, 0.928]",copy-a+mut2,74.6
366f9057,e1762771,3_5_9,1_2_4,"[0.0, 0.0, 0.0, 0.6830000281333923, 0.0, 0.4230000078678131, 0.0, 0.0, 0.0, 0.6110000014305115]","[0.0, 0.5320000052452087, 0.11600000411272049, 0.0, 0.9160000681877136, 0.0, 0.0, 0.0, 0.0, 0.0]",0.5723333358764648,0.5213333964347839,0.25583333333333336,0.4663333333333333,"[null, 0.19, 0.17, 0.688, 0.719, 0.421, null, null, null, 0.61]",0.21783333333333332,0.7695000000000001,0.7446666666666667,0.7943333333333333,"[null, 0.954, 0.702, 0.589, 0.727, 0.713, null, null, null, 0.932]",copy-a+mut2,74.1
5ffed8da,88ed44d1,6_8_9,3_6_7,"[0.0, 0.0, 0.0, 0.0, 0.0, 0.0, 0.9120000600814819, 0.0, 0.7490000128746033, 0.6790000200271606]","[0.0, 0.0, 0.0, 0.1810000091791153, 0.0, 0.0, 0.9600000381469727, 0.1340000033378601, 0.0, 0.0]",0.7800000309944153,0.42500004172325134,0.2574,0.5731666666666667,"[null, null, null, 0.015, null, null, 0.995, 0.007, 0.748, 0.679]",0.1894,0.8323333333333334,0.8726666666666667,0.792,"[null, null, null, 0.694, null, null, 0.866, 0.816, 0.904, 0.848]",copy-a+mut2,74.3
5ffed8da,905afff7,6_8_9,3_5_6,"[0.0, 0.0, 0.0, 0.0, 0.0, 0.0, 0.9120000600814819, 0.0, 0.7490000128746033, 0.6790000200271606]","[0.0, 0.0, 0.0, 0.08700000494718552, 0.0, 0.026000000536441803, 0.9790000319480896, 0.0, 0.0, 0.0]",0.7800000309944153,0.36399999260902405,0.2442,0.5725,"[null, null, null, 0.015, null, 0.001, 0.995, null, 0.75, 0.679]",0.2182,0.7526666666666666,0.8583333333333333,0.647,"[null, null, null, 0.4, null, 0.734, 0.807, null, 0.913, 0.855]",copy-a+mut2,73.4
5ffed8da,be2e50e9,6_8_9,3_6_7,"[0.0, 0.0, 0.0, 0.0, 0.0, 0.0, 0.9120000600814819, 0.0, 0.7490000128746033, 0.6790000200271606]","[0.0, 0.0, 0.0, 0.26100000739097595, 0.0, 0.0, 0.9020000696182251, 0.34200000762939453, 0.0, 0.0]",0.7800000309944153,0.5016667246818542,0.2574,0.5733333333333334,"[null, null, null, 0.015, null, null, 0.995, 0.007, 0.749, 0.679]",0.1782,0.8081666666666667,0.8373333333333334,0.779,"[null, null, null, 0.771, null, null, 0.786, 0.78, 0.897, 0.829]",copy-a+mut2,73.7
5ffed8da,cb3a86af,6_8_9,1_6_7,"[0.0, 0.0, 0.0, 0.0, 0.0, 0.0, 0.9120000600814819, 0.0, 0.7490000128746033, 0.6790000200271606]","[0.0, 0.5400000214576721, 0.0, 0.0, 0.0, 0.0, 0.9630000591278076, 0.28700000047683716, 0.0, 0.0]",0.7800000309944153,0.5966666340827942,0.2424,0.5776666666666667,"[null, 0.038, null, null, null, null, 0.995, 0.009, 0.75, 0.679]",0.318,0.915,0.9043333333333333,0.9256666666666666,"[null, 0.942, null, null, null, null, 0.956, 0.879, 0.91, 0.847]",copy-a+mut2,73.6
5ffed8da,d8bd0bc0,6_8_9,4_5_7,"[0.0, 0.0, 0.0, 0.0, 0.0, 0.0, 0.9120000600814819, 0.0, 0.7490000128746033, 0.6790000200271606]","[0.0, 0.0, 0.0, 0.0, 0.6810000538825989, 0.64000004529953, 0.0, 0.12700000405311584, 0.0, 0.0]",0.7800000309944153,0.4826667010784149,0.3915,0.5681666666666667,"[null, null, null, null, 0.04, 0.553, 0.911, 0.475, 0.751, 0.679]",0.2325,0.8228333333333333,0.9156666666666666,0.73,"[null, null, null, null, 0.665, 0.815, 0.971, 0.71, 0.894, 0.882]",copy-a+mut2,74.3
5ffed8da,e1762771,6_8_9,1_2_4,"[0.0, 0.0, 0.0, 0.0, 0.0, 0.0, 0.9120000600814819, 0.0, 0.7490000128746033, 0.6790000200271606]","[0.0, 0.5320000052452087, 0.11600000411272049, 0.0, 0.9160000681877136, 0.0, 0.0, 0.0, 0.0, 0.0]",0.7800000309944153,0.5213333964347839,0.397,0.501,"[null, 0.104, 0.526, null, 0.035, null, 0.912, null, 0.75, 0.679]",0.3005,0.865,0.9116666666666666,0.8183333333333334,"[null, 0.953, 0.771, null, 0.731, null, 0.982, null, 0.891, 0.862]",copy-a+mut2,74.9
88ed44d1,905afff7,3_6_7,3_5_6,"[0.0, 0.0, 0.0, 0.1810000091791153, 0.0, 0.0, 0.9600000381469727, 0.1340000033378601, 0.0, 0.0]","[0.0, 0.0, 0.0, 0.08700000494718552, 0.0, 0.026000000536441803, 0.9790000319480896, 0.0, 0.0, 0.0]",0.42500004172325134,0.36399999260902405,0.29475,0.41300000000000003,"[null, null, null, 0.212, null, 0.0, 0.96, 0.134, null, null]",0.26725,0.6911666666666667,0.709,0.6733333333333333,"[null, null, null, 0.48, null, 0.699, 0.841, 0.806, null, null]",copy-a+mut2,73.1
88ed44d1,be2e50e9,3_6_7,3_6_7,"[0.0, 0.0, 0.0, 0.1810000091791153, 0.0, 0.0, 0.9600000381469727, 0.1340000033378601, 0.0, 0.0]","[0.0, 0.0, 0.0, 0.26100000739097595, 0.0, 0.0, 0.9020000696182251, 0.34200000762939453, 0.0, 0.0]",0.42500004172325134,0.5016667246818542,0.4246666666666667,0.42533333333333334,"[null, null, null, 0.184, null, null, 0.96, 0.132, null, null]",0.19866666666666666,0.802,0.802,0.802,"[null, null, null, 0.762, null, null, 0.846, 0.798, null, null]",copy-a+mut2,72.6
88ed44d1,cb3a86af,3_6_7,1_6_7,"[0.0, 0.0, 0.0, 0.1810000091791153, 0.0, 0.0, 0.9600000381469727, 0.1340000033378601, 0.0, 0.0]","[0.0, 0.5400000214576721, 0.0, 0.0, 0.0, 0.0, 0.9630000591278076, 0.28700000047683716, 0.0, 0.0]",0.42500004172325134,0.5966666340827942,0.3115,0.44166666666666665,"[null, 0.0, null, 0.182, null, null, 0.973, 0.261, null, null]",0.21675,0.9028333333333334,0.8693333333333333,0.9363333333333334,"[null, 0.96, null, 0.759, null, null, 0.947, 0.902, null, null]",copy-a+mut2,73.3
88ed44d1,d8bd0bc0,3_6_7,4_5_7,"[0.0, 0.0, 0.0, 0.1810000091791153, 0.0, 0.0, 0.9600000381469727, 0.1340000033378601, 0.0, 0.0]","[0.0, 0.0, 0.0, 0.0, 0.6810000538825989, 0.64000004529953, 0.0, 0.12700000405311584, 0.0, 0.0]",0.42500004172325134,0.4826667010784149,0.306,0.5236666666666666,"[null, null, null, 0.182, 0.0, 0.0, 0.96, 1.0, null, null]",0.3198,0.7453333333333334,0.7576666666666667,0.733,"[null, null, null, 0.77, 0.683, 0.845, 0.832, 0.671, null, null]",copy-a+mut2,73.8
88ed44d1,e1762771,3_6_7,1_2_4,"[0.0, 0.0, 0.0, 0.1810000091791153, 0.0, 0.0, 0.9600000381469727, 0.1340000033378601, 0.0, 0.0]","[0.0, 0.5320000052452087, 0.11600000411272049, 0.0, 0.9160000681877136, 0.0, 0.0, 0.0, 0.0, 0.0]",0.42500004172325134,0.5213333964347839,0.20833333333333334,0.38416666666666666,"[null, 0.04, 0.534, 0.183, 0.453, null, 0.96, 0.135, null, null]",0.3461666666666667,0.8125,0.8043333333333333,0.8206666666666667,"[null, 0.964, 0.73, 0.733, 0.768, null, 0.86, 0.82, null, null]",copy-a+mut2,74.3
905afff7,be2e50e9,3_5_6,3_6_7,"[0.0, 0.0, 0.0, 0.08700000494718552, 0.0, 0.026000000536441803, 0.9790000319480896, 0.0, 0.0, 0.0]","[0.0, 0.0, 0.0, 0.26100000739097595, 0.0, 0.0, 0.9020000696182251, 0.34200000762939453, 0.0, 0.0]",0.36399999260902405,0.5016667246818542,0.27525,0.372,"[null, null, null, 0.121, null, 0.026, 0.982, 0.0, null, null]",0.3095,0.7416666666666667,0.714,0.7693333333333333,"[null, null, null, 0.742, null, 0.578, 0.822, 0.744, null, null]",copy-a+mut2,73.3
905afff7,cb3a86af,3_5_6,1_6_7,"[0.0, 0.0, 0.0, 0.08700000494718552, 0.0, 0.026000000536441803, 0.9790000319480896, 0.0, 0.0, 0.0]","[0.0, 0.5400000214576721, 0.0, 0.0, 0.0, 0.0, 0.9630000591278076, 0.28700000047683716, 0.0, 0.0]",0.36399999260902405,0.5966666340827942,0.2008,0.352,"[null, 0.0, null, 0.087, null, 0.025, 1.0, 0.0, null, null]",0.167,0.8211666666666666,0.713,0.9293333333333333,"[null, 0.946, null, 0.457, null, 0.742, 0.94, 0.902, null, null]",copy-a+mut2,73.7
905afff7,d8bd0bc0,3_5_6,4_5_7,"[0.0, 0.0, 0.0, 0.08700000494718552, 0.0, 0.026000000536441803, 0.9790000319480896, 0.0, 0.0, 0.0]","[0.0, 0.0, 0.0, 0.0, 0.6810000538825989, 0.64000004529953, 0.0, 0.12700000405311584, 0.0, 0.0]",0.36399999260902405,0.4826667010784149,0.279,0.511,"[null, null, null, 0.087, 0.0, 1.0, 0.979, 0.0, null, null]",0.265,0.7003333333333333,0.6766666666666666,0.724,"[null, null, null, 0.392, 0.701, 0.826, 0.812, 0.645, null, null]",copy-a+mut2,73.6
905afff7,e1762771,3_5_6,1_2_4,"[0.0, 0.0, 0.0, 0.08700000494718552, 0.0, 0.026000000536441803, 0.9790000319480896, 0.0, 0.0, 0.0]","[0.0, 0.5320000052452087, 0.11600000411272049, 0.0, 0.9160000681877136, 0.0, 0.0, 0.0, 0.0, 0.0]",0.36399999260902405,0.5213333964347839,0.2115,0.295,"[null, 0.485, 0.193, 0.086, 0.0, 0.026, 0.98, null, null, null]",0.31266666666666665,0.7353333333333334,0.6623333333333333,0.8083333333333333,"[null, 0.968, 0.667, 0.499, 0.79, 0.646, 0.842, null, null, null]",copy-a+mut2,74.1
be2e50e9,cb3a86af,3_6_7,1_6_7,"[0.0, 0.0, 0.0, 0.26100000739097595, 0.0, 0.0, 0.9020000696182251, 0.34200000762939453, 0.0, 0.0]","[0.0, 0.5400000214576721, 0.0, 0.0, 0.0, 0.0, 0.9630000591278076, 0.28700000047683716, 0.0, 0.0]",0.5016667246818542,0.5966666340827942,0.3655,0.5105000000000001,"[null, 0.0, null, 0.261, null, null, 0.931, 0.47, null, null]",0.1645,0.8915,0.8573333333333333,0.9256666666666666,"[null, 0.931, null, 0.726, null, null, 0.957, 0.889, null, null]",copy-a+mut2,73.5
be2e50e9,d8bd0bc0,3_6_7,4_5_7,"[0.0, 0.0, 0.0, 0.26100000739097595, 0.0, 0.0, 0.9020000696182251, 0.34200000762939453, 0.0, 0.0]","[0.0, 0.0, 0.0, 0.0, 0.6810000538825989, 0.64000004529953, 0.0, 0.12700000405311584, 0.0, 0.0]",0.5016667246818542,0.4826667010784149,0.272,0.5275,"[null, null, null, 0.263, 0.0, 0.0, 0.902, 1.0, null, null]",0.2584,0.7478333333333333,0.7533333333333333,0.7423333333333333,"[null, null, null, 0.743, 0.712, 0.843, 0.845, 0.672, null, null]",copy-a+mut2,73.5
be2e50e9,e1762771,3_6_7,1_2_4,"[0.0, 0.0, 0.0, 0.26100000739097595, 0.0, 0.0, 0.9020000696182251, 0.34200000762939453, 0.0, 0.0]","[0.0, 0.5320000052452087, 0.11600000411272049, 0.0, 0.9160000681877136, 0.0, 0.0, 0.0, 0.0, 0.0]",0.5016667246818542,0.5213333964347839,0.24133333333333334,0.42416666666666664,"[null, 0.004, 0.079, 0.263, 0.955, null, 0.902, 0.342, null, null]",0.3265,0.8008333333333333,0.787,0.8146666666666667,"[null, 0.955, 0.76, 0.754, 0.729, null, 0.853, 0.754, null, null]",copy-a+mut2,74.2
cb3a86af,d8bd0bc0,1_6_7,4_5_7,"[0.0, 0.5400000214576721, 0.0, 0.0, 0.0, 0.0, 0.9630000591278076, 0.28700000047683716, 0.0, 0.0]","[0.0, 0.0, 0.0, 0.0, 0.6810000538825989, 0.64000004529953, 0.0, 0.12700000405311584, 0.0, 0.0]",0.5966666340827942,0.4826667010784149,0.3086,0.5838333333333333,"[null, 0.54, null, null, 0.0, 0.0, 0.963, 1.0, null, null]",0.3942,0.7861666666666667,0.8503333333333334,0.722,"[null, 0.947, null, null, 0.696, 0.822, 0.956, 0.648, null, null]",copy-a+mut2,73.6
cb3a86af,e1762771,1_6_7,1_2_4,"[0.0, 0.5400000214576721, 0.0, 0.0, 0.0, 0.0, 0.9630000591278076, 0.28700000047683716, 0.0, 0.0]","[0.0, 0.5320000052452087, 0.11600000411272049, 0.0, 0.9160000681877136, 0.0, 0.0, 0.0, 0.0, 0.0]",0.5966666340827942,0.5213333964347839,0.3,0.5606666666666666,"[null, 1.0, 0.0, null, 0.113, null, 0.963, 0.288, null, null]",0.3796,0.8761666666666668,0.934,0.8183333333333334,"[null, 0.97, 0.762, null, 0.723, null, 0.956, 0.876, null, null]",copy-a+mut2,73.7
d8bd0bc0,e1762771,4_5_7,1_2_4,"[0.0, 0.0, 0.0, 0.0, 0.6810000538825989, 0.64000004529953, 0.0, 0.12700000405311584, 0.0, 0.0]","[0.0, 0.5320000052452087, 0.11600000411272049, 0.0, 0.9160000681877136, 0.0, 0.0, 0.0, 0.0, 0.0]",0.4826667010784149,0.5213333964347839,0.1992,0.4611666666666666,"[null, 0.0, 0.0, null, 1.0, 0.64, null, 0.127, null, null]",0.1942,0.7723333333333333,0.733,0.8116666666666666,"[null, 0.962, 0.728, null, 0.745, 0.832, null, 0.622, null, null]",copy-a+mut2,73.6
