parent_a,parent_b,labels_a,labels_b,a_per_class,b_per_class,a_per_task,b_per_task,child_joint,child_per_task,child_task_a,child_task_b,child_per_class,regime,preset,eta,head,type_A,type_B,type_C,type_E,type_D_plus,type_D_minus,norm_ratio_min,norm_ratio_med,norm_ratio_max,typed_frac_mean,layers_analysed,merging_fn,population,core,time_s
0557a23d,1cb4346e,0_1_2_3_4_5_6_7_8_9,0_1_2_3_4_5_6_7_8_9,"[0.8170000314712524, 0.8870000243186951, 0.6700000166893005, 0.5550000071525574, 0.7800000309944153, 0.7520000338554382, 0.8460000157356262, 0.8300000429153442, 0.9000000357627869, 0.906000018119812]","[0.7560000419616699, 0.8680000305175781, 0.5790000557899475, 0.5830000042915344, 0.6770000457763672, 0.6690000295639038, 0.784000039100647, 0.737000048160553, 0.8540000319480896, 0.8450000286102295]",0.7943000197410583,0.735200047492981,0.5668,0.5693,0.5693,0.5693,"[0.818, 0.776, 0.508, 0.504, 0.518, 0.67, 0.343, 0.674, 0.149, 0.733]",average@0.80@label,average,0.8,label,0.0012684712783010304,0.016533620730777063,0.020539240996604632,0.49123682254121376,0.4518811419956657,0.018540702457437823,0.7096063028779639,0.7374880945156285,0.9203444085266042,0.7166449735141949,21,globa_v2,runs_exp2d/seed0/permute/gen_10,runs_ssl/simsiam_e50_seed0/backbone_e9.pth.tar,16.6
0557a23d,46599d7a,0_1_2_3_4_5_6_7_8_9,0_1_2_3_4_5_6_7_8_9,"[0.8170000314712524, 0.8870000243186951, 0.6700000166893005, 0.5550000071525574, 0.7800000309944153, 0.7520000338554382, 0.8460000157356262, 0.8300000429153442, 0.9000000357627869, 0.906000018119812]","[0.8080000281333923, 0.89000004529953, 0.6520000100135803, 0.5910000205039978, 0.7490000128746033, 0.7250000238418579, 0.8330000638961792, 0.8400000333786011, 0.9010000228881836, 0.8970000147819519]",0.7943000197410583,0.7886000871658325,0.5805,0.5831,0.5831,0.5831,"[0.82, 0.785, 0.589, 0.513, 0.471, 0.674, 0.302, 0.721, 0.218, 0.738]",average@0.80@label,average,0.8,label,0.0005947569126664618,0.013193081176532158,0.016701590024373908,0.48722594983411366,0.462473012829309,0.01981160922300477,0.7097137596360225,0.7367645327275487,0.954376418577007,0.7172871413839395,21,globa_v2,runs_exp2d/seed0/permute/gen_10,runs_ssl/simsiam_e50_seed0/backbone_e9.pth.tar,16.7
0557a23d,6bb13689,0_1_2_3_4_5_6_7_8_9,0_1_2_3_4_5_6_7_8_9,"[0.8170000314712524, 0.8870000243186951, 0.6700000166893005, 0.5550000071525574, 0.7800000309944153, 0.7520000338554382, 0.8460000157356262, 0.8300000429153442, 0.9000000357627869, 0.906000018119812]","[0.7950000166893005, 0.8990000486373901, 0.6850000619888306, 0.6430000066757202, 0.7890000343322754, 0.7190000414848328, 0.8330000638961792, 0.8250000476837158, 0.9030000567436218, 0.8820000290870667]",0.7943000197410583,0.7973000407218933,0.6468,0.648,0.648,0.648,"[0.747, 0.825, 0.655, 0.614, 0.638, 0.296, 0.589, 0.614, 0.668, 0.834]",average@0.80@label,average,0.8,label,0.002021052765416366,0.02221975039902479,0.025602572813436614,0.48822370343745103,0.44132743352939574,0.020605487055275443,0.7105936463414058,0.7381840079278517,0.940215794329217,0.7168701483323615,21,globa_v2,runs_exp2d/seed0/permute/gen_10,runs_ssl/simsiam_e50_seed0/backbone_e9.pth.tar,16.8
0557a23d,748f5653,0_1_2_3_4_5_6_7_8_9,0_1_2_3_4_5_6_7_8_9,"[0.8170000314712524, 0.8870000243186951, 0.6700000166893005, 0.5550000071525574, 0.7800000309944153, 0.7520000338554382, 0.8460000157356262, 0.8300000429153442, 0.9000000357627869, 0.906000018119812]","[0.8290000557899475, 0.9010000228881836, 0.6820000410079956, 0.6470000147819519, 0.7520000338554382, 0.7220000624656677, 0.8270000219345093, 0.8160000443458557, 0.8960000276565552, 0.8860000371932983]",0.7943000197410583,0.7958000898361206,0.6387,0.6414,0.6414,0.6414,"[0.756, 0.796, 0.677, 0.619, 0.586, 0.316, 0.592, 0.57, 0.659, 0.843]",average@0.80@label,average,0.8,label,0.0022978217672684586,0.023202251211637295,0.02680448167480921,0.477749016233739,0.44764942290261006,0.02229700620993602,0.7109082294092017,0.7392407119818963,0.940215794329217,0.7167884742210965,21,globa_v2,runs_exp2d/seed0/permute/gen_10,runs_ssl/simsiam_e50_seed0/backbone_e9.pth.tar,16.7
0557a23d,7585e4b6,0_1_2_3_4_5_6_7_8_9,0_1_2_3_4_5_6_7_8_9,"[0.8170000314712524, 0.8870000243186951, 0.6700000166893005, 0.5550000071525574, 0.7800000309944153, 0.7520000338554382, 0.8460000157356262, 0.8300000429153442, 0.9000000357627869, 0.906000018119812]","[0.7560000419616699, 0.8840000629425049, 0.5840000510215759, 0.597000002861023, 0.6550000309944153, 0.5980000495910645, 0.7930000424385071, 0.784000039100647, 0.8740000128746033, 0.8500000238418579]",0.7943000197410583,0.7375000715255737,0.5547,0.5565,0.5565,0.5565,"[0.816, 0.783, 0.485, 0.595, 0.455, 0.594, 0.307, 0.708, 0.115, 0.707]",average@0.80@label,average,0.8,label,0.0011215712056884075,0.016054411482362235,0.01957189994061191,0.48532517124013824,0.45757200519533464,0.020354940935864596,0.7096803869562743,0.73723918141817,0.9203444085266042,0.716640495563148,21,globa_v2,runs_exp2d/seed0/permute/gen_10,runs_ssl/simsiam_e50_seed0/backbone_e9.pth.tar,16.7
0557a23d,7c8a7d13,0_1_2_3_4_5_6_7_8_9,0_1_2_3_4_5_6_7_8_9,"[0.8170000314712524, 0.8870000243186951, 0.6700000166893005, 0.5550000071525574, 0.7800000309944153, 0.7520000338554382, 0.8460000157356262, 0.8300000429153442, 0.9000000357627869, 0.906000018119812]","[0.8110000491142273, 0.9010000228881836, 0.6840000152587891, 0.6080000400543213, 0.7830000519752502, 0.7010000348091125, 0.8170000314712524, 0.8340000510215759, 0.9170000553131104, 0.9000000357627869]",0.7943000197410583,0.7956000566482544,0.7995,0.7995,0.7995,0.7995,"[0.818, 0.901, 0.679, 0.582, 0.787, 0.734, 0.841, 0.834, 0.913, 0.906]",average@0.80@label,average,0.8,label,0.00014097469582646,7.496383770003328e-05,0.0,0.00942153276969084,0.9903624874665934,4.1230189139595784e-08,0.9920653318775906,0.9947865715482596,1.0000000000000004,0.719483619268225,21,globa_v2,runs_exp2d/seed0/permute/gen_10,runs_ssl/simsiam_e50_seed0/backbone_e9.pth.tar,16.8
0557a23d,b68a4723,0_1_2_3_4_5_6_7_8_9,0_1_2_3_4_5_6_7_8_9,"[0.8170000314712524, 0.8870000243186951, 0.6700000166893005, 0.5550000071525574, 0.7800000309944153, 0.7520000338554382, 0.8460000157356262, 0.8300000429153442, 0.9000000357627869, 0.906000018119812]","[0.7770000100135803, 0.8720000386238098, 0.5760000348091125, 0.5660000443458557, 0.6570000052452087, 0.675000011920929, 0.815000057220459, 0.7710000276565552, 0.8440000414848328, 0.843000054359436]",0.7943000197410583,0.7396000027656555,0.5628,0.565,0.565,0.565,"[0.833, 0.777, 0.507, 0.568, 0.496, 0.581, 0.327, 0.688, 0.125, 0.748]",average@0.80@label,average,0.8,label,0.0009333549885561785,0.014547071494634894,0.018650777174466428,0.4863649580355623,0.4596921256142507,0.019811712692529446,0.7096671205553023,0.7365479212448404,0.9203444085266042,0.7166997075284104,21,globa_v2,runs_exp2d/seed0/permute/gen_10,runs_ssl/simsiam_e50_seed0/backbone_e9.pth.tar,16.7
0557a23d,b894f055,0_1_2_3_4_5_6_7_8_9,0_1_2_3_4_5_6_7_8_9,"[0.8170000314712524, 0.8870000243186951, 0.6700000166893005, 0.5550000071525574, 0.7800000309944153, 0.7520000338554382, 0.8460000157356262, 0.8300000429153442, 0.9000000357627869, 0.906000018119812]","[0.8050000667572021, 0.8960000276565552, 0.6540000438690186, 0.5840000510215759, 0.7520000338554382, 0.7490000128746033, 0.8190000653266907, 0.8030000329017639, 0.8940000534057617, 0.8540000319480896]",0.7943000197410583,0.781000018119812,0.5779,0.5789,0.5789,0.5789,"[0.829, 0.766, 0.526, 0.553, 0.512, 0.675, 0.279, 0.682, 0.245, 0.722]",average@0.80@label,average,0.8,label,0.0006174424142778048,0.01215910529670417,0.01886638820689112,0.48786390650616296,0.46143729279877793,0.019055864777186002,0.7095916687594741,0.7369584688847606,0.954376418577007,0.7172131933258266,21,globa_v2,runs_exp2d/seed0/permute/gen_10,runs_ssl/simsiam_e50_seed0/backbone_e9.pth.tar,16.6
0557a23d,dd858a3f,0_1_2_3_4_5_6_7_8_9,0_1_2_3_4_5_6_7_8_9,"[0.8170000314712524, 0.8870000243186951, 0.6700000166893005, 0.5550000071525574, 0.7800000309944153, 0.7520000338554382, 0.8460000157356262, 0.8300000429153442, 0.9000000357627869, 0.906000018119812]","[0.7550000548362732, 0.8750000596046448, 0.593000054359436, 0.609000027179718, 0.6460000276565552, 0.6070000529289246, 0.8080000281333923, 0.7850000262260437, 0.8760000467300415, 0.8240000605583191]",0.7943000197410583,0.7378000020980835,0.5599,0.5626,0.5626,0.5626,"[0.816, 0.789, 0.501, 0.604, 0.47, 0.571, 0.328, 0.69, 0.141, 0.716]",average@0.80@label,average,0.8,label,0.0014800225292572278,0.014419792866741542,0.018753401499755983,0.49014940662429074,0.4556492676658728,0.019548108814081613,0.7098620273445456,0.7369227122761643,0.9203444085266042,0.7166331019153441,21,globa_v2,runs_exp2d/seed0/permute/gen_10,runs_ssl/simsiam_e50_seed0/backbone_e9.pth.tar,16.7
1cb4346e,46599d7a,0_1_2_3_4_5_6_7_8_9,0_1_2_3_4_5_6_7_8_9,"[0.7560000419616699, 0.8680000305175781, 0.5790000557899475, 0.5830000042915344, 0.6770000457763672, 0.6690000295639038, 0.784000039100647, 0.737000048160553, 0.8540000319480896, 0.8450000286102295]","[0.8080000281333923, 0.89000004529953, 0.6520000100135803, 0.5910000205039978, 0.7490000128746033, 0.7250000238418579, 0.8330000638961792, 0.8400000333786011, 0.9010000228881836, 0.8970000147819519]",0.735200047492981,0.7886000871658325,0.7727,0.7732,0.7732,0.7732,"[0.8, 0.9, 0.615, 0.59, 0.741, 0.719, 0.798, 0.792, 0.889, 0.888]",average@0.80@label,average,0.8,label,0.0005030771509829219,0.00011416281118165899,0.00014750216596991805,0.020039806181447472,0.9791934773782458,1.9743121719789377e-06,0.9396995642589749,0.9700459303892384,0.9814100180811207,0.7187374978699248,21,globa_v2,runs_exp2d/seed0/permute/gen_10,runs_ssl/simsiam_e50_seed0/backbone_e9.pth.tar,16.9
1cb4346e,6bb13689,0_1_2_3_4_5_6_7_8_9,0_1_2_3_4_5_6_7_8_9,"[0.7560000419616699, 0.8680000305175781, 0.5790000557899475, 0.5830000042915344, 0.6770000457763672, 0.6690000295639038, 0.784000039100647, 0.737000048160553, 0.8540000319480896, 0.8450000286102295]","[0.7950000166893005, 0.8990000486373901, 0.6850000619888306, 0.6430000066757202, 0.7890000343322754, 0.7190000414848328, 0.8330000638961792, 0.8250000476837158, 0.9030000567436218, 0.8820000290870667]",0.735200047492981,0.7973000407218933,0.5652,0.5657,0.5657,0.5657,"[0.219, 0.773, 0.401, 0.321, 0.577, 0.842, 0.435, 0.536, 0.74, 0.813]",average@0.80@label,average,0.8,label,0.0037575104168081474,0.031367961195542735,0.037048806594658874,0.45883899366381503,0.4479105186222885,0.02107620950688663,0.7111102873581365,0.7446786658443258,0.9082029351779309,0.7168476786545886,21,globa_v2,runs_exp2d/seed0/permute/gen_10,runs_ssl/simsiam_e50_seed0/backbone_e9.pth.tar,16.6
1cb4346e,748f5653,0_1_2_3_4_5_6_7_8_9,0_1_2_3_4_5_6_7_8_9,"[0.7560000419616699, 0.8680000305175781, 0.5790000557899475, 0.5830000042915344, 0.6770000457763672, 0.6690000295639038, 0.784000039100647, 0.737000048160553, 0.8540000319480896, 0.8450000286102295]","[0.8290000557899475, 0.9010000228881836, 0.6820000410079956, 0.6470000147819519, 0.7520000338554382, 0.7220000624656677, 0.8270000219345093, 0.8160000443458557, 0.8960000276565552, 0.8860000371932983]",0.735200047492981,0.7958000898361206,0.5588,0.5583,0.5583,0.5583,"[0.202, 0.723, 0.395, 0.281, 0.52, 0.873, 0.491, 0.513, 0.762, 0.823]",average@0.80@label,average,0.8,label,0.003685390660662967,0.03115991972369067,0.039405386273834234,0.45570408198618745,0.4500358047502981,0.02000941660532662,0.7112494521221456,0.743876611670438,0.9082029351779309,0.7166035177461666,21,globa_v2,runs_exp2d/seed0/permute/gen_10,runs_ssl/simsiam_e50_seed0/backbone_e9.pth.tar,16.8
1cb4346e,7585e4b6,0_1_2_3_4_5_6_7_8_9,0_1_2_3_4_5_6_7_8_9,"[0.7560000419616699, 0.8680000305175781, 0.5790000557899475, 0.5830000042915344, 0.6770000457763672, 0.6690000295639038, 0.784000039100647, 0.737000048160553, 0.8540000319480896, 0.8450000286102295]","[0.7560000419616699, 0.8840000629425049, 0.5840000510215759, 0.597000002861023, 0.6550000309944153, 0.5980000495910645, 0.7930000424385071, 0.784000039100647, 0.8740000128746033, 0.8500000238418579]",0.735200047492981,0.7375000715255737,0.7434,0.7432,0.7432,0.7432,"[0.762, 0.881, 0.591, 0.593, 0.672, 0.642, 0.8, 0.763, 0.876, 0.852]",average@0.80@label,average,0.8,label,0.00023613301814719273,8.7542713331477e-05,0.00021328654882136743,0.012323449897999288,0.9871393780061914,2.0981550919611308e-07,0.9862650637099352,0.9904251355740071,1.0000000000000007,0.7195417085620486,21,globa_v2,runs_exp2d/seed0/permute/gen_10,runs_ssl/simsiam_e50_seed0/backbone_e9.pth.tar,16.7
1cb4346e,7c8a7d13,0_1_2_3_4_5_6_7_8_9,0_1_2_3_4_5_6_7_8_9,"[0.7560000419616699, 0.8680000305175781, 0.5790000557899475, 0.5830000042915344, 0.6770000457763672, 0.6690000295639038, 0.784000039100647, 0.737000048160553, 0.8540000319480896, 0.8450000286102295]","[0.8110000491142273, 0.9010000228881836, 0.6840000152587891, 0.6080000400543213, 0.7830000519752502, 0.7010000348091125, 0.8170000314712524, 0.8340000510215759, 0.9170000553131104, 0.9000000357627869]",0.735200047492981,0.7956000566482544,0.5647,0.567,0.567,0.567,"[0.842, 0.788, 0.521, 0.579, 0.483, 0.592, 0.354, 0.654, 0.144, 0.713]",average@0.80@label,average,0.8,label,0.0015189030948058585,0.016989861484044372,0.021130884227955754,0.48486953976302993,0.45615813515532855,0.01933267627483571,0.7098104486902368,0.7374079614897358,0.9203444085266042,0.7167130019373151,21,globa_v2,runs_exp2d/seed0/permute/gen_10,runs_ssl/simsiam_e50_seed0/backbone_e9.pth.tar,16.8
1cb4346e,b68a4723,0_1_2_3_4_5_6_7_8_9,0_1_2_3_4_5_6_7_8_9,"[0.7560000419616699, 0.8680000305175781, 0.5790000557899475, 0.5830000042915344, 0.6770000457763672, 0.6690000295639038, 0.784000039100647, 0.737000048160553, 0.8540000319480896, 0.8450000286102295]","[0.7770000100135803, 0.8720000386238098, 0.5760000348091125, 0.5660000443458557, 0.6570000052452087, 0.675000011920929, 0.815000057220459, 0.7710000276565552, 0.8440000414848328, 0.843000054359436]",0.735200047492981,0.7396000027656555,0.741,0.7408,0.7408,0.7408,"[0.779, 0.87, 0.579, 0.571, 0.664, 0.677, 0.804, 0.759, 0.858, 0.847]",average@0.80@label,average,0.8,label,0.0002147156671582078,2.8177366877056575e-05,3.645800936787419e-06,0.008521460113597624,0.9912319461782224,5.48732078609822e-08,0.9922319931392759,0.9949062675919129,1.0000000000000007,0.719844908823244,21,globa_v2,runs_exp2d/seed0/permute/gen_10,runs_ssl/simsiam_e50_seed0/backbone_e9.pth.tar,17.0
1cb4346e,b894f055,0_1_2_3_4_5_6_7_8_9,0_1_2_3_4_5_6_7_8_9,"[0.7560000419616699, 0.8680000305175781, 0.5790000557899475, 0.5830000042915344, 0.6770000457763672, 0.6690000295639038, 0.784000039100647, 0.737000048160553, 0.8540000319480896, 0.8450000286102295]","[0.8050000667572021, 0.8960000276565552, 0.6540000438690186, 0.5840000510215759, 0.7520000338554382, 0.7490000128746033, 0.8190000653266907, 0.8030000329017639, 0.8940000534057617, 0.8540000319480896]",0.735200047492981,0.781000018119812,0.7703,0.7704,0.7704,0.7704,"[0.8, 0.899, 0.634, 0.604, 0.721, 0.724, 0.782, 0.787, 0.887, 0.866]",average@0.80@label,average,0.8,label,0.0005853014790065487,0.00012878458223662567,6.487526577219553e-05,0.020282692993713543,0.9789350366523653,3.309026905642659e-06,0.9396995642589749,0.9703856368706679,0.9812539524608385,0.718602064311247,21,globa_v2,runs_exp2d/seed0/permute/gen_10,runs_ssl/simsiam_e50_seed0/backbone_e9.pth.tar,17.0
1cb4346e,dd858a3f,0_1_2_3_4_5_6_7_8_9,0_1_2_3_4_5_6_7_8_9,"[0.7560000419616699, 0.8680000305175781, 0.5790000557899475, 0.5830000042915344, 0.6770000457763672, 0.6690000295639038, 0.784000039100647, 0.737000048160553, 0.8540000319480896, 0.8450000286102295]","[0.7550000548362732, 0.8750000596046448, 0.593000054359436, 0.609000027179718, 0.6460000276565552, 0.6070000529289246, 0.8080000281333923, 0.7850000262260437, 0.8760000467300415, 0.8240000605583191]",0.735200047492981,0.7378000020980835,0.7406,0.7414,0.7414,0.7414,"[0.759, 0.878, 0.594, 0.601, 0.662, 0.648, 0.793, 0.767, 0.873, 0.839]",average@0.80@label,average,0.8,label,0.0002523187110355984,0.00031876972866265083,0.00024306731492940457,0.011410889756824947,0.9877748130795672,1.4140898008852762e-07,0.986289726390873,0.9909062740786796,1.0000000000000007,0.7195113257377468,21,globa_v2,runs_exp2d/seed0/permute/gen_10,runs_ssl/simsiam_e50_seed0/backbone_e9.pth.tar,16.8
46599d7a,6bb13689,0_1_2_3_4_5_6_7_8_9,0_1_2_3_4_5_6_7_8_9,"[0.8080000281333923, 0.89000004529953, 0.6520000100135803, 0.5910000205039978, 0.7490000128746033, 0.7250000238418579, 0.8330000638961792, 0.8400000333786011, 0.9010000228881836, 0.8970000147819519]","[0.7950000166893005, 0.8990000486373901, 0.6850000619888306, 0.6430000066757202, 0.7890000343322754, 0.7190000414848328, 0.8330000638961792, 0.8250000476837158, 0.9030000567436218, 0.8820000290870667]",0.7886000871658325,0.7973000407218933,0.5868,0.586,0.586,0.586,"[0.254, 0.844, 0.392, 0.331, 0.622, 0.844, 0.417, 0.618, 0.75, 0.788]",average@0.80@label,average,0.8,label,0.0033556283856464647,0.030106289529484777,0.035832339480831706,0.4607928858451595,0.45008094079619926,0.01983191596267838,0.710905529711627,0.7443760565124187,0.9356156041325677,0.7167476651535662,21,globa_v2,runs_exp2d/seed0/permute/gen_10,runs_ssl/simsiam_e50_seed0/backbone_e9.pth.tar,16.8
46599d7a,748f5653,0_1_2_3_4_5_6_7_8_9,0_1_2_3_4_5_6_7_8_9,"[0.8080000281333923, 0.89000004529953, 0.6520000100135803, 0.5910000205039978, 0.7490000128746033, 0.7250000238418579, 0.8330000638961792, 0.8400000333786011, 0.9010000228881836, 0.8970000147819519]","[0.8290000557899475, 0.9010000228881836, 0.6820000410079956, 0.6470000147819519, 0.7520000338554382, 0.7220000624656677, 0.8270000219345093, 0.8160000443458557, 0.8960000276565552, 0.8860000371932983]",0.7886000871658325,0.7958000898361206,0.5785,0.5784,0.5784,0.5784,"[0.235, 0.817, 0.387, 0.29, 0.568, 0.869, 0.452, 0.598, 0.761, 0.807]",average@0.80@label,average,0.8,label,0.0040911140616943205,0.03230213445257576,0.03596613929369524,0.4570442804404219,0.4516561598151777,0.018940171936435123,0.7111020185685063,0.7435933875768208,0.9356156041325677,0.7167264662885132,21,globa_v2,runs_exp2d/seed0/permute/gen_10,runs_ssl/simsiam_e50_seed0/backbone_e9.pth.tar,16.9
46599d7a,7585e4b6,0_1_2_3_4_5_6_7_8_9,0_1_2_3_4_5_6_7_8_9,"[0.8080000281333923, 0.89000004529953, 0.6520000100135803, 0.5910000205039978, 0.7490000128746033, 0.7250000238418579, 0.8330000638961792, 0.8400000333786011, 0.9010000228881836, 0.8970000147819519]","[0.7560000419616699, 0.8840000629425049, 0.5840000510215759, 0.597000002861023, 0.6550000309944153, 0.5980000495910645, 0.7930000424385071, 0.784000039100647, 0.8740000128746033, 0.8500000238418579]",0.7886000871658325,0.7375000715255737,0.7735,0.7739,0.7739,0.7739,"[0.788, 0.904, 0.633, 0.609, 0.726, 0.678, 0.81, 0.815, 0.893, 0.883]",average@0.80@label,average,0.8,label,0.0004002164633327799,0.0002161554481552365,0.00021330971601987085,0.02071234092272492,0.9784555612854652,2.41616430212575e-06,0.9396995642589749,0.9696957987166663,0.9813244637532132,0.7186163608117755,21,globa_v2,runs_exp2d/seed0/permute/gen_10,runs_ssl/simsiam_e50_seed0/backbone_e9.pth.tar,16.7
46599d7a,7c8a7d13,0_1_2_3_4_5_6_7_8_9,0_1_2_3_4_5_6_7_8_9,"[0.8080000281333923, 0.89000004529953, 0.6520000100135803, 0.5910000205039978, 0.7490000128746033, 0.7250000238418579, 0.8330000638961792, 0.8400000333786011, 0.9010000228881836, 0.8970000147819519]","[0.8110000491142273, 0.9010000228881836, 0.6840000152587891, 0.6080000400543213, 0.7830000519752502, 0.7010000348091125, 0.8170000314712524, 0.8340000510215759, 0.9170000553131104, 0.9000000357627869]",0.7886000871658325,0.7956000566482544,0.5817,0.5841,0.5841,0.5841,"[0.836, 0.797, 0.602, 0.579, 0.444, 0.623, 0.318, 0.718, 0.214, 0.71]",average@0.80@label,average,0.8,label,0.000799669365255678,0.013488420761270582,0.016050171607776383,0.4886371192500233,0.4600330928911726,0.020991526124501378,0.7098884336563004,0.7368077966201373,0.9543764185770071,0.7173919937586627,21,globa_v2,runs_exp2d/seed0/permute/gen_10,runs_ssl/simsiam_e50_seed0/backbone_e9.pth.tar,16.8
46599d7a,b68a4723,0_1_2_3_4_5_6_7_8_9,0_1_2_3_4_5_6_7_8_9,"[0.8080000281333923, 0.89000004529953, 0.6520000100135803, 0.5910000205039978, 0.7490000128746033, 0.7250000238418579, 0.8330000638961792, 0.8400000333786011, 0.9010000228881836, 0.8970000147819519]","[0.7770000100135803, 0.8720000386238098, 0.5760000348091125, 0.5660000443458557, 0.6570000052452087, 0.675000011920929, 0.815000057220459, 0.7710000276565552, 0.8440000414848328, 0.843000054359436]",0.7886000871658325,0.7396000027656555,0.7733,0.7731,0.7731,0.7731,"[0.8, 0.897, 0.619, 0.585, 0.716, 0.716, 0.818, 0.811, 0.884, 0.885]",average@0.80@label,average,0.8,label,0.0002848281906239148,0.00020556649518434816,0.00018287096124129266,0.020273539362028286,0.9790498845344145,3.3104565075553243e-06,0.9396995642589754,0.9704030996774566,0.9812247622471841,0.7186141524705507,21,globa_v2,runs_exp2d/seed0/permute/gen_10,runs_ssl/simsiam_e50_seed0/backbone_e9.pth.tar,16.7
46599d7a,b894f055,0_1_2_3_4_5_6_7_8_9,0_1_2_3_4_5_6_7_8_9,"[0.8080000281333923, 0.89000004529953, 0.6520000100135803, 0.5910000205039978, 0.7490000128746033, 0.7250000238418579, 0.8330000638961792, 0.8400000333786011, 0.9010000228881836, 0.8970000147819519]","[0.8050000667572021, 0.8960000276565552, 0.6540000438690186, 0.5840000510215759, 0.7520000338554382, 0.7490000128746033, 0.8190000653266907, 0.8030000329017639, 0.8940000534057617, 0.8540000319480896]",0.7886000871658325,0.781000018119812,0.7893,0.7899,0.7899,0.7899,"[0.811, 0.895, 0.659, 0.601, 0.755, 0.743, 0.828, 0.825, 0.902, 0.88]",average@0.80@label,average,0.8,label,4.0626927167251544e-05,0.00017684702633749338,7.70496047888131e-05,0.00871782262922181,0.9909875626366433,9.117584119868242e-08,0.9922129264990032,0.9950509804807884,1.0000000000000002,0.7174945366165276,21,globa_v2,runs_exp2d/seed0/permute/gen_10,runs_ssl/simsiam_e50_seed0/backbone_e9.pth.tar,16.7
46599d7a,dd858a3f,0_1_2_3_4_5_6_7_8_9,0_1_2_3_4_5_6_7_8_9,"[0.8080000281333923, 0.89000004529953, 0.6520000100135803, 0.5910000205039978, 0.7490000128746033, 0.7250000238418579, 0.8330000638961792, 0.8400000333786011, 0.9010000228881836, 0.8970000147819519]","[0.7550000548362732, 0.8750000596046448, 0.593000054359436, 0.609000027179718, 0.6460000276565552, 0.6070000529289246, 0.8080000281333923, 0.7850000262260437, 0.8760000467300415, 0.8240000605583191]",0.7886000871658325,0.7378000020980835,0.7714,0.7719,0.7719,0.7719,"[0.785, 0.901, 0.621, 0.617, 0.716, 0.681, 0.811, 0.815, 0.89, 0.882]",average@0.80@label,average,0.8,label,0.000299241646894292,0.00011325568282936517,5.379115864185606e-05,0.019491930677741787,0.9800389582512522,2.822582640693095e-06,0.9396995642589754,0.9702345945701848,0.981731990683813,0.7183335415642734,21,globa_v2,runs_exp2d/seed0/permute/gen_10,runs_ssl/simsiam_e50_seed0/backbone_e9.pth.tar,16.7
6bb13689,748f5653,0_1_2_3_4_5_6_7_8_9,0_1_2_3_4_5_6_7_8_9,"[0.7950000166893005, 0.8990000486373901, 0.6850000619888306, 0.6430000066757202, 0.7890000343322754, 0.7190000414848328, 0.8330000638961792, 0.8250000476837158, 0.9030000567436218, 0.8820000290870667]","[0.8290000557899475, 0.9010000228881836, 0.6820000410079956, 0.6470000147819519, 0.7520000338554382, 0.7220000624656677, 0.8270000219345093, 0.8160000443458557, 0.8960000276565552, 0.8860000371932983]",0.7973000407218933,0.7958000898361206,0.7996,0.7992,0.7992,0.7992,"[0.809, 0.898, 0.691, 0.641, 0.777, 0.731, 0.829, 0.82, 0.904, 0.892]",average@0.80@label,average,0.8,label,0.0001781237273040326,0.0002077606200297642,2.0556881602600175e-05,0.009171994247352109,0.9904214320114832,1.3251222826368884e-07,0.9915706682173194,0.9948146705879672,1.0000000000000004,0.7177592753931992,21,globa_v2,runs_exp2d/seed0/permute/gen_10,runs_ssl/simsiam_e50_seed0/backbone_e9.pth.tar,16.8
6bb13689,7585e4b6,0_1_2_3_4_5_6_7_8_9,0_1_2_3_4_5_6_7_8_9,"[0.7950000166893005, 0.8990000486373901, 0.6850000619888306, 0.6430000066757202, 0.7890000343322754, 0.7190000414848328, 0.8330000638961792, 0.8250000476837158, 0.9030000567436218, 0.8820000290870667]","[0.7560000419616699, 0.8840000629425049, 0.5840000510215759, 0.597000002861023, 0.6550000309944153, 0.5980000495910645, 0.7930000424385071, 0.784000039100647, 0.8740000128746033, 0.8500000238418579]",0.7973000407218933,0.7375000715255737,0.5795,0.5801,0.5801,0.5801,"[0.223, 0.783, 0.382, 0.375, 0.592, 0.806, 0.479, 0.6, 0.753, 0.808]",average@0.80@label,average,0.8,label,0.0036750384304052057,0.02974461757687796,0.03624437787522068,0.4699713200899005,0.43999321564134003,0.020371430386255426,0.710837549025607,0.7446200654151433,0.9082029351779309,0.7168733711801694,21,globa_v2,runs_exp2d/seed0/permute/gen_10,runs_ssl/simsiam_e50_seed0/backbone_e9.pth.tar,16.6
6bb13689,7c8a7d13,0_1_2_3_4_5_6_7_8_9,0_1_2_3_4_5_6_7_8_9,"[0.7950000166893005, 0.8990000486373901, 0.6850000619888306, 0.6430000066757202, 0.7890000343322754, 0.7190000414848328, 0.8330000638961792, 0.8250000476837158, 0.9030000567436218, 0.8820000290870667]","[0.8110000491142273, 0.9010000228881836, 0.6840000152587891, 0.6080000400543213, 0.7830000519752502, 0.7010000348091125, 0.8170000314712524, 0.8340000510215759, 0.9170000553131104, 0.9000000357627869]",0.7973000407218933,0.7956000566482544,0.6467,0.6488,0.6488,0.6488,"[0.761, 0.847, 0.677, 0.644, 0.598, 0.238, 0.611, 0.633, 0.677, 0.802]",average@0.80@label,average,0.8,label,0.0018249535084191365,0.02205422338189487,0.024110975379555755,0.48593974457569605,0.44537393209177495,0.020696171062659058,0.7110416852301183,0.7385558648619569,0.940215794329217,0.7170235083337135,21,globa_v2,runs_exp2d/seed0/permute/gen_10,runs_ssl/simsiam_e50_seed0/backbone_e9.pth.tar,16.7
6bb13689,b68a4723,0_1_2_3_4_5_6_7_8_9,0_1_2_3_4_5_6_7_8_9,"[0.7950000166893005, 0.8990000486373901, 0.6850000619888306, 0.6430000066757202, 0.7890000343322754, 0.7190000414848328, 0.8330000638961792, 0.8250000476837158, 0.9030000567436218, 0.8820000290870667]","[0.7770000100135803, 0.8720000386238098, 0.5760000348091125, 0.5660000443458557, 0.6570000052452087, 0.675000011920929, 0.815000057220459, 0.7710000276565552, 0.8440000414848328, 0.843000054359436]",0.7973000407218933,0.7396000027656555,0.5734,0.5737,0.5737,0.5737,"[0.26, 0.786, 0.408, 0.348, 0.575, 0.823, 0.434, 0.568, 0.72, 0.815]",average@0.80@label,average,0.8,label,0.0036996854216880676,0.02876582635158207,0.03728720026478078,0.466984918430515,0.4443608500162734,0.01890151951516069,0.7112079538919461,0.7441203431999246,0.9082029351779309,0.7168752048475364,21,globa_v2,runs_exp2d/seed0/permute/gen_10,runs_ssl/simsiam_e50_seed0/backbone_e9.pth.tar,16.6
6bb13689,b894f055,0_1_2_3_4_5_6_7_8_9,0_1_2_3_4_5_6_7_8_9,"[0.7950000166893005, 0.8990000486373901, 0.6850000619888306, 0.6430000066757202, 0.7890000343322754, 0.7190000414848328, 0.8330000638961792, 0.8250000476837158, 0.9030000567436218, 0.8820000290870667]","[0.8050000667572021, 0.8960000276565552, 0.6540000438690186, 0.5840000510215759, 0.7520000338554382, 0.7490000128746033, 0.8190000653266907, 0.8030000329017639, 0.8940000534057617, 0.8540000319480896]",0.7973000407218933,0.781000018119812,0.5889,0.5892,0.5892,0.5892,"[0.269, 0.852, 0.397, 0.373, 0.604, 0.834, 0.439, 0.591, 0.743, 0.79]",average@0.80@label,average,0.8,label,0.003615739153253952,0.02830796403693863,0.036350514793323935,0.4555157434765538,0.45722666784274146,0.01898337069718832,0.7111521105995198,0.7444580436535516,0.9356156041325677,0.7166862452228154,21,globa_v2,runs_exp2d/seed0/permute/gen_10,runs_ssl/simsiam_e50_seed0/backbone_e9.pth.tar,16.7
6bb13689,dd858a3f,0_1_2_3_4_5_6_7_8_9,0_1_2_3_4_5_6_7_8_9,"[0.7950000166893005, 0.8990000486373901, 0.6850000619888306, 0.6430000066757202, 0.7890000343322754, 0.7190000414848328, 0.8330000638961792, 0.8250000476837158, 0.9030000567436218, 0.8820000290870667]","[0.7550000548362732, 0.8750000596046448, 0.593000054359436, 0.609000027179718, 0.6460000276565552, 0.6070000529289246, 0.8080000281333923, 0.7850000262260437, 0.8760000467300415, 0.8240000605583191]",0.7973000407218933,0.7378000020980835,0.58,0.5806,0.5806,0.5806,"[0.228, 0.792, 0.396, 0.362, 0.594, 0.829, 0.429, 0.613, 0.747, 0.816]",average@0.80@label,average,0.8,label,0.003724505900304229,0.02945489354369244,0.03613080841371649,0.4662023054368541,0.444925703670186,0.019561783035246517,0.7107799050389653,0.7449194962237943,0.9082029351779309,0.7168957720088714,21,globa_v2,runs_exp2d/seed0/permute/gen_10,runs_ssl/simsiam_e50_seed0/backbone_e9.pth.tar,16.7
748f5653,7585e4b6,0_1_2_3_4_5_6_7_8_9,0_1_2_3_4_5_6_7_8_9,"[0.8290000557899475, 0.9010000228881836, 0.6820000410079956, 0.6470000147819519, 0.7520000338554382, 0.7220000624656677, 0.8270000219345093, 0.8160000443458557, 0.8960000276565552, 0.8860000371932983]","[0.7560000419616699, 0.8840000629425049, 0.5840000510215759, 0.597000002861023, 0.6550000309944153, 0.5980000495910645, 0.7930000424385071, 0.784000039100647, 0.8740000128746033, 0.8500000238418579]",0.7958000898361206,0.7375000715255737,0.5743,0.5729,0.5729,0.5729,"[0.205, 0.742, 0.371, 0.333, 0.542, 0.838, 0.522, 0.587, 0.771, 0.818]",average@0.80@label,average,0.8,label,0.00377848814631493,0.03095549006275915,0.037962785410232104,0.4578960473661562,0.44825980021082507,0.02114738880371261,0.7109869139109758,0.7438118714981263,0.9082029351779309,0.7168417169598271,21,globa_v2,runs_exp2d/seed0/permute/gen_10,runs_ssl/simsiam_e50_seed0/backbone_e9.pth.tar,16.8
748f5653,7c8a7d13,0_1_2_3_4_5_6_7_8_9,0_1_2_3_4_5_6_7_8_9,"[0.8290000557899475, 0.9010000228881836, 0.6820000410079956, 0.6470000147819519, 0.7520000338554382, 0.7220000624656677, 0.8270000219345093, 0.8160000443458557, 0.8960000276565552, 0.8860000371932983]","[0.8110000491142273, 0.9010000228881836, 0.6840000152587891, 0.6080000400543213, 0.7830000519752502, 0.7010000348091125, 0.8170000314712524, 0.8340000510215759, 0.9170000553131104, 0.9000000357627869]",0.7958000898361206,0.7956000566482544,0.6343,0.6363,0.6363,0.6363,"[0.766, 0.808, 0.692, 0.633, 0.548, 0.242, 0.612, 0.584, 0.664, 0.814]",average@0.80@label,average,0.8,label,0.0019679575668788136,0.021894823194856226,0.025874910003590528,0.4925591375876745,0.43606461752187964,0.021638554125120352,0.7113233447138405,0.7394448714738883,0.940215794329217,0.716825698681124,21,globa_v2,runs_exp2d/seed0/permute/gen_10,runs_ssl/simsiam_e50_seed0/backbone_e9.pth.tar,16.8
748f5653,b68a4723,0_1_2_3_4_5_6_7_8_9,0_1_2_3_4_5_6_7_8_9,"[0.8290000557899475, 0.9010000228881836, 0.6820000410079956, 0.6470000147819519, 0.7520000338554382, 0.7220000624656677, 0.8270000219345093, 0.8160000443458557, 0.8960000276565552, 0.8860000371932983]","[0.7770000100135803, 0.8720000386238098, 0.5760000348091125, 0.5660000443458557, 0.6570000052452087, 0.675000011920929, 0.815000057220459, 0.7710000276565552, 0.8440000414848328, 0.843000054359436]",0.7958000898361206,0.7396000027656555,0.5669,0.5657,0.5657,0.5657,"[0.246, 0.741, 0.392, 0.319, 0.52, 0.85, 0.478, 0.548, 0.745, 0.818]",average@0.80@label,average,0.8,label,0.0038464012778126966,0.029936884454971894,0.04059960471448985,0.46004420829344744,0.4431523340713541,0.022420567187923998,0.7113655977236626,0.7432782508688495,0.9082029351779309,0.7166774808958384,21,globa_v2,runs_exp2d/seed0/permute/gen_10,runs_ssl/simsiam_e50_seed0/backbone_e9.pth.tar,16.8
748f5653,b894f055,0_1_2_3_4_5_6_7_8_9,0_1_2_3_4_5_6_7_8_9,"[0.8290000557899475, 0.9010000228881836, 0.6820000410079956, 0.6470000147819519, 0.7520000338554382, 0.7220000624656677, 0.8270000219345093, 0.8160000443458557, 0.8960000276565552, 0.8860000371932983]","[0.8050000667572021, 0.8960000276565552, 0.6540000438690186, 0.5840000510215759, 0.7520000338554382, 0.7490000128746033, 0.8190000653266907, 0.8030000329017639, 0.8940000534057617, 0.8540000319480896]",0.7958000898361206,0.781000018119812,0.5786,0.5776,0.5776,0.5776,"[0.25, 0.821, 0.386, 0.311, 0.542, 0.859, 0.486, 0.563, 0.757, 0.801]",average@0.80@label,average,0.8,label,0.0035448312591306714,0.029781070249992173,0.03831247290465574,0.45345469799924737,0.453583498801065,0.021323428785909038,0.7113329240131645,0.7435793195572924,0.9356156041325677,0.7166640149736545,21,globa_v2,runs_exp2d/seed0/permute/gen_10,runs_ssl/simsiam_e50_seed0/backbone_e9.pth.tar,16.8
748f5653,dd858a3f,0_1_2_3_4_5_6_7_8_9,0_1_2_3_4_5_6_7_8_9,"[0.8290000557899475, 0.9010000228881836, 0.6820000410079956, 0.6470000147819519, 0.7520000338554382, 0.7220000624656677, 0.8270000219345093, 0.8160000443458557, 0.8960000276565552, 0.8860000371932983]","[0.7550000548362732, 0.8750000596046448, 0.593000054359436, 0.609000027179718, 0.6460000276565552, 0.6070000529289246, 0.8080000281333923, 0.7850000262260437, 0.8760000467300415, 0.8240000605583191]",0.7958000898361206,0.7378000020980835,0.571,0.5691,0.5691,0.5691,"[0.224, 0.755, 0.377, 0.305, 0.547, 0.85, 0.472, 0.58, 0.766, 0.815]",average@0.80@label,average,0.8,label,0.0036460169415655505,0.030814492268920444,0.03660955621422295,0.46617156897278983,0.4433059957403796,0.0194523698621217,0.7110033326633147,0.7442171202525455,0.9082029351779309,0.7168221075599496,21,globa_v2,runs_exp2d/seed0/permute/gen_10,runs_ssl/simsiam_e50_seed0/backbone_e9.pth.tar,16.7
7585e4b6,7c8a7d13,0_1_2_3_4_5_6_7_8_9,0_1_2_3_4_5_6_7_8_9,"[0.7560000419616699, 0.8840000629425049, 0.5840000510215759, 0.597000002861023, 0.6550000309944153, 0.5980000495910645, 0.7930000424385071, 0.784000039100647, 0.8740000128746033, 0.8500000238418579]","[0.8110000491142273, 0.9010000228881836, 0.6840000152587891, 0.6080000400543213, 0.7830000519752502, 0.7010000348091125, 0.8170000314712524, 0.8340000510215759, 0.9170000553131104, 0.9000000357627869]",0.7375000715255737,0.7956000566482544,0.5489,0.5502,0.5502,0.5502,"[0.842, 0.782, 0.489, 0.656, 0.431, 0.494, 0.321, 0.693, 0.115, 0.679]",average@0.80@label,average,0.8,label,0.0011366516832250063,0.018145126388958675,0.01968065346507852,0.48226868061056266,0.4580981654547051,0.020670722397470066,0.7099002977304378,0.7371591610712648,0.9203444085266042,0.7167385440970813,21,globa_v2,runs_exp2d/seed0/permute/gen_10,runs_ssl/simsiam_e50_seed0/backbone_e9.pth.tar,16.7
7585e4b6,b68a4723,0_1_2_3_4_5_6_7_8_9,0_1_2_3_4_5_6_7_8_9,"[0.7560000419616699, 0.8840000629425049, 0.5840000510215759, 0.597000002861023, 0.6550000309944153, 0.5980000495910645, 0.7930000424385071, 0.784000039100647, 0.8740000128746033, 0.8500000238418579]","[0.7770000100135803, 0.8720000386238098, 0.5760000348091125, 0.5660000443458557, 0.6570000052452087, 0.675000011920929, 0.815000057220459, 0.7710000276565552, 0.8440000414848328, 0.843000054359436]",0.7375000715255737,0.7396000027656555,0.7439,0.7436,0.7436,0.7436,"[0.782, 0.887, 0.585, 0.572, 0.669, 0.633, 0.809, 0.782, 0.869, 0.848]",average@0.80@label,average,0.8,label,0.00018730623141159362,0.00010162653566864642,0.00021466002792113473,0.011863233744417919,0.987632327493701,8.459668795485628e-07,0.986645255151546,0.9904719453552765,1.0000000000000007,0.7195452151424736,21,globa_v2,runs_exp2d/seed0/permute/gen_10,runs_ssl/simsiam_e50_seed0/backbone_e9.pth.tar,16.7
7585e4b6,b894f055,0_1_2_3_4_5_6_7_8_9,0_1_2_3_4_5_6_7_8_9,"[0.7560000419616699, 0.8840000629425049, 0.5840000510215759, 0.597000002861023, 0.6550000309944153, 0.5980000495910645, 0.7930000424385071, 0.784000039100647, 0.8740000128746033, 0.8500000238418579]","[0.8050000667572021, 0.8960000276565552, 0.6540000438690186, 0.5840000510215759, 0.7520000338554382, 0.7490000128746033, 0.8190000653266907, 0.8030000329017639, 0.8940000534057617, 0.8540000319480896]",0.7375000715255737,0.781000018119812,0.7723,0.7724,0.7724,0.7724,"[0.788, 0.908, 0.649, 0.613, 0.714, 0.687, 0.802, 0.8, 0.892, 0.871]",average@0.80@label,average,0.8,label,0.00045210438046273076,0.00019524497893524782,0.00015638900547061438,0.020570299123900702,0.9786231417344271,2.8207768034675075e-06,0.9396995642589749,0.9698904003834675,0.981490510631939,0.7184736586436956,21,globa_v2,runs_exp2d/seed0/permute/gen_10,runs_ssl/simsiam_e50_seed0/backbone_e9.pth.tar,16.8
7585e4b6,dd858a3f,0_1_2_3_4_5_6_7_8_9,0_1_2_3_4_5_6_7_8_9,"[0.7560000419616699, 0.8840000629425049, 0.5840000510215759, 0.597000002861023, 0.6550000309944153, 0.5980000495910645, 0.7930000424385071, 0.784000039100647, 0.8740000128746033, 0.8500000238418579]","[0.7550000548362732, 0.8750000596046448, 0.593000054359436, 0.609000027179718, 0.6460000276565552, 0.6070000529289246, 0.8080000281333923, 0.7850000262260437, 0.8760000467300415, 0.8240000605583191]",0.7375000715255737,0.7378000020980835,0.7415,0.7412,0.7412,0.7412,"[0.765, 0.883, 0.598, 0.605, 0.665, 0.601, 0.803, 0.785, 0.876, 0.831]",average@0.80@label,average,0.8,label,8.947071699334211e-05,5.8912854219069924e-05,6.029971762487168e-06,0.008811126950167296,0.9910343815174733,7.798938442985461e-08,0.9924196894513054,0.9949643614377635,1.0000000000000007,0.7199048983661142,21,globa_v2,runs_exp2d/seed0/permute/gen_10,runs_ssl/simsiam_e50_seed0/backbone_e9.pth.tar,16.6
7c8a7d13,b68a4723,0_1_2_3_4_5_6_7_8_9,0_1_2_3_4_5_6_7_8_9,"[0.8110000491142273, 0.9010000228881836, 0.6840000152587891, 0.6080000400543213, 0.7830000519752502, 0.7010000348091125, 0.8170000314712524, 0.8340000510215759, 0.9170000553131104, 0.9000000357627869]","[0.7770000100135803, 0.8720000386238098, 0.5760000348091125, 0.5660000443458557, 0.6570000052452087, 0.675000011920929, 0.815000057220459, 0.7710000276565552, 0.8440000414848328, 0.843000054359436]",0.7956000566482544,0.7396000027656555,0.5599,0.5628,0.5628,0.5628,"[0.853, 0.788, 0.518, 0.642, 0.472, 0.494, 0.329, 0.682, 0.121, 0.729]",average@0.80@label,average,0.8,label,0.0008968284522978935,0.01553581363597806,0.018615910940843524,0.48943232906889395,0.45667971689109754,0.01883940101088914,0.7098447342768411,0.7364595022295155,0.9203444085266042,0.7169385579505236,21,globa_v2,runs_exp2d/seed0/permute/gen_10,runs_ssl/simsiam_e50_seed0/backbone_e9.pth.tar,16.7
7c8a7d13,b894f055,0_1_2_3_4_5_6_7_8_9,0_1_2_3_4_5_6_7_8_9,"[0.8110000491142273, 0.9010000228881836, 0.6840000152587891, 0.6080000400543213, 0.7830000519752502, 0.7010000348091125, 0.8170000314712524, 0.8340000510215759, 0.9170000553131104, 0.9000000357627869]","[0.8050000667572021, 0.8960000276565552, 0.6540000438690186, 0.5840000510215759, 0.7520000338554382, 0.7490000128746033, 0.8190000653266907, 0.8030000329017639, 0.8940000534057617, 0.8540000319480896]",0.7956000566482544,0.781000018119812,0.5808,0.581,0.581,0.581,"[0.845, 0.79, 0.549, 0.637, 0.476, 0.61, 0.301, 0.677, 0.23, 0.695]",average@0.80@label,average,0.8,label,0.0005081271956152512,0.01373519118557519,0.017980185787547932,0.4802009325929375,0.46684167631099527,0.02073388692732898,0.7097853894364159,0.7369016701728397,0.954376418577007,0.7173018989037593,21,globa_v2,runs_exp2d/seed0/permute/gen_10,runs_ssl/simsiam_e50_seed0/backbone_e9.pth.tar,16.7
7c8a7d13,dd858a3f,0_1_2_3_4_5_6_7_8_9,0_1_2_3_4_5_6_7_8_9,"[0.8110000491142273, 0.9010000228881836, 0.6840000152587891, 0.6080000400543213, 0.7830000519752502, 0.7010000348091125, 0.8170000314712524, 0.8340000510215759, 0.9170000553131104, 0.9000000357627869]","[0.7550000548362732, 0.8750000596046448, 0.593000054359436, 0.609000027179718, 0.6460000276565552, 0.6070000529289246, 0.8080000281333923, 0.7850000262260437, 0.8760000467300415, 0.8240000605583191]",0.7956000566482544,0.7378000020980835,0.5513,0.5523,0.5523,0.5523,"[0.839, 0.796, 0.503, 0.667, 0.43, 0.475, 0.324, 0.675, 0.127, 0.687]",average@0.80@label,average,0.8,label,0.0014674552802710797,0.015353044652091832,0.019365583408453957,0.48337227285500894,0.45939153983392195,0.02105010397025219,0.7100315702062779,0.7368794847368291,0.9203444085266042,0.7167858244184659,21,globa_v2,runs_exp2d/seed0/permute/gen_10,runs_ssl/simsiam_e50_seed0/backbone_e9.pth.tar,16.7
b68a4723,b894f055,0_1_2_3_4_5_6_7_8_9,0_1_2_3_4_5_6_7_8_9,"[0.7770000100135803, 0.8720000386238098, 0.5760000348091125, 0.5660000443458557, 0.6570000052452087, 0.675000011920929, 0.815000057220459, 0.7710000276565552, 0.8440000414848328, 0.843000054359436]","[0.8050000667572021, 0.8960000276565552, 0.6540000438690186, 0.5840000510215759, 0.7520000338554382, 0.7490000128746033, 0.8190000653266907, 0.8030000329017639, 0.8940000534057617, 0.8540000319480896]",0.7396000027656555,0.781000018119812,0.7708,0.7702,0.7702,0.7702,"[0.796, 0.9, 0.631, 0.589, 0.712, 0.715, 0.804, 0.796, 0.885, 0.874]",average@0.80@label,average,0.8,label,0.000327930722202881,0.00020871984880620594,0.0001433123908471437,0.021142064423772842,0.978174804092198,3.168522172865531e-06,0.9396995642589749,0.9706029980673303,0.9809918848427065,0.718802172605293,21,globa_v2,runs_exp2d/seed0/permute/gen_10,runs_ssl/simsiam_e50_seed0/backbone_e9.pth.tar,16.8
b68a4723,dd858a3f,0_1_2_3_4_5_6_7_8_9,0_1_2_3_4_5_6_7_8_9,"[0.7770000100135803, 0.8720000386238098, 0.5760000348091125, 0.5660000443458557, 0.6570000052452087, 0.675000011920929, 0.815000057220459, 0.7710000276565552, 0.8440000414848328, 0.843000054359436]","[0.7550000548362732, 0.8750000596046448, 0.593000054359436, 0.609000027179718, 0.6460000276565552, 0.6070000529289246, 0.8080000281333923, 0.7850000262260437, 0.8760000467300415, 0.8240000605583191]",0.7396000027656555,0.7378000020980835,0.7418,0.7416,0.7416,0.7416,"[0.77, 0.88, 0.578, 0.587, 0.657, 0.65, 0.818, 0.781, 0.86, 0.835]",average@0.80@label,average,0.8,label,2.3318107008534096e-05,0.00017889152759513471,5.4893286832369885e-05,0.011188169884369477,0.9885545273893704,1.9980482408829898e-07,0.9866351764146761,0.9907874974486601,1.0000000000000007,0.7197290779618555,21,globa_v2,runs_exp2d/seed0/permute/gen_10,runs_ssl/simsiam_e50_seed0/backbone_e9.pth.tar,16.7
b894f055,dd858a3f,0_1_2_3_4_5_6_7_8_9,0_1_2_3_4_5_6_7_8_9,"[0.8050000667572021, 0.8960000276565552, 0.6540000438690186, 0.5840000510215759, 0.7520000338554382, 0.7490000128746033, 0.8190000653266907, 0.8030000329017639, 0.8940000534057617, 0.8540000319480896]","[0.7550000548362732, 0.8750000596046448, 0.593000054359436, 0.609000027179718, 0.6460000276565552, 0.6070000529289246, 0.8080000281333923, 0.7850000262260437, 0.8760000467300415, 0.8240000605583191]",0.781000018119812,0.7378000020980835,0.7703,0.7709,0.7709,0.7709,"[0.789, 0.908, 0.634, 0.618, 0.712, 0.686, 0.805, 0.809, 0.889, 0.859]",average@0.80@label,average,0.8,label,0.0003428540478823688,0.00022123551069188306,0.00011262824328005029,0.020301199069647464,0.9790180152020557,4.067926442441255e-06,0.9396995642589754,0.970363436255525,0.9815188892713296,0.7186393697733264,21,globa_v2,runs_exp2d/seed0/permute/gen_10,runs_ssl/simsiam_e50_seed0/backbone_e9.pth.tar,16.8
