seed,shared,recipe,A_on_union,B_on_union,A_on_A,B_on_B,pre,post,E_A,E_B,E_C,E_E,E_D_plus,E_D_minus
0,0,copyA,0.6942833662033081,0.7243833541870117,0.9517333507537842,0.9282000064849854,0.6942833662033081,0.9124667048454285,0.016640773495214412,0.08234015247772863,0.09694887815754313,0.41663272453655426,0.26027364436176376,0.1271638269711957
0,0,avg+avghead,0.6942833662033081,0.7243833541870117,0.9517333507537842,0.9282000064849854,0.9048333168029785,0.9255000352859497,0.016640773495214412,0.08234015247772863,0.09694887815754313,0.41663272453655426,0.26027364436176376,0.1271638269711957
0,0,avg+label,0.6942833662033081,0.7243833541870117,0.9517333507537842,0.9282000064849854,0.916016697883606,0.9320999979972839,0.016640773495214412,0.08234015247772863,0.09694887815754313,0.41663272453655426,0.26027364436176376,0.1271638269711957
0,0,single+label,0.6942833662033081,0.7243833541870117,0.9517333507537842,0.9282000064849854,0.9135500192642212,0.935283362865448,0.016640773495214412,0.08234015247772863,0.09694887815754313,0.41663272453655426,0.26027364436176376,0.1271638269711957
0,0,sum+label,0.6942833662033081,0.7243833541870117,0.9517333507537842,0.9282000064849854,0.8773166537284851,0.9379833340644836,0.016640773495214412,0.08234015247772863,0.09694887815754313,0.41663272453655426,0.26027364436176376,0.1271638269711957
0,1,copyA,0.6784999966621399,0.8507999777793884,0.9517333507537842,0.9362333416938782,0.6784999966621399,0.9213399887084961,0.023162197556329818,0.07225516515856986,0.11032732890007442,0.3861172771848552,0.3015450014084911,0.10659302979167971
0,1,avg+avghead,0.6784999966621399,0.8507999777793884,0.9517333507537842,0.9362333416938782,0.8942199945449829,0.9332199692726135,0.023162197556329818,0.07225516515856986,0.11032732890007442,0.3861172771848552,0.3015450014084911,0.10659302979167971
0,1,avg+label,0.6784999966621399,0.8507999777793884,0.9517333507537842,0.9362333416938782,0.9170999526977539,0.9371199607849121,0.023162197556329818,0.07225516515856986,0.11032732890007442,0.3861172771848552,0.3015450014084911,0.10659302979167971
0,1,single+label,0.6784999966621399,0.8507999777793884,0.9517333507537842,0.9362333416938782,0.9062199592590332,0.9397199749946594,0.023162197556329818,0.07225516515856986,0.11032732890007442,0.3861172771848552,0.3015450014084911,0.10659302979167971
0,1,sum+label,0.6784999966621399,0.8507999777793884,0.9517333507537842,0.9362333416938782,0.8738999962806702,0.9427599906921387,0.023162197556329818,0.07225516515856986,0.11032732890007442,0.3861172771848552,0.3015450014084911,0.10659302979167971
0,2,copyA,0.7643749713897705,0.774899959564209,0.9517333507537842,0.9442333579063416,0.7643749713897705,0.9372749924659729,0.008069657252619416,0.04523808286183822,0.08768515470666756,0.34265270240868095,0.41861911601743174,0.09773528675276204
0,2,avg+avghead,0.7643749713897705,0.774899959564209,0.9517333507537842,0.9442333579063416,0.9041749835014343,0.9365249872207642,0.008069657252619416,0.04523808286183822,0.08768515470666756,0.34265270240868095,0.41861911601743174,0.09773528675276204
0,2,avg+label,0.7643749713897705,0.774899959564209,0.9517333507537842,0.9442333579063416,0.9110749959945679,0.9404249787330627,0.008069657252619416,0.04523808286183822,0.08768515470666756,0.34265270240868095,0.41861911601743174,0.09773528675276204
0,2,single+label,0.7643749713897705,0.774899959564209,0.9517333507537842,0.9442333579063416,0.9181249737739563,0.9430249929428101,0.008069657252619416,0.04523808286183822,0.08768515470666756,0.34265270240868095,0.41861911601743174,0.09773528675276204
0,2,sum+label,0.7643749713897705,0.774899959564209,0.9517333507537842,0.9442333579063416,0.8991999626159668,0.9465749859809875,0.008069657252619416,0.04523808286183822,0.08768515470666756,0.34265270240868095,0.41861911601743174,0.09773528675276204
0,3,copyA,0.9517333507537842,0.9509000182151794,0.9517333507537842,0.9509000182151794,0.9517333507537842,0.9555667042732239,0.0013992371175631168,0.01038064436749612,0.016008985667474305,0.3544574162545667,0.5122702765601201,0.10548344003277971
0,3,avg+avghead,0.9517333507537842,0.9509000182151794,0.9517333507537842,0.9509000182151794,0.9473333358764648,0.9500333666801453,0.0013992371175631168,0.01038064436749612,0.016008985667474305,0.3544574162545667,0.5122702765601201,0.10548344003277971
0,3,avg+label,0.9517333507537842,0.9509000182151794,0.9517333507537842,0.9509000182151794,0.9473333358764648,0.9500333666801453,0.0013992371175631168,0.01038064436749612,0.016008985667474305,0.3544574162545667,0.5122702765601201,0.10548344003277971
0,3,single+label,0.9517333507537842,0.9509000182151794,0.9517333507537842,0.9509000182151794,0.9306333661079407,0.9563000202178955,0.0013992371175631168,0.01038064436749612,0.016008985667474305,0.3544574162545667,0.5122702765601201,0.10548344003277971
0,3,sum+label,0.9517333507537842,0.9509000182151794,0.9517333507537842,0.9509000182151794,0.9258666634559631,0.9556333422660828,0.0013992371175631168,0.01038064436749612,0.016008985667474305,0.3544574162545667,0.5122702765601201,0.10548344003277971
1,0,copyA,0.7372166514396667,0.6475499868392944,0.957800030708313,0.9321666955947876,0.7372166514396667,0.9114333391189575,0.032893665669487857,0.10034435153620756,0.13869014152135611,0.4045456407542841,0.23438364369337772,0.08914255682528643
1,0,avg+avghead,0.7372166514396667,0.6475499868392944,0.957800030708313,0.9321666955947876,0.905750036239624,0.9287166595458984,0.032893665669487857,0.10034435153620756,0.13869014152135611,0.4045456407542841,0.23438364369337772,0.08914255682528643
1,0,avg+label,0.7372166514396667,0.6475499868392944,0.957800030708313,0.9321666955947876,0.9231500029563904,0.9359666705131531,0.032893665669487857,0.10034435153620756,0.13869014152135611,0.4045456407542841,0.23438364369337772,0.08914255682528643
1,0,single+label,0.7372166514396667,0.6475499868392944,0.957800030708313,0.9321666955947876,0.912683367729187,0.9373500347137451,0.032893665669487857,0.10034435153620756,0.13869014152135611,0.4045456407542841,0.23438364369337772,0.08914255682528643
1,0,sum+label,0.7372166514396667,0.6475499868392944,0.957800030708313,0.9321666955947876,0.8973333239555359,0.9386000037193298,0.032893665669487857,0.10034435153620756,0.13869014152135611,0.4045456407542841,0.23438364369337772,0.08914255682528643
1,1,copyA,0.7488799691200256,0.8559799790382385,0.957800030708313,0.9331333637237549,0.7488799691200256,0.9203799962997437,0.03280546283925023,0.08493967745754578,0.15325035466086437,0.35170838654351083,0.2803360025260202,0.0969601159728087
1,1,avg+avghead,0.7488799691200256,0.8559799790382385,0.957800030708313,0.9331333637237549,0.9158399701118469,0.9329800009727478,0.03280546283925023,0.08493967745754578,0.15325035466086437,0.35170838654351083,0.2803360025260202,0.0969601159728087
1,1,avg+label,0.7488799691200256,0.8559799790382385,0.957800030708313,0.9331333637237549,0.9193999767303467,0.9325399994850159,0.03280546283925023,0.08493967745754578,0.15325035466086437,0.35170838654351083,0.2803360025260202,0.0969601159728087
1,1,single+label,0.7488799691200256,0.8559799790382385,0.957800030708313,0.9331333637237549,0.9107399582862854,0.9396599531173706,0.03280546283925023,0.08493967745754578,0.15325035466086437,0.35170838654351083,0.2803360025260202,0.0969601159728087
1,1,sum+label,0.7488799691200256,0.8559799790382385,0.957800030708313,0.9331333637237549,0.9058399796485901,0.9406399726867676,0.03280546283925023,0.08493967745754578,0.15325035466086437,0.35170838654351083,0.2803360025260202,0.0969601159728087
1,2,copyA,0.8089249730110168,0.8414499759674072,0.957800030708313,0.9475666880607605,0.8089249730110168,0.9368999600410461,0.01493483479796574,0.06031587075205137,0.10591952643649122,0.33258681769818244,0.3894390100642211,0.09680394025108797
1,2,avg+avghead,0.8089249730110168,0.8414499759674072,0.957800030708313,0.9475666880607605,0.9347749948501587,0.9373250007629395,0.01493483479796574,0.06031587075205137,0.10591952643649122,0.33258681769818244,0.3894390100642211,0.09680394025108797
1,2,avg+label,0.8089249730110168,0.8414499759674072,0.957800030708313,0.9475666880607605,0.9337499737739563,0.9406249523162842,0.01493483479796574,0.06031587075205137,0.10591952643649122,0.33258681769818244,0.3894390100642211,0.09680394025108797
1,2,single+label,0.8089249730110168,0.8414499759674072,0.957800030708313,0.9475666880607605,0.9251749515533447,0.9469999670982361,0.01493483479796574,0.06031587075205137,0.10591952643649122,0.33258681769818244,0.3894390100642211,0.09680394025108797
1,2,sum+label,0.8089249730110168,0.8414499759674072,0.957800030708313,0.9475666880607605,0.8839249610900879,0.9488999843597412,0.01493483479796574,0.06031587075205137,0.10591952643649122,0.33258681769818244,0.3894390100642211,0.09680394025108797
1,3,copyA,0.957800030708313,0.9478999972343445,0.957800030708313,0.9478999972343445,0.957800030708313,0.9570333361625671,0.0024834589243296376,0.01634876687534485,0.043743457650134474,0.29842158812425124,0.5348091829272211,0.10419354549871856
1,3,avg+avghead,0.957800030708313,0.9478999972343445,0.957800030708313,0.9478999972343445,0.9490333199501038,0.9542666673660278,0.0024834589243296376,0.01634876687534485,0.043743457650134474,0.29842158812425124,0.5348091829272211,0.10419354549871856
1,3,avg+label,0.957800030708313,0.9478999972343445,0.957800030708313,0.9478999972343445,0.9490333199501038,0.9542666673660278,0.0024834589243296376,0.01634876687534485,0.043743457650134474,0.29842158812425124,0.5348091829272211,0.10419354549871856
1,3,single+label,0.957800030708313,0.9478999972343445,0.957800030708313,0.9478999972343445,0.9417666792869568,0.9523000121116638,0.0024834589243296376,0.01634876687534485,0.043743457650134474,0.29842158812425124,0.5348091829272211,0.10419354549871856
1,3,sum+label,0.957800030708313,0.9478999972343445,0.957800030708313,0.9478999972343445,0.9256333708763123,0.9545000195503235,0.0024834589243296376,0.01634876687534485,0.043743457650134474,0.29842158812425124,0.5348091829272211,0.10419354549871856
2,0,copyA,0.7293000221252441,0.6906833648681641,0.9554333686828613,0.9293333292007446,0.7293000221252441,0.9140999913215637,0.028954952364551787,0.10441685480640622,0.07819584350989137,0.4173162957995818,0.26469934705491,0.106416706464659
2,0,avg+avghead,0.7293000221252441,0.6906833648681641,0.9554333686828613,0.9293333292007446,0.9139166474342346,0.9281499981880188,0.028954952364551787,0.10441685480640622,0.07819584350989137,0.4173162957995818,0.26469934705491,0.106416706464659
2,0,avg+label,0.7293000221252441,0.6906833648681641,0.9554333686828613,0.9293333292007446,0.9220166802406311,0.9327666759490967,0.028954952364551787,0.10441685480640622,0.07819584350989137,0.4173162957995818,0.26469934705491,0.106416706464659
2,0,single+label,0.7293000221252441,0.6906833648681641,0.9554333686828613,0.9293333292007446,0.9178833365440369,0.9345999956130981,0.028954952364551787,0.10441685480640622,0.07819584350989137,0.4173162957995818,0.26469934705491,0.106416706464659
2,0,sum+label,0.7293000221252441,0.6906833648681641,0.9554333686828613,0.9293333292007446,0.891616702079773,0.9367166757583618,0.028954952364551787,0.10441685480640622,0.07819584350989137,0.4173162957995818,0.26469934705491,0.106416706464659
2,1,copyA,0.796999990940094,0.8144999742507935,0.9554333686828613,0.9280333518981934,0.796999990940094,0.9238799810409546,0.011843859141908806,0.07194519301155258,0.09110539022147618,0.42568993606594413,0.29885404448749137,0.10056157707162697
2,1,avg+avghead,0.796999990940094,0.8144999742507935,0.9554333686828613,0.9280333518981934,0.9010199904441833,0.9314000010490417,0.011843859141908806,0.07194519301155258,0.09110539022147618,0.42568993606594413,0.29885404448749137,0.10056157707162697
2,1,avg+label,0.796999990940094,0.8144999742507935,0.9554333686828613,0.9280333518981934,0.9267599582672119,0.9350399971008301,0.011843859141908806,0.07194519301155258,0.09110539022147618,0.42568993606594413,0.29885404448749137,0.10056157707162697
2,1,single+label,0.796999990940094,0.8144999742507935,0.9554333686828613,0.9280333518981934,0.9171800017356873,0.9357199668884277,0.011843859141908806,0.07194519301155258,0.09110539022147618,0.42568993606594413,0.29885404448749137,0.10056157707162697
2,1,sum+label,0.796999990940094,0.8144999742507935,0.9554333686828613,0.9280333518981934,0.9099999666213989,0.9371199607849121,0.011843859141908806,0.07194519301155258,0.09110539022147618,0.42568993606594413,0.29885404448749137,0.10056157707162697
2,2,copyA,0.8155249953269958,0.8483249545097351,0.9554333686828613,0.947433352470398,0.8155249953269958,0.941474974155426,0.004316212197051248,0.031193110304860015,0.040144744980096306,0.3859133089510357,0.4264912959124443,0.1119413276545124
2,2,avg+avghead,0.8155249953269958,0.8483249545097351,0.9554333686828613,0.947433352470398,0.9384999871253967,0.9421749711036682,0.004316212197051248,0.031193110304860015,0.040144744980096306,0.3859133089510357,0.4264912959124443,0.1119413276545124
2,2,avg+label,0.8155249953269958,0.8483249545097351,0.9554333686828613,0.947433352470398,0.9371999502182007,0.9459499716758728,0.004316212197051248,0.031193110304860015,0.040144744980096306,0.3859133089510357,0.4264912959124443,0.1119413276545124
2,2,single+label,0.8155249953269958,0.8483249545097351,0.9554333686828613,0.947433352470398,0.9256749749183655,0.9483749866485596,0.004316212197051248,0.031193110304860015,0.040144744980096306,0.3859133089510357,0.4264912959124443,0.1119413276545124
2,2,sum+label,0.8155249953269958,0.8483249545097351,0.9554333686828613,0.947433352470398,0.9143249988555908,0.9483000040054321,0.004316212197051248,0.031193110304860015,0.040144744980096306,0.3859133089510357,0.4264912959124443,0.1119413276545124
2,3,copyA,0.9554333686828613,0.9557000398635864,0.9554333686828613,0.9557000398635864,0.9554333686828613,0.9554666876792908,0.0007959005861954427,0.00859639075298307,0.011714338785280751,0.35317126988701303,0.5009900686857849,0.12473203130274273
2,3,avg+avghead,0.9554333686828613,0.9557000398635864,0.9554333686828613,0.9557000398635864,0.9470333456993103,0.9541333317756653,0.0007959005861954427,0.00859639075298307,0.011714338785280751,0.35317126988701303,0.5009900686857849,0.12473203130274273
2,3,avg+label,0.9554333686828613,0.9557000398635864,0.9554333686828613,0.9557000398635864,0.9470333456993103,0.9541333317756653,0.0007959005861954427,0.00859639075298307,0.011714338785280751,0.35317126988701303,0.5009900686857849,0.12473203130274273
2,3,single+label,0.9554333686828613,0.9557000398635864,0.9554333686828613,0.9557000398635864,0.9463000297546387,0.9523000121116638,0.0007959005861954427,0.00859639075298307,0.011714338785280751,0.35317126988701303,0.5009900686857849,0.12473203130274273
2,3,sum+label,0.9554333686828613,0.9557000398635864,0.9554333686828613,0.9557000398635864,0.9392666816711426,0.9563666582107544,0.0007959005861954427,0.00859639075298307,0.011714338785280751,0.35317126988701303,0.5009900686857849,0.12473203130274273
3,0,copyA,0.6837500333786011,0.689383327960968,0.9569000005722046,0.9349333643913269,0.6837500333786011,0.9125666618347168,0.029766814517127874,0.09769935038181159,0.11760999900426101,0.3906621405727089,0.24999569918482403,0.11426599633926647
3,0,avg+avghead,0.6837500333786011,0.689383327960968,0.9569000005722046,0.9349333643913269,0.8753333687782288,0.9277999997138977,0.029766814517127874,0.09769935038181159,0.11760999900426101,0.3906621405727089,0.24999569918482403,0.11426599633926647
3,0,avg+label,0.6837500333786011,0.689383327960968,0.9569000005722046,0.9349333643913269,0.9138833284378052,0.9336166977882385,0.029766814517127874,0.09769935038181159,0.11760999900426101,0.3906621405727089,0.24999569918482403,0.11426599633926647
3,0,single+label,0.6837500333786011,0.689383327960968,0.9569000005722046,0.9349333643913269,0.9181333184242249,0.9365500211715698,0.029766814517127874,0.09769935038181159,0.11760999900426101,0.3906621405727089,0.24999569918482403,0.11426599633926647
3,0,sum+label,0.6837500333786011,0.689383327960968,0.9569000005722046,0.9349333643913269,0.8376333713531494,0.9377999901771545,0.029766814517127874,0.09769935038181159,0.11760999900426101,0.3906621405727089,0.24999569918482403,0.11426599633926647
3,1,copyA,0.7573999762535095,0.6564599871635437,0.9569000005722046,0.9366999864578247,0.7573999762535095,0.9253000020980835,0.013275992969377438,0.06379419275945013,0.0832354440551292,0.42750031705136077,0.29132875417930293,0.12086529898537947
3,1,avg+avghead,0.7573999762535095,0.6564599871635437,0.9569000005722046,0.9366999864578247,0.8928399682044983,0.9317999482154846,0.013275992969377438,0.06379419275945013,0.0832354440551292,0.42750031705136077,0.29132875417930293,0.12086529898537947
3,1,avg+label,0.7573999762535095,0.6564599871635437,0.9569000005722046,0.9366999864578247,0.9174599647521973,0.9362399578094482,0.013275992969377438,0.06379419275945013,0.0832354440551292,0.42750031705136077,0.29132875417930293,0.12086529898537947
3,1,single+label,0.7573999762535095,0.6564599871635437,0.9569000005722046,0.9366999864578247,0.9062199592590332,0.9385599493980408,0.013275992969377438,0.06379419275945013,0.0832354440551292,0.42750031705136077,0.29132875417930293,0.12086529898537947
3,1,sum+label,0.7573999762535095,0.6564599871635437,0.9569000005722046,0.9366999864578247,0.8676599860191345,0.941819965839386,0.013275992969377438,0.06379419275945013,0.0832354440551292,0.42750031705136077,0.29132875417930293,0.12086529898537947
3,2,copyA,0.7982499599456787,0.9069499969482422,0.9569000005722046,0.9465000033378601,0.7982499599456787,0.9391749501228333,0.0034853181406296193,0.04768544185265287,0.03748001457767927,0.40855758491168415,0.39392053577201736,0.10887110474533677
3,2,avg+avghead,0.7982499599456787,0.9069499969482422,0.9569000005722046,0.9465000033378601,0.9235000014305115,0.9407749772071838,0.0034853181406296193,0.04768544185265287,0.03748001457767927,0.40855758491168415,0.39392053577201736,0.10887110474533677
3,2,avg+label,0.7982499599456787,0.9069499969482422,0.9569000005722046,0.9465000033378601,0.9418249726295471,0.9437999725341797,0.0034853181406296193,0.04768544185265287,0.03748001457767927,0.40855758491168415,0.39392053577201736,0.10887110474533677
3,2,single+label,0.7982499599456787,0.9069499969482422,0.9569000005722046,0.9465000033378601,0.9327249526977539,0.9453749656677246,0.0034853181406296193,0.04768544185265287,0.03748001457767927,0.40855758491168415,0.39392053577201736,0.10887110474533677
3,2,sum+label,0.7982499599456787,0.9069499969482422,0.9569000005722046,0.9465000033378601,0.8789999485015869,0.9479999542236328,0.0034853181406296193,0.04768544185265287,0.03748001457767927,0.40855758491168415,0.39392053577201736,0.10887110474533677
3,3,copyA,0.9569000005722046,0.9581000208854675,0.9569000005722046,0.9581000208854675,0.9569000005722046,0.9585000276565552,0.003981544439219723,0.0168405272372171,0.027283650768182777,0.3386281524143144,0.5013969621617722,0.11186916297929372
3,3,avg+avghead,0.9569000005722046,0.9581000208854675,0.9569000005722046,0.9581000208854675,0.9503999948501587,0.9541333317756653,0.003981544439219723,0.0168405272372171,0.027283650768182777,0.3386281524143144,0.5013969621617722,0.11186916297929372
3,3,avg+label,0.9569000005722046,0.9581000208854675,0.9569000005722046,0.9581000208854675,0.9503999948501587,0.9541333317756653,0.003981544439219723,0.0168405272372171,0.027283650768182777,0.3386281524143144,0.5013969621617722,0.11186916297929372
3,3,single+label,0.9569000005722046,0.9581000208854675,0.9569000005722046,0.9581000208854675,0.9510666728019714,0.9569000005722046,0.003981544439219723,0.0168405272372171,0.027283650768182777,0.3386281524143144,0.5013969621617722,0.11186916297929372
3,3,sum+label,0.9569000005722046,0.9581000208854675,0.9569000005722046,0.9581000208854675,0.9386333227157593,0.95660001039505,0.003981544439219723,0.0168405272372171,0.027283650768182777,0.3386281524143144,0.5013969621617722,0.11186916297929372
4,0,copyA,0.7960500121116638,0.7127000093460083,0.953000009059906,0.9330999851226807,0.7960500121116638,0.9151333570480347,0.008688906438566851,0.055873325473963786,0.06883772948429023,0.47067195799485245,0.2796949052876355,0.11623317532069129
4,0,avg+avghead,0.7960500121116638,0.7127000093460083,0.953000009059906,0.9330999851226807,0.9030333161354065,0.9258666634559631,0.008688906438566851,0.055873325473963786,0.06883772948429023,0.47067195799485245,0.2796949052876355,0.11623317532069129
4,0,avg+label,0.7960500121116638,0.7127000093460083,0.953000009059906,0.9330999851226807,0.9142000079154968,0.9313499927520752,0.008688906438566851,0.055873325473963786,0.06883772948429023,0.47067195799485245,0.2796949052876355,0.11623317532069129
4,0,single+label,0.7960500121116638,0.7127000093460083,0.953000009059906,0.9330999851226807,0.901116669178009,0.9367499947547913,0.008688906438566851,0.055873325473963786,0.06883772948429023,0.47067195799485245,0.2796949052876355,0.11623317532069129
4,0,sum+label,0.7960500121116638,0.7127000093460083,0.953000009059906,0.9330999851226807,0.8172500133514404,0.9354333281517029,0.008688906438566851,0.055873325473963786,0.06883772948429023,0.47067195799485245,0.2796949052876355,0.11623317532069129
4,1,copyA,0.7974599599838257,0.7128399610519409,0.953000009059906,0.9335333704948425,0.7974599599838257,0.9197999835014343,0.011503148282103762,0.06152168135754538,0.09735301037020017,0.40681554011030063,0.3058619359885148,0.11694468389133528
4,1,avg+avghead,0.7974599599838257,0.7128399610519409,0.953000009059906,0.9335333704948425,0.9157199859619141,0.9305199980735779,0.011503148282103762,0.06152168135754538,0.09735301037020017,0.40681554011030063,0.3058619359885148,0.11694468389133528
4,1,avg+label,0.7974599599838257,0.7128399610519409,0.953000009059906,0.9335333704948425,0.9186999797821045,0.9335599541664124,0.011503148282103762,0.06152168135754538,0.09735301037020017,0.40681554011030063,0.3058619359885148,0.11694468389133528
4,1,single+label,0.7974599599838257,0.7128399610519409,0.953000009059906,0.9335333704948425,0.9120799899101257,0.9378999471664429,0.011503148282103762,0.06152168135754538,0.09735301037020017,0.40681554011030063,0.3058619359885148,0.11694468389133528
4,1,sum+label,0.7974599599838257,0.7128399610519409,0.953000009059906,0.9335333704948425,0.8455199599266052,0.9380599856376648,0.011503148282103762,0.06152168135754538,0.09735301037020017,0.40681554011030063,0.3058619359885148,0.11694468389133528
4,2,copyA,0.9020249843597412,0.8568249940872192,0.953000009059906,0.9447667002677917,0.9020249843597412,0.9364749789237976,0.0034471540328172693,0.012976025199077649,0.02452899204372408,0.42129570507586656,0.40137405185512937,0.13637807179338501
4,2,avg+avghead,0.9020249843597412,0.8568249940872192,0.953000009059906,0.9447667002677917,0.9332999587059021,0.9291999936103821,0.0034471540328172693,0.012976025199077649,0.02452899204372408,0.42129570507586656,0.40137405185512937,0.13637807179338501
4,2,avg+label,0.9020249843597412,0.8568249940872192,0.953000009059906,0.9447667002677917,0.9405249953269958,0.9401499629020691,0.0034471540328172693,0.012976025199077649,0.02452899204372408,0.42129570507586656,0.40137405185512937,0.13637807179338501
4,2,single+label,0.9020249843597412,0.8568249940872192,0.953000009059906,0.9447667002677917,0.9317499995231628,0.9451499581336975,0.0034471540328172693,0.012976025199077649,0.02452899204372408,0.42129570507586656,0.40137405185512937,0.13637807179338501
4,2,sum+label,0.9020249843597412,0.8568249940872192,0.953000009059906,0.9447667002677917,0.9068250060081482,0.9469249844551086,0.0034471540328172693,0.012976025199077649,0.02452899204372408,0.42129570507586656,0.40137405185512937,0.13637807179338501
4,3,copyA,0.953000009059906,0.954633355140686,0.953000009059906,0.954633355140686,0.953000009059906,0.9564666748046875,0.0007017951626835386,0.004078045374392367,0.0030639869547856658,0.3442382841292042,0.5292392523113483,0.11867863606758587
4,3,avg+avghead,0.953000009059906,0.954633355140686,0.953000009059906,0.954633355140686,0.954200029373169,0.9509333372116089,0.0007017951626835386,0.004078045374392367,0.0030639869547856658,0.3442382841292042,0.5292392523113483,0.11867863606758587
4,3,avg+label,0.953000009059906,0.954633355140686,0.953000009059906,0.954633355140686,0.954200029373169,0.9509333372116089,0.0007017951626835386,0.004078045374392367,0.0030639869547856658,0.3442382841292042,0.5292392523113483,0.11867863606758587
4,3,single+label,0.953000009059906,0.954633355140686,0.953000009059906,0.954633355140686,0.9492999911308289,0.9556000232696533,0.0007017951626835386,0.004078045374392367,0.0030639869547856658,0.3442382841292042,0.5292392523113483,0.11867863606758587
4,3,sum+label,0.953000009059906,0.954633355140686,0.953000009059906,0.954633355140686,0.9391000270843506,0.955133318901062,0.0007017951626835386,0.004078045374392367,0.0030639869547856658,0.3442382841292042,0.5292392523113483,0.11867863606758587
